ticker,snapshot_date,market_cap_usd,source,vendor_market_cap,official_market_cap,overlap_rel_diff
ACIW,2020-03-31,,UNRESOLVED,,,
ACIW,2020-06-30,,UNRESOLVED,,,
ACIW,2020-09-30,,UNRESOLVED,,,
ACIW,2020-12-31,,UNRESOLVED,,,
ACIW,2021-03-31,,UNRESOLVED,,,
ACIW,2021-06-30,,UNRESOLVED,,,
ACIW,2021-09-30,3168000000.0,EULERPOOL_OFFICIAL_MCAP_5Y,,3168000000.0,
ACIW,2021-12-31,3577000000.0,EULERPOOL_OFFICIAL_MCAP_5Y,,3577000000.0,
ACIW,2022-03-31,3246000000.0,EULERPOOL_OFFICIAL_MCAP_5Y,,3246000000.0,
ACIW,2022-06-30,2669000000.0,EULERPOOL_OFFICIAL_MCAP_5Y,,2669000000.0,
ACIW,2022-09-30,2155000000.0,EULERPOOL_OFFICIAL_MCAP_5Y,,2155000000.0,
ACIW,2022-12-30,2371000000.0,EULERPOOL_OFFICIAL_MCAP_5Y,,2371000000.0,
AGIO,2020-03-31,,UNRESOLVED,,,
AGIO,2020-06-30,,UNRESOLVED,,,
AGIO,2020-09-30,,UNRESOLVED,,,
AGIO,2020-12-31,,UNRESOLVED,,,
AGIO,2021-03-31,,UNRESOLVED,,,
AGIO,2021-06-30,,UNRESOLVED,,,
AGIO,2021-09-30,2691000000.0,EULERPOOL_OFFICIAL_MCAP_5Y,,2691000000.0,
AGIO,2021-12-31,1917000000.0,EULERPOOL_OFFICIAL_MCAP_5Y,,1917000000.0,
AGIO,2022-03-31,1697000000.0,EULERPOOL_OFFICIAL_MCAP_5Y,,1697000000.0,
AGIO,2022-06-30,1293000000.0,EULERPOOL_OFFICIAL_MCAP_5Y,,1293000000.0,
AGIO,2022-09-30,1649000000.0,EULERPOOL_OFFICIAL_MCAP_5Y,,1649000000.0,
AGIO,2022-12-30,1637000000.0,EULERPOOL_OFFICIAL_MCAP_5Y,,1637000000.0,
ADT,2020-03-31,,UNRESOLVED,,,
ADT,2020-06-30,,UNRESOLVED,,,
ADT,2020-09-30,,UNRESOLVED,,,
ADT,2020-12-31,,UNRESOLVED,,,
ADT,2021-03-31,,UNRESOLVED,,,
ADT,2021-06-30,,UNRESOLVED,,,
ADT,2021-09-30,6632000000.0,EULERPOOL_OFFICIAL_MCAP_5Y,,6632000000.0,
ADT,2021-12-31,6894000000.0,EULERPOOL_OFFICIAL_MCAP_5Y,,6894000000.0,
ADT,2022-03-31,6222000000.0,EULERPOOL_OFFICIAL_MCAP_5Y,,6222000000.0,
ADT,2022-06-30,5042000000.0,EULERPOOL_OFFICIAL_MCAP_5Y,,5042000000.0,
ADT,2022-09-30,6140000000.0,EULERPOOL_OFFICIAL_MCAP_5Y,,6140000000.0,
ADT,2022-12-30,7435000000.0,EULERPOOL_OFFICIAL_MCAP_5Y,,7435000000.0,
AEP,2020-03-31,39718779822.0,EULERPOOL_VENDOR_MCAP_HISTORY,39718779822.0,,
AEP,2020-06-30,39607998320.0,EULERPOOL_VENDOR_MCAP_HISTORY,39607998320.0,,
AEP,2020-09-30,40657283205.0,EULERPOOL_VENDOR_MCAP_HISTORY,40657283205.0,,
AEP,2020-12-31,41482132934.0,EULERPOOL_VENDOR_MCAP_HISTORY,41482132934.0,,
AEP,2021-03-31,42194507740.0,EULERPOOL_VENDOR_MCAP_HISTORY,42194507740.0,,
AEP,2021-06-30,42378219642.0,EULERPOOL_VENDOR_MCAP_HISTORY,42378219642.0,,
AEP,2021-09-30,40801620024.0,EULERPOOL_VENDOR_MCAP_HISTORY,40801620024.0,43357000000.0,0.058938117858707936
AEP,2021-12-31,44716926996.0,EULERPOOL_VENDOR_MCAP_HISTORY,44716926996.0,47518000000.0,0.05894761993349888
AEP,2022-03-31,50649088545.0,EULERPOOL_VENDOR_MCAP_HISTORY,50649088545.0,53286000000.0,0.04948600861389483
AEP,2022-06-30,49424661468.0,EULERPOOL_VENDOR_MCAP_HISTORY,49424661468.0,51241000000.0,0.035446976678831406
AEP,2022-09-30,44549068200.0,EULERPOOL_VENDOR_MCAP_HISTORY,44549068200.0,46172000000.0,0.03514969678593087
AEP,2022-12-30,48929254200.0,EULERPOOL_VENDOR_MCAP_HISTORY,48929254200.0,50712000000.0,0.03515431850449598
AA,2020-03-31,,UNRESOLVED,,,
AA,2020-06-30,,UNRESOLVED,,,
AA,2020-09-30,,UNRESOLVED,,,
AA,2020-12-31,,UNRESOLVED,,,
AA,2021-03-31,,UNRESOLVED,,,
AA,2021-06-30,,UNRESOLVED,,,
AA,2021-09-30,12783000000.0,EULERPOOL_OFFICIAL_MCAP_5Y,,12783000000.0,
AA,2021-12-31,15562000000.0,EULERPOOL_OFFICIAL_MCAP_5Y,,15562000000.0,
AA,2022-03-31,23516000000.0,EULERPOOL_OFFICIAL_MCAP_5Y,,23516000000.0,
AA,2022-06-30,11906000000.0,EULERPOOL_OFFICIAL_MCAP_5Y,,11906000000.0,
AA,2022-09-30,8792000000.0,EULERPOOL_OFFICIAL_MCAP_5Y,,8792000000.0,
AA,2022-12-30,11877000000.0,EULERPOOL_OFFICIAL_MCAP_5Y,,11877000000.0,
ABG,2020-03-31,,UNRESOLVED,,,
ABG,2020-06-30,,UNRESOLVED,,,
ABG,2020-09-30,,UNRESOLVED,,,
ABG,2020-12-31,,UNRESOLVED,,,
ABG,2021-03-31,,UNRESOLVED,,,
ABG,2021-06-30,,UNRESOLVED,,,
ABG,2021-09-30,3856000000.0,EULERPOOL_OFFICIAL_MCAP_5Y,,3856000000.0,
ABG,2021-12-31,3386000000.0,EULERPOOL_OFFICIAL_MCAP_5Y,,3386000000.0,
ABG,2022-03-31,3140000000.0,EULERPOOL_OFFICIAL_MCAP_5Y,,3140000000.0,
ABG,2022-06-30,3319000000.0,EULERPOOL_OFFICIAL_MCAP_5Y,,3319000000.0,
ABG,2022-09-30,2962000000.0,EULERPOOL_OFFICIAL_MCAP_5Y,,2962000000.0,
ABG,2022-12-30,3513000000.0,EULERPOOL_OFFICIAL_MCAP_5Y,,3513000000.0,
AIR,2020-03-31,,UNRESOLVED,,,
AIR,2020-06-30,,UNRESOLVED,,,
AIR,2020-09-30,,UNRESOLVED,,,
AIR,2020-12-31,,UNRESOLVED,,,
AIR,2021-03-31,,UNRESOLVED,,,
AIR,2021-06-30,,UNRESOLVED,,,
AIR,2021-09-30,1161000000.0,EULERPOOL_OFFICIAL_MCAP_5Y,,1161000000.0,
AIR,2021-12-31,1397000000.0,EULERPOOL_OFFICIAL_MCAP_5Y,,1397000000.0,
AIR,2022-03-31,1734000000.0,EULERPOOL_OFFICIAL_MCAP_5Y,,1734000000.0,
AIR,2022-06-30,1498000000.0,EULERPOOL_OFFICIAL_MCAP_5Y,,1498000000.0,
AIR,2022-09-30,1282000000.0,EULERPOOL_OFFICIAL_MCAP_5Y,,1282000000.0,
AIR,2022-12-30,1607000000.0,EULERPOOL_OFFICIAL_MCAP_5Y,,1607000000.0,
ALEC,2020-03-31,,UNRESOLVED,,,
ALEC,2020-06-30,,UNRESOLVED,,,
ALEC,2020-09-30,,UNRESOLVED,,,
ALEC,2020-12-31,,UNRESOLVED,,,
ALEC,2021-03-31,,UNRESOLVED,,,
ALEC,2021-06-30,,UNRESOLVED,,,
ALEC,2021-09-30,2491000000.0,EULERPOOL_OFFICIAL_MCAP_5Y,,2491000000.0,
ALEC,2021-12-31,2254000000.0,EULERPOOL_OFFICIAL_MCAP_5Y,,2254000000.0,
ALEC,2022-03-31,1555000000.0,EULERPOOL_OFFICIAL_MCAP_5Y,,1555000000.0,
ALEC,2022-06-30,1109000000.0,EULERPOOL_OFFICIAL_MCAP_5Y,,1109000000.0,
ALEC,2022-09-30,1033000000.0,EULERPOOL_OFFICIAL_MCAP_5Y,,1033000000.0,
ALEC,2022-12-30,1007000000.0,EULERPOOL_OFFICIAL_MCAP_5Y,,1007000000.0,
AHCO,2020-03-31,,UNRESOLVED,,,
AHCO,2020-06-30,,UNRESOLVED,,,
AHCO,2020-09-30,,UNRESOLVED,,,
AHCO,2020-12-31,,UNRESOLVED,,,
AHCO,2021-03-31,,UNRESOLVED,,,
AHCO,2021-06-30,,UNRESOLVED,,,
AHCO,2021-09-30,3148000000.0,EULERPOOL_OFFICIAL_MCAP_5Y,,3148000000.0,
AHCO,2021-12-31,3306000000.0,EULERPOOL_OFFICIAL_MCAP_5Y,,3306000000.0,
AHCO,2022-03-31,2166000000.0,EULERPOOL_OFFICIAL_MCAP_5Y,,2166000000.0,
AHCO,2022-06-30,2438000000.0,EULERPOOL_OFFICIAL_MCAP_5Y,,2438000000.0,
AHCO,2022-09-30,2538000000.0,EULERPOOL_OFFICIAL_MCAP_5Y,,2538000000.0,
AHCO,2022-12-30,2598000000.0,EULERPOOL_OFFICIAL_MCAP_5Y,,2598000000.0,
ALE,2020-03-31,,UNRESOLVED,,,
ALE,2020-06-30,,UNRESOLVED,,,
ALE,2020-09-30,,UNRESOLVED,,,
ALE,2020-12-31,,UNRESOLVED,,,
ALE,2021-03-31,,UNRESOLVED,,,
ALE,2021-06-30,,UNRESOLVED,,,
ALE,2021-09-30,3440000000.0,EULERPOOL_OFFICIAL_MCAP_5Y,,3440000000.0,
ALE,2021-12-31,3835000000.0,EULERPOOL_OFFICIAL_MCAP_5Y,,3835000000.0,
ALE,2022-03-31,3871000000.0,EULERPOOL_OFFICIAL_MCAP_5Y,,3871000000.0,
ALE,2022-06-30,3397000000.0,EULERPOOL_OFFICIAL_MCAP_5Y,,3397000000.0,
ALE,2022-09-30,2893000000.0,EULERPOOL_OFFICIAL_MCAP_5Y,,2893000000.0,
ALE,2022-12-30,3729000000.0,EULERPOOL_OFFICIAL_MCAP_5Y,,3729000000.0,
ALG,2020-03-31,,UNRESOLVED,,,
ALG,2020-06-30,,UNRESOLVED,,,
ALG,2020-09-30,,UNRESOLVED,,,
ALG,2020-12-31,,UNRESOLVED,,,
ALG,2021-03-31,,UNRESOLVED,,,
ALG,2021-06-30,,UNRESOLVED,,,
ALG,2021-09-30,1691000000.0,EULERPOOL_OFFICIAL_MCAP_5Y,,1691000000.0,
ALG,2021-12-31,1784000000.0,EULERPOOL_OFFICIAL_MCAP_5Y,,1784000000.0,
ALG,2022-03-31,1743000000.0,EULERPOOL_OFFICIAL_MCAP_5Y,,1743000000.0,
ALG,2022-06-30,1411000000.0,EULERPOOL_OFFICIAL_MCAP_5Y,,1411000000.0,
ALG,2022-09-30,1482000000.0,EULERPOOL_OFFICIAL_MCAP_5Y,,1482000000.0,
ALG,2022-12-30,1716000000.0,EULERPOOL_OFFICIAL_MCAP_5Y,,1716000000.0,
ALGT,2020-03-31,,UNRESOLVED,,,
ALGT,2020-06-30,,UNRESOLVED,,,
ALGT,2020-09-30,,UNRESOLVED,,,
ALGT,2020-12-31,,UNRESOLVED,,,
ALGT,2021-03-31,,UNRESOLVED,,,
ALGT,2021-06-30,,UNRESOLVED,,,
ALGT,2021-09-30,3528000000.0,EULERPOOL_OFFICIAL_MCAP_5Y,,3528000000.0,
ALGT,2021-12-31,3376000000.0,EULERPOOL_OFFICIAL_MCAP_5Y,,3376000000.0,
ALGT,2022-03-31,2931000000.0,EULERPOOL_OFFICIAL_MCAP_5Y,,2931000000.0,
ALGT,2022-06-30,2041000000.0,EULERPOOL_OFFICIAL_MCAP_5Y,,2041000000.0,
ALGT,2022-09-30,1317000000.0,EULERPOOL_OFFICIAL_MCAP_5Y,,1317000000.0,
ALGT,2022-12-30,1227000000.0,EULERPOOL_OFFICIAL_MCAP_5Y,,1227000000.0,
AM,2020-03-31,,UNRESOLVED,,,
AM,2020-06-30,,UNRESOLVED,,,
AM,2020-09-30,,UNRESOLVED,,,
AM,2020-12-31,,UNRESOLVED,,,
AM,2021-03-31,,UNRESOLVED,,,
AM,2021-06-30,,UNRESOLVED,,,
AM,2021-09-30,4963000000.0,EULERPOOL_OFFICIAL_MCAP_5Y,,4963000000.0,
AM,2021-12-31,4610000000.0,EULERPOOL_OFFICIAL_MCAP_5Y,,4610000000.0,
AM,2022-03-31,5177000000.0,EULERPOOL_OFFICIAL_MCAP_5Y,,5177000000.0,
AM,2022-06-30,4310000000.0,EULERPOOL_OFFICIAL_MCAP_5Y,,4310000000.0,
AM,2022-09-30,4372000000.0,EULERPOOL_OFFICIAL_MCAP_5Y,,4372000000.0,
AM,2022-12-30,5139000000.0,EULERPOOL_OFFICIAL_MCAP_5Y,,5139000000.0,
ALK,2020-03-31,,UNRESOLVED,,,
ALK,2020-06-30,,UNRESOLVED,,,
ALK,2020-09-30,,UNRESOLVED,,,
ALK,2020-12-31,,UNRESOLVED,,,
ALK,2021-03-31,,UNRESOLVED,,,
ALK,2021-06-30,,UNRESOLVED,,,
ALK,2021-09-30,7028000000.0,EULERPOOL_OFFICIAL_MCAP_5Y,,7028000000.0,
ALK,2021-12-31,6248000000.0,EULERPOOL_OFFICIAL_MCAP_5Y,,6248000000.0,
ALK,2022-03-31,6957000000.0,EULERPOOL_OFFICIAL_MCAP_5Y,,6957000000.0,
ALK,2022-06-30,4803000000.0,EULERPOOL_OFFICIAL_MCAP_5Y,,4803000000.0,
ALK,2022-09-30,4695000000.0,EULERPOOL_OFFICIAL_MCAP_5Y,,4695000000.0,
ALK,2022-12-30,5150000000.0,EULERPOOL_OFFICIAL_MCAP_5Y,,5150000000.0,
ALSN,2020-03-31,,UNRESOLVED,,,
ALSN,2020-06-30,,UNRESOLVED,,,
ALSN,2020-09-30,,UNRESOLVED,,,
ALSN,2020-12-31,,UNRESOLVED,,,
ALSN,2021-03-31,,UNRESOLVED,,,
ALSN,2021-06-30,,UNRESOLVED,,,
ALSN,2021-09-30,2940000000.0,EULERPOOL_OFFICIAL_MCAP_5Y,,2940000000.0,
ALSN,2021-12-31,3025000000.0,EULERPOOL_OFFICIAL_MCAP_5Y,,3025000000.0,
ALSN,2022-03-31,3268000000.0,EULERPOOL_OFFICIAL_MCAP_5Y,,3268000000.0,
ALSN,2022-06-30,3200000000.0,EULERPOOL_OFFICIAL_MCAP_5Y,,3200000000.0,
ALSN,2022-09-30,2810000000.0,EULERPOOL_OFFICIAL_MCAP_5Y,,2810000000.0,
ALSN,2022-12-30,3462000000.0,EULERPOOL_OFFICIAL_MCAP_5Y,,3462000000.0,
ALRM,2020-03-31,,UNRESOLVED,,,
ALRM,2020-06-30,,UNRESOLVED,,,
ALRM,2020-09-30,,UNRESOLVED,,,
ALRM,2020-12-31,,UNRESOLVED,,,
ALRM,2021-03-31,,UNRESOLVED,,,
ALRM,2021-06-30,,UNRESOLVED,,,
ALRM,2021-09-30,3900000000.0,EULERPOOL_OFFICIAL_MCAP_5Y,,3900000000.0,
ALRM,2021-12-31,4230000000.0,EULERPOOL_OFFICIAL_MCAP_5Y,,4230000000.0,
ALRM,2022-03-31,3315000000.0,EULERPOOL_OFFICIAL_MCAP_5Y,,3315000000.0,
ALRM,2022-06-30,3086000000.0,EULERPOOL_OFFICIAL_MCAP_5Y,,3086000000.0,
ALRM,2022-09-30,3235000000.0,EULERPOOL_OFFICIAL_MCAP_5Y,,3235000000.0,
ALRM,2022-12-30,2468000000.0,EULERPOOL_OFFICIAL_MCAP_5Y,,2468000000.0,
AME,2020-03-31,16627401440.0,EULERPOOL_VENDOR_MCAP_HISTORY,16627401440.0,,
AME,2020-06-30,20589149970.0,EULERPOOL_VENDOR_MCAP_HISTORY,20589149970.0,,
AME,2020-09-30,23007124000.0,EULERPOOL_VENDOR_MCAP_HISTORY,23007124000.0,,
AME,2020-12-31,28044776600.0,EULERPOOL_VENDOR_MCAP_HISTORY,28044776600.0,,
AME,2021-03-31,29671168080.0,EULERPOOL_VENDOR_MCAP_HISTORY,29671168080.0,,
AME,2021-06-30,31084273500.0,EULERPOOL_VENDOR_MCAP_HISTORY,31084273500.0,,
AME,2021-09-30,28894330000.0,EULERPOOL_VENDOR_MCAP_HISTORY,28894330000.0,28407000000.0,0.01686593874992083
AME,2021-12-31,34277376640.0,EULERPOOL_VENDOR_MCAP_HISTORY,34277376640.0,33682000000.0,0.017369375907992472
AME,2022-03-31,31039596700.0,EULERPOOL_VENDOR_MCAP_HISTORY,31039596700.0,30508000000.0,0.017126404867238498
AME,2022-06-30,25411732830.0,EULERPOOL_VENDOR_MCAP_HISTORY,25411732830.0,25173000000.0,0.009394590742673096
AME,2022-09-30,26165274740.0,EULERPOOL_VENDOR_MCAP_HISTORY,26165274740.0,25979000000.0,0.007119158573757823
AME,2022-12-30,32235360080.0,EULERPOOL_VENDOR_MCAP_HISTORY,32235360080.0,32006000000.0,0.007115170403891452
ALV,2020-03-31,,UNRESOLVED,,,
ALV,2020-06-30,,UNRESOLVED,,,
ALV,2020-09-30,,UNRESOLVED,,,
ALV,2020-12-31,,UNRESOLVED,,,
ALV,2021-03-31,,UNRESOLVED,,,
ALV,2021-06-30,,UNRESOLVED,,,
ALV,2021-09-30,6404000000.0,EULERPOOL_OFFICIAL_MCAP_5Y,,6404000000.0,
ALV,2021-12-31,7726000000.0,EULERPOOL_OFFICIAL_MCAP_5Y,,7726000000.0,
ALV,2022-03-31,5711000000.0,EULERPOOL_OFFICIAL_MCAP_5Y,,5711000000.0,
ALV,2022-06-30,5347000000.0,EULERPOOL_OFFICIAL_MCAP_5Y,,5347000000.0,
ALV,2022-09-30,4978000000.0,EULERPOOL_OFFICIAL_MCAP_5Y,,4978000000.0,
ALV,2022-12-30,5721000000.0,EULERPOOL_OFFICIAL_MCAP_5Y,,5721000000.0,
ANDE,2020-03-31,,UNRESOLVED,,,
ANDE,2020-06-30,,UNRESOLVED,,,
ANDE,2020-09-30,,UNRESOLVED,,,
ANDE,2020-12-31,,UNRESOLVED,,,
ANDE,2021-03-31,,UNRESOLVED,,,
ANDE,2021-06-30,,UNRESOLVED,,,
ANDE,2021-09-30,1059000000.0,EULERPOOL_OFFICIAL_MCAP_5Y,,1059000000.0,
ANDE,2021-12-31,1329000000.0,EULERPOOL_OFFICIAL_MCAP_5Y,,1329000000.0,
ANDE,2022-03-31,1726000000.0,EULERPOOL_OFFICIAL_MCAP_5Y,,1726000000.0,
ANDE,2022-06-30,1133000000.0,EULERPOOL_OFFICIAL_MCAP_5Y,,1133000000.0,
ANDE,2022-09-30,1065000000.0,EULERPOOL_OFFICIAL_MCAP_5Y,,1065000000.0,
ANDE,2022-12-30,1201000000.0,EULERPOOL_OFFICIAL_MCAP_5Y,,1201000000.0,
AMN,2020-03-31,,UNRESOLVED,,,
AMN,2020-06-30,,UNRESOLVED,,,
AMN,2020-09-30,,UNRESOLVED,,,
AMN,2020-12-31,,UNRESOLVED,,,
AMN,2021-03-31,,UNRESOLVED,,,
AMN,2021-06-30,,UNRESOLVED,,,
AMN,2021-09-30,4434000000.0,EULERPOOL_OFFICIAL_MCAP_5Y,,4434000000.0,
AMN,2021-12-31,4727000000.0,EULERPOOL_OFFICIAL_MCAP_5Y,,4727000000.0,
AMN,2022-03-31,4031000000.0,EULERPOOL_OFFICIAL_MCAP_5Y,,4031000000.0,
AMN,2022-06-30,4239000000.0,EULERPOOL_OFFICIAL_MCAP_5Y,,4239000000.0,
AMN,2022-09-30,4094000000.0,EULERPOOL_OFFICIAL_MCAP_5Y,,4094000000.0,
AMN,2022-12-30,3973000000.0,EULERPOOL_OFFICIAL_MCAP_5Y,,3973000000.0,
AMPH,2020-03-31,,UNRESOLVED,,,
AMPH,2020-06-30,,UNRESOLVED,,,
AMPH,2020-09-30,,UNRESOLVED,,,
AMPH,2020-12-31,,UNRESOLVED,,,
AMPH,2021-03-31,,UNRESOLVED,,,
AMPH,2021-06-30,,UNRESOLVED,,,
AMPH,2021-09-30,917000000.0,EULERPOOL_OFFICIAL_MCAP_5Y,,917000000.0,
AMPH,2021-12-31,1123000000.0,EULERPOOL_OFFICIAL_MCAP_5Y,,1123000000.0,
AMPH,2022-03-31,1731000000.0,EULERPOOL_OFFICIAL_MCAP_5Y,,1731000000.0,
AMPH,2022-06-30,1677000000.0,EULERPOOL_OFFICIAL_MCAP_5Y,,1677000000.0,
AMPH,2022-09-30,1355000000.0,EULERPOOL_OFFICIAL_MCAP_5Y,,1355000000.0,
AMPH,2022-12-30,1351000000.0,EULERPOOL_OFFICIAL_MCAP_5Y,,1351000000.0,
APA,2020-03-31,,UNRESOLVED,,,
APA,2020-06-30,,UNRESOLVED,,,
APA,2020-09-30,,UNRESOLVED,,,
APA,2020-12-31,,UNRESOLVED,,,
APA,2021-03-31,,UNRESOLVED,,,
APA,2021-06-30,,UNRESOLVED,,,
APA,2021-09-30,7601000000.0,EULERPOOL_OFFICIAL_MCAP_5Y,,7601000000.0,
APA,2021-12-31,9537000000.0,EULERPOOL_OFFICIAL_MCAP_5Y,,9537000000.0,
APA,2022-03-31,14659000000.0,EULERPOOL_OFFICIAL_MCAP_5Y,,14659000000.0,
APA,2022-06-30,12378000000.0,EULERPOOL_OFFICIAL_MCAP_5Y,,12378000000.0,
APA,2022-09-30,12126000000.0,EULERPOOL_OFFICIAL_MCAP_5Y,,12126000000.0,
APA,2022-12-30,16556000000.0,EULERPOOL_OFFICIAL_MCAP_5Y,,16556000000.0,
AMKR,2020-03-31,,UNRESOLVED,,,
AMKR,2020-06-30,,UNRESOLVED,,,
AMKR,2020-09-30,,UNRESOLVED,,,
AMKR,2020-12-31,,UNRESOLVED,,,
AMKR,2021-03-31,,UNRESOLVED,,,
AMKR,2021-06-30,,UNRESOLVED,,,
AMKR,2021-09-30,6167000000.0,EULERPOOL_OFFICIAL_MCAP_5Y,,6167000000.0,
AMKR,2021-12-31,6128000000.0,EULERPOOL_OFFICIAL_MCAP_5Y,,6128000000.0,
AMKR,2022-03-31,5369000000.0,EULERPOOL_OFFICIAL_MCAP_5Y,,5369000000.0,
AMKR,2022-06-30,4190000000.0,EULERPOOL_OFFICIAL_MCAP_5Y,,4190000000.0,
AMKR,2022-09-30,4215000000.0,EULERPOOL_OFFICIAL_MCAP_5Y,,4215000000.0,
AMKR,2022-12-30,5928000000.0,EULERPOOL_OFFICIAL_MCAP_5Y,,5928000000.0,
APD,2020-03-31,44313420000.0,EULERPOOL_VENDOR_MCAP_HISTORY,44313420000.0,,
APD,2020-06-30,53604120000.0,EULERPOOL_VENDOR_MCAP_HISTORY,53604120000.0,,
APD,2020-09-30,66124920000.0,EULERPOOL_VENDOR_MCAP_HISTORY,66124920000.0,,
APD,2020-12-31,60928060000.0,EULERPOOL_VENDOR_MCAP_HISTORY,60928060000.0,,
APD,2021-03-31,62738820000.0,EULERPOOL_VENDOR_MCAP_HISTORY,62738820000.0,,
APD,2021-06-30,64152640000.0,EULERPOOL_VENDOR_MCAP_HISTORY,64152640000.0,,
APD,2021-09-30,57112530000.0,EULERPOOL_VENDOR_MCAP_HISTORY,57112530000.0,57036000000.0,0.0013399861641569721
APD,2021-12-31,67849980000.0,EULERPOOL_VENDOR_MCAP_HISTORY,67849980000.0,67759000000.0,0.0013408994372584929
APD,2022-03-31,55729930000.0,EULERPOOL_VENDOR_MCAP_HISTORY,55729930000.0,55655000000.0,0.0013445199016040394
APD,2022-06-30,53627040000.0,EULERPOOL_VENDOR_MCAP_HISTORY,53627040000.0,53555000000.0,0.0013433521596567701
APD,2022-09-30,51898790000.0,EULERPOOL_VENDOR_MCAP_HISTORY,51898790000.0,51829000000.0,0.001344732699933852
APD,2022-12-30,68741980000.0,EULERPOOL_VENDOR_MCAP_HISTORY,68741980000.0,68650000000.0,0.0013380469983552991
ARW,2020-03-31,,UNRESOLVED,,,
ARW,2020-06-30,,UNRESOLVED,,,
ARW,2020-09-30,,UNRESOLVED,,,
ARW,2020-12-31,,UNRESOLVED,,,
ARW,2021-03-31,,UNRESOLVED,,,
ARW,2021-06-30,,UNRESOLVED,,,
ARW,2021-09-30,5868000000.0,EULERPOOL_OFFICIAL_MCAP_5Y,,5868000000.0,
ARW,2021-12-31,7016000000.0,EULERPOOL_OFFICIAL_MCAP_5Y,,7016000000.0,
ARW,2022-03-31,6199000000.0,EULERPOOL_OFFICIAL_MCAP_5Y,,6199000000.0,
ARW,2022-06-30,5857000000.0,EULERPOOL_OFFICIAL_MCAP_5Y,,5857000000.0,
ARW,2022-09-30,4817000000.0,EULERPOOL_OFFICIAL_MCAP_5Y,,4817000000.0,
ARW,2022-12-30,5464000000.0,EULERPOOL_OFFICIAL_MCAP_5Y,,5464000000.0,
AROC,2020-03-31,,UNRESOLVED,,,
AROC,2020-06-30,,UNRESOLVED,,,
AROC,2020-09-30,,UNRESOLVED,,,
AROC,2020-12-31,,UNRESOLVED,,,
AROC,2021-03-31,,UNRESOLVED,,,
AROC,2021-06-30,,UNRESOLVED,,,
AROC,2021-09-30,1442000000.0,EULERPOOL_OFFICIAL_MCAP_5Y,,1442000000.0,
AROC,2021-12-31,1307000000.0,EULERPOOL_OFFICIAL_MCAP_5Y,,1307000000.0,
AROC,2022-03-31,1613000000.0,EULERPOOL_OFFICIAL_MCAP_5Y,,1613000000.0,
AROC,2022-06-30,1445000000.0,EULERPOOL_OFFICIAL_MCAP_5Y,,1445000000.0,
AROC,2022-09-30,1122000000.0,EULERPOOL_OFFICIAL_MCAP_5Y,,1122000000.0,
AROC,2022-12-30,1569000000.0,EULERPOOL_OFFICIAL_MCAP_5Y,,1569000000.0,
ARLO,2020-03-31,,UNRESOLVED,,,
ARLO,2020-06-30,,UNRESOLVED,,,
ARLO,2020-09-30,,UNRESOLVED,,,
ARLO,2020-12-31,,UNRESOLVED,,,
ARLO,2021-03-31,,UNRESOLVED,,,
ARLO,2021-06-30,,UNRESOLVED,,,
ARLO,2021-09-30,679000000.0,EULERPOOL_OFFICIAL_MCAP_5Y,,679000000.0,
ARLO,2021-12-31,1112000000.0,EULERPOOL_OFFICIAL_MCAP_5Y,,1112000000.0,
ARLO,2022-03-31,939000000.0,EULERPOOL_OFFICIAL_MCAP_5Y,,939000000.0,
ARLO,2022-06-30,665000000.0,EULERPOOL_OFFICIAL_MCAP_5Y,,665000000.0,
ARLO,2022-09-30,492000000.0,EULERPOOL_OFFICIAL_MCAP_5Y,,492000000.0,
ARLO,2022-12-30,372000000.0,EULERPOOL_OFFICIAL_MCAP_5Y,,372000000.0,
ARLP,2020-03-31,,UNRESOLVED,,,
ARLP,2020-06-30,,UNRESOLVED,,,
ARLP,2020-09-30,,UNRESOLVED,,,
ARLP,2020-12-31,,UNRESOLVED,,,
ARLP,2021-03-31,,UNRESOLVED,,,
ARLP,2021-06-30,,UNRESOLVED,,,
ARLP,2021-09-30,1396000000.0,EULERPOOL_OFFICIAL_MCAP_5Y,,1396000000.0,
ARLP,2021-12-31,1623000000.0,EULERPOOL_OFFICIAL_MCAP_5Y,,1623000000.0,
ARLP,2022-03-31,1981000000.0,EULERPOOL_OFFICIAL_MCAP_5Y,,1981000000.0,
ARLP,2022-06-30,2341000000.0,EULERPOOL_OFFICIAL_MCAP_5Y,,2341000000.0,
ARLP,2022-09-30,2940000000.0,EULERPOOL_OFFICIAL_MCAP_5Y,,2940000000.0,
ARLP,2022-12-30,2609000000.0,EULERPOOL_OFFICIAL_MCAP_5Y,,2609000000.0,
ASIX,2020-03-31,,UNRESOLVED,,,
ASIX,2020-06-30,,UNRESOLVED,,,
ASIX,2020-09-30,,UNRESOLVED,,,
ASIX,2020-12-31,,UNRESOLVED,,,
ASIX,2021-03-31,,UNRESOLVED,,,
ASIX,2021-06-30,,UNRESOLVED,,,
ASIX,2021-09-30,1068000000.0,EULERPOOL_OFFICIAL_MCAP_5Y,,1068000000.0,
ASIX,2021-12-31,1269000000.0,EULERPOOL_OFFICIAL_MCAP_5Y,,1269000000.0,
ASIX,2022-03-31,1372000000.0,EULERPOOL_OFFICIAL_MCAP_5Y,,1372000000.0,
ASIX,2022-06-30,898000000.0,EULERPOOL_OFFICIAL_MCAP_5Y,,898000000.0,
ASIX,2022-09-30,862000000.0,EULERPOOL_OFFICIAL_MCAP_5Y,,862000000.0,
ASIX,2022-12-30,1021000000.0,EULERPOOL_OFFICIAL_MCAP_5Y,,1021000000.0,
AVD,2020-03-31,,UNRESOLVED,,,
AVD,2020-06-30,,UNRESOLVED,,,
AVD,2020-09-30,,UNRESOLVED,,,
AVD,2020-12-31,,UNRESOLVED,,,
AVD,2021-03-31,,UNRESOLVED,,,
AVD,2021-06-30,,UNRESOLVED,,,
AVD,2021-09-30,428000000.0,EULERPOOL_OFFICIAL_MCAP_5Y,,428000000.0,
AVD,2021-12-31,466000000.0,EULERPOOL_OFFICIAL_MCAP_5Y,,466000000.0,
AVD,2022-03-31,578000000.0,EULERPOOL_OFFICIAL_MCAP_5Y,,578000000.0,
AVD,2022-06-30,635000000.0,EULERPOOL_OFFICIAL_MCAP_5Y,,635000000.0,
AVD,2022-09-30,532000000.0,EULERPOOL_OFFICIAL_MCAP_5Y,,532000000.0,
AVD,2022-12-30,617000000.0,EULERPOOL_OFFICIAL_MCAP_5Y,,617000000.0,
ATR,2020-03-31,,UNRESOLVED,,,
ATR,2020-06-30,,UNRESOLVED,,,
ATR,2020-09-30,,UNRESOLVED,,,
ATR,2020-12-31,,UNRESOLVED,,,
ATR,2021-03-31,,UNRESOLVED,,,
ATR,2021-06-30,,UNRESOLVED,,,
ATR,2021-09-30,7684000000.0,EULERPOOL_OFFICIAL_MCAP_5Y,,7684000000.0,
ATR,2021-12-31,7885000000.0,EULERPOOL_OFFICIAL_MCAP_5Y,,7885000000.0,
ATR,2022-03-31,7565000000.0,EULERPOOL_OFFICIAL_MCAP_5Y,,7565000000.0,
ATR,2022-06-30,6645000000.0,EULERPOOL_OFFICIAL_MCAP_5Y,,6645000000.0,
ATR,2022-09-30,6118000000.0,EULERPOOL_OFFICIAL_MCAP_5Y,,6118000000.0,
ATR,2022-12-30,7081000000.0,EULERPOOL_OFFICIAL_MCAP_5Y,,7081000000.0,
AVID,2020-03-31,,UNRESOLVED,,,
AVID,2020-06-30,,UNRESOLVED,,,
AVID,2020-09-30,,UNRESOLVED,,,
AVID,2020-12-31,,UNRESOLVED,,,
AVID,2021-03-31,,UNRESOLVED,,,
AVID,2021-06-30,,UNRESOLVED,,,
AVID,2021-09-30,1297000000.0,EULERPOOL_OFFICIAL_MCAP_5Y,,1297000000.0,
AVID,2021-12-31,1461000000.0,EULERPOOL_OFFICIAL_MCAP_5Y,,1461000000.0,
AVID,2022-03-31,1564000000.0,EULERPOOL_OFFICIAL_MCAP_5Y,,1564000000.0,
AVID,2022-06-30,1164000000.0,EULERPOOL_OFFICIAL_MCAP_5Y,,1164000000.0,
AVID,2022-09-30,1043000000.0,EULERPOOL_OFFICIAL_MCAP_5Y,,1043000000.0,
AVID,2022-12-30,1193000000.0,EULERPOOL_OFFICIAL_MCAP_5Y,,1193000000.0,
ATVI,2020-03-31,,UNRESOLVED,,,
ATVI,2020-06-30,,UNRESOLVED,,,
ATVI,2020-09-30,,UNRESOLVED,,,
ATVI,2020-12-31,,UNRESOLVED,,,
ATVI,2021-03-31,,UNRESOLVED,,,
ATVI,2021-06-30,,UNRESOLVED,,,
ATVI,2021-09-30,61061000000.0,EULERPOOL_OFFICIAL_MCAP_5Y,,61061000000.0,
ATVI,2021-12-31,52492000000.0,EULERPOOL_OFFICIAL_MCAP_5Y,,52492000000.0,
ATVI,2022-03-31,63207000000.0,EULERPOOL_OFFICIAL_MCAP_5Y,,63207000000.0,
ATVI,2022-06-30,61432000000.0,EULERPOOL_OFFICIAL_MCAP_5Y,,61432000000.0,
ATVI,2022-09-30,58654000000.0,EULERPOOL_OFFICIAL_MCAP_5Y,,58654000000.0,
ATVI,2022-12-30,60398000000.0,EULERPOOL_OFFICIAL_MCAP_5Y,,60398000000.0,
AVT,2020-03-31,,UNRESOLVED,,,
AVT,2020-06-30,,UNRESOLVED,,,
AVT,2020-09-30,,UNRESOLVED,,,
AVT,2020-12-31,,UNRESOLVED,,,
AVT,2021-03-31,,UNRESOLVED,,,
AVT,2021-06-30,,UNRESOLVED,,,
AVT,2021-09-30,3232000000.0,EULERPOOL_OFFICIAL_MCAP_5Y,,3232000000.0,
AVT,2021-12-31,3604000000.0,EULERPOOL_OFFICIAL_MCAP_5Y,,3604000000.0,
AVT,2022-03-31,3548000000.0,EULERPOOL_OFFICIAL_MCAP_5Y,,3548000000.0,
AVT,2022-06-30,3748000000.0,EULERPOOL_OFFICIAL_MCAP_5Y,,3748000000.0,
AVT,2022-09-30,3157000000.0,EULERPOOL_OFFICIAL_MCAP_5Y,,3157000000.0,
AVT,2022-12-30,3635000000.0,EULERPOOL_OFFICIAL_MCAP_5Y,,3635000000.0,
AVLR,2020-03-31,,UNRESOLVED,,,
AVLR,2020-06-30,,UNRESOLVED,,,
AVLR,2020-09-30,,UNRESOLVED,,,
AVLR,2020-12-31,,UNRESOLVED,,,
AVLR,2021-03-31,,UNRESOLVED,,,
AVLR,2021-06-30,,UNRESOLVED,,,
AVLR,2021-09-30,15076000000.0,EULERPOOL_OFFICIAL_MCAP_5Y,,15076000000.0,
AVLR,2021-12-31,11137000000.0,EULERPOOL_OFFICIAL_MCAP_5Y,,11137000000.0,
AVLR,2022-03-31,8584000000.0,EULERPOOL_OFFICIAL_MCAP_5Y,,8584000000.0,
AVLR,2022-06-30,6090000000.0,EULERPOOL_OFFICIAL_MCAP_5Y,,6090000000.0,
AVLR,2022-09-30,7919000000.0,EULERPOOL_OFFICIAL_MCAP_5Y,,7919000000.0,
AVLR,2022-12-30,,UNRESOLVED,,,
AWR,2020-03-31,,UNRESOLVED,,,
AWR,2020-06-30,,UNRESOLVED,,,
AWR,2020-09-30,,UNRESOLVED,,,
AWR,2020-12-31,,UNRESOLVED,,,
AWR,2021-03-31,,UNRESOLVED,,,
AWR,2021-06-30,,UNRESOLVED,,,
AWR,2021-09-30,3307000000.0,EULERPOOL_OFFICIAL_MCAP_5Y,,3307000000.0,
AWR,2021-12-31,4000000000.0,EULERPOOL_OFFICIAL_MCAP_5Y,,4000000000.0,
AWR,2022-03-31,3443000000.0,EULERPOOL_OFFICIAL_MCAP_5Y,,3443000000.0,
AWR,2022-06-30,3152000000.0,EULERPOOL_OFFICIAL_MCAP_5Y,,3152000000.0,
AWR,2022-09-30,3015000000.0,EULERPOOL_OFFICIAL_MCAP_5Y,,3015000000.0,
AWR,2022-12-30,3579000000.0,EULERPOOL_OFFICIAL_MCAP_5Y,,3579000000.0,
AXTA,2020-03-31,,UNRESOLVED,,,
AXTA,2020-06-30,,UNRESOLVED,,,
AXTA,2020-09-30,,UNRESOLVED,,,
AXTA,2020-12-31,,UNRESOLVED,,,
AXTA,2021-03-31,,UNRESOLVED,,,
AXTA,2021-06-30,,UNRESOLVED,,,
AXTA,2021-09-30,6227000000.0,EULERPOOL_OFFICIAL_MCAP_5Y,,6227000000.0,
AXTA,2021-12-31,7066000000.0,EULERPOOL_OFFICIAL_MCAP_5Y,,7066000000.0,
AXTA,2022-03-31,5244000000.0,EULERPOOL_OFFICIAL_MCAP_5Y,,5244000000.0,
AXTA,2022-06-30,4717000000.0,EULERPOOL_OFFICIAL_MCAP_5Y,,4717000000.0,
AXTA,2022-09-30,4493000000.0,EULERPOOL_OFFICIAL_MCAP_5Y,,4493000000.0,
AXTA,2022-12-30,5434000000.0,EULERPOOL_OFFICIAL_MCAP_5Y,,5434000000.0,
AZTA,2020-03-31,,UNRESOLVED,,,
AZTA,2020-06-30,,UNRESOLVED,,,
AZTA,2020-09-30,,UNRESOLVED,,,
AZTA,2020-12-31,,UNRESOLVED,,,
AZTA,2021-03-31,,UNRESOLVED,,,
AZTA,2021-06-30,,UNRESOLVED,,,
AZTA,2021-09-30,4714000000.0,EULERPOOL_OFFICIAL_MCAP_5Y,,4714000000.0,
AZTA,2021-12-31,4749000000.0,EULERPOOL_OFFICIAL_MCAP_5Y,,4749000000.0,
AZTA,2022-03-31,3817000000.0,EULERPOOL_OFFICIAL_MCAP_5Y,,3817000000.0,
AZTA,2022-06-30,3321000000.0,EULERPOOL_OFFICIAL_MCAP_5Y,,3321000000.0,
AZTA,2022-09-30,1974000000.0,EULERPOOL_OFFICIAL_MCAP_5Y,,1974000000.0,
AZTA,2022-12-30,2682000000.0,EULERPOOL_OFFICIAL_MCAP_5Y,,2682000000.0,
BA,2020-03-31,84264100000.0,EULERPOOL_VENDOR_MCAP_HISTORY,84264100000.0,,
BA,2020-06-30,103747800000.0,EULERPOOL_VENDOR_MCAP_HISTORY,103747800000.0,,
BA,2020-09-30,93537160000.0,EULERPOOL_VENDOR_MCAP_HISTORY,93537160000.0,,
BA,2020-12-31,121800140000.0,EULERPOOL_VENDOR_MCAP_HISTORY,121800140000.0,,
BA,2021-03-31,149011200000.0,EULERPOOL_VENDOR_MCAP_HISTORY,149011200000.0,,
BA,2021-06-30,141340400000.0,EULERPOOL_VENDOR_MCAP_HISTORY,141340400000.0,,
BA,2021-09-30,129544660000.0,EULERPOOL_VENDOR_MCAP_HISTORY,129544660000.0,167660000000.0,0.2273371108195157
BA,2021-12-31,118376160000.0,EULERPOOL_VENDOR_MCAP_HISTORY,118376160000.0,153466000000.0,0.22864895155930304
BA,2022-03-31,113176500000.0,EULERPOOL_VENDOR_MCAP_HISTORY,113176500000.0,145980000000.0,0.22471228935470614
BA,2022-06-30,81485120000.0,EULERPOOL_VENDOR_MCAP_HISTORY,81485120000.0,104222000000.0,0.21815816238414154
BA,2022-09-30,72163680000.0,EULERPOOL_VENDOR_MCAP_HISTORY,72163680000.0,92299000000.0,0.21815317609074855
BA,2022-12-30,113532040000.0,EULERPOOL_VENDOR_MCAP_HISTORY,113532040000.0,145211000000.0,0.2181581285164347
BAX,2020-03-31,,UNRESOLVED,,,
BAX,2020-06-30,,UNRESOLVED,,,
BAX,2020-09-30,,UNRESOLVED,,,
BAX,2020-12-31,,UNRESOLVED,,,
BAX,2021-03-31,,UNRESOLVED,,,
BAX,2021-06-30,,UNRESOLVED,,,
BAX,2021-09-30,41019000000.0,EULERPOOL_OFFICIAL_MCAP_5Y,,41019000000.0,
BAX,2021-12-31,43778000000.0,EULERPOOL_OFFICIAL_MCAP_5Y,,43778000000.0,
BAX,2022-03-31,39545000000.0,EULERPOOL_OFFICIAL_MCAP_5Y,,39545000000.0,
BAX,2022-06-30,32757000000.0,EULERPOOL_OFFICIAL_MCAP_5Y,,32757000000.0,
BAX,2022-09-30,27469000000.0,EULERPOOL_OFFICIAL_MCAP_5Y,,27469000000.0,
BAX,2022-12-30,25995000000.0,EULERPOOL_OFFICIAL_MCAP_5Y,,25995000000.0,
BCC,2020-03-31,,UNRESOLVED,,,
BCC,2020-06-30,,UNRESOLVED,,,
BCC,2020-09-30,,UNRESOLVED,,,
BCC,2020-12-31,,UNRESOLVED,,,
BCC,2021-03-31,,UNRESOLVED,,,
BCC,2021-06-30,,UNRESOLVED,,,
BCC,2021-09-30,2031000000.0,EULERPOOL_OFFICIAL_MCAP_5Y,,2031000000.0,
BCC,2021-12-31,2678000000.0,EULERPOOL_OFFICIAL_MCAP_5Y,,2678000000.0,
BCC,2022-03-31,2613000000.0,EULERPOOL_OFFICIAL_MCAP_5Y,,2613000000.0,
BCC,2022-06-30,2238000000.0,EULERPOOL_OFFICIAL_MCAP_5Y,,2238000000.0,
BCC,2022-09-30,2237000000.0,EULERPOOL_OFFICIAL_MCAP_5Y,,2237000000.0,
BCC,2022-12-30,2583000000.0,EULERPOOL_OFFICIAL_MCAP_5Y,,2583000000.0,
BB,2020-03-31,,UNRESOLVED,,,
BB,2020-06-30,,UNRESOLVED,,,
BB,2020-09-30,,UNRESOLVED,,,
BB,2020-12-31,,UNRESOLVED,,,
BB,2021-03-31,,UNRESOLVED,,,
BB,2021-06-30,,UNRESOLVED,,,
BB,2021-09-30,,UNRESOLVED,,,
BB,2021-12-31,,UNRESOLVED,,,
BB,2022-03-31,,UNRESOLVED,,,
BB,2022-06-30,,UNRESOLVED,,,
BB,2022-09-30,,UNRESOLVED,,,
BB,2022-12-30,,UNRESOLVED,,,
BCPC,2020-03-31,,UNRESOLVED,,,
BCPC,2020-06-30,,UNRESOLVED,,,
BCPC,2020-09-30,,UNRESOLVED,,,
BCPC,2020-12-31,,UNRESOLVED,,,
BCPC,2021-03-31,,UNRESOLVED,,,
BCPC,2021-06-30,,UNRESOLVED,,,
BCPC,2021-09-30,4730000000.0,EULERPOOL_OFFICIAL_MCAP_5Y,,4730000000.0,
BCPC,2021-12-31,5497000000.0,EULERPOOL_OFFICIAL_MCAP_5Y,,5497000000.0,
BCPC,2022-03-31,4457000000.0,EULERPOOL_OFFICIAL_MCAP_5Y,,4457000000.0,
BCPC,2022-06-30,4230000000.0,EULERPOOL_OFFICIAL_MCAP_5Y,,4230000000.0,
BCPC,2022-09-30,3964000000.0,EULERPOOL_OFFICIAL_MCAP_5Y,,3964000000.0,
BCPC,2022-12-30,3981000000.0,EULERPOOL_OFFICIAL_MCAP_5Y,,3981000000.0,
BERY,2020-03-31,,UNRESOLVED,,,
BERY,2020-06-30,,UNRESOLVED,,,
BERY,2020-09-30,,UNRESOLVED,,,
BERY,2020-12-31,,UNRESOLVED,,,
BERY,2021-03-31,,UNRESOLVED,,,
BERY,2021-06-30,,UNRESOLVED,,,
BERY,2021-09-30,7050000000.0,EULERPOOL_OFFICIAL_MCAP_5Y,,7050000000.0,
BERY,2021-12-31,8544000000.0,EULERPOOL_OFFICIAL_MCAP_5Y,,8544000000.0,
BERY,2022-03-31,6712000000.0,EULERPOOL_OFFICIAL_MCAP_5Y,,6712000000.0,
BERY,2022-06-30,6327000000.0,EULERPOOL_OFFICIAL_MCAP_5Y,,6327000000.0,
BERY,2022-09-30,5388000000.0,EULERPOOL_OFFICIAL_MCAP_5Y,,5388000000.0,
BERY,2022-12-30,6998000000.0,EULERPOOL_OFFICIAL_MCAP_5Y,,6998000000.0,
BFH,2020-03-31,,UNRESOLVED,,,
BFH,2020-06-30,,UNRESOLVED,,,
BFH,2020-09-30,,UNRESOLVED,,,
BFH,2020-12-31,,UNRESOLVED,,,
BFH,2021-03-31,,UNRESOLVED,,,
BFH,2021-06-30,,UNRESOLVED,,,
BFH,2021-09-30,3676000000.0,EULERPOOL_OFFICIAL_MCAP_5Y,,3676000000.0,
BFH,2021-12-31,3040000000.0,EULERPOOL_OFFICIAL_MCAP_5Y,,3040000000.0,
BFH,2022-03-31,2564000000.0,EULERPOOL_OFFICIAL_MCAP_5Y,,2564000000.0,
BFH,2022-06-30,1692000000.0,EULERPOOL_OFFICIAL_MCAP_5Y,,1692000000.0,
BFH,2022-09-30,1436000000.0,EULERPOOL_OFFICIAL_MCAP_5Y,,1436000000.0,
BFH,2022-12-30,1720000000.0,EULERPOOL_OFFICIAL_MCAP_5Y,,1720000000.0,
BJ,2020-03-31,,UNRESOLVED,,,
BJ,2020-06-30,,UNRESOLVED,,,
BJ,2020-09-30,,UNRESOLVED,,,
BJ,2020-12-31,,UNRESOLVED,,,
BJ,2021-03-31,,UNRESOLVED,,,
BJ,2021-06-30,,UNRESOLVED,,,
BJ,2021-09-30,7253000000.0,EULERPOOL_OFFICIAL_MCAP_5Y,,7253000000.0,
BJ,2021-12-31,8844000000.0,EULERPOOL_OFFICIAL_MCAP_5Y,,8844000000.0,
BJ,2022-03-31,8929000000.0,EULERPOOL_OFFICIAL_MCAP_5Y,,8929000000.0,
BJ,2022-06-30,8230000000.0,EULERPOOL_OFFICIAL_MCAP_5Y,,8230000000.0,
BJ,2022-09-30,9616000000.0,EULERPOOL_OFFICIAL_MCAP_5Y,,9616000000.0,
BJ,2022-12-30,8737000000.0,EULERPOOL_OFFICIAL_MCAP_5Y,,8737000000.0,
BDX,2020-03-31,61645582926.829,EULERPOOL_VENDOR_MCAP_HISTORY,61645582926.829,,
BDX,2020-06-30,66528731707.317,EULERPOOL_VENDOR_MCAP_HISTORY,66528731707.317,,
BDX,2020-09-30,64015375609.756,EULERPOOL_VENDOR_MCAP_HISTORY,64015375609.756,,
BDX,2020-12-31,71526302439.024,EULERPOOL_VENDOR_MCAP_HISTORY,71526302439.024,,
BDX,2021-03-31,69742536585.366,EULERPOOL_VENDOR_MCAP_HISTORY,69742536585.366,,
BDX,2021-06-30,69279492682.927,EULERPOOL_VENDOR_MCAP_HISTORY,69279492682.927,,
BDX,2021-09-30,70028721951.22,EULERPOOL_VENDOR_MCAP_HISTORY,70028721951.22,70921000000.0,0.012581295367803596
BDX,2021-12-31,70414400000.0,EULERPOOL_VENDOR_MCAP_HISTORY,70414400000.0,72554000000.0,0.02948975935165532
BDX,2022-03-31,74480000000.0,EULERPOOL_VENDOR_MCAP_HISTORY,74480000000.0,76743000000.0,0.029488031481698658
BDX,2022-06-30,70754110000.0,EULERPOOL_VENDOR_MCAP_HISTORY,70754110000.0,71126000000.0,0.005228608385119365
BDX,2022-09-30,63952210000.0,EULERPOOL_VENDOR_MCAP_HISTORY,63952210000.0,64288000000.0,0.005223214285714286
BDX,2022-12-30,72984100000.0,EULERPOOL_VENDOR_MCAP_HISTORY,72984100000.0,73368000000.0,0.0052325264420455785
BKD,2020-03-31,,UNRESOLVED,,,
BKD,2020-06-30,,UNRESOLVED,,,
BKD,2020-09-30,,UNRESOLVED,,,
BKD,2020-12-31,,UNRESOLVED,,,
BKD,2021-03-31,,UNRESOLVED,,,
BKD,2021-06-30,,UNRESOLVED,,,
BKD,2021-09-30,1482000000.0,EULERPOOL_OFFICIAL_MCAP_5Y,,1482000000.0,
BKD,2021-12-31,1214000000.0,EULERPOOL_OFFICIAL_MCAP_5Y,,1214000000.0,
BKD,2022-03-31,1658000000.0,EULERPOOL_OFFICIAL_MCAP_5Y,,1658000000.0,
BKD,2022-06-30,1068000000.0,EULERPOOL_OFFICIAL_MCAP_5Y,,1068000000.0,
BKD,2022-09-30,1004000000.0,EULERPOOL_OFFICIAL_MCAP_5Y,,1004000000.0,
BKD,2022-12-30,642000000.0,EULERPOOL_OFFICIAL_MCAP_5Y,,642000000.0,
BIIB,2020-03-31,54733740000.0,EULERPOOL_VENDOR_MCAP_HISTORY,54733740000.0,,
BIIB,2020-06-30,43075550000.0,EULERPOOL_VENDOR_MCAP_HISTORY,43075550000.0,,
BIIB,2020-09-30,44537760000.0,EULERPOOL_VENDOR_MCAP_HISTORY,44537760000.0,,
BIIB,2020-12-31,39422460000.0,EULERPOOL_VENDOR_MCAP_HISTORY,39422460000.0,,
BIIB,2021-03-31,42522000000.0,EULERPOOL_VENDOR_MCAP_HISTORY,42522000000.0,,
BIIB,2021-06-30,51940500000.0,EULERPOOL_VENDOR_MCAP_HISTORY,51940500000.0,,
BIIB,2021-09-30,42165510000.0,EULERPOOL_VENDOR_MCAP_HISTORY,42165510000.0,41628000000.0,0.01274762240513633
BIIB,2021-12-31,35988000000.0,EULERPOOL_VENDOR_MCAP_HISTORY,35988000000.0,35292000000.0,0.019339779926642216
BIIB,2022-03-31,31168800000.0,EULERPOOL_VENDOR_MCAP_HISTORY,31168800000.0,30979000000.0,0.0060894227560894226
BIIB,2022-06-30,29775240000.0,EULERPOOL_VENDOR_MCAP_HISTORY,29775240000.0,30000000000.0,0.007492
BIIB,2022-09-30,38715000000.0,EULERPOOL_VENDOR_MCAP_HISTORY,38715000000.0,39276000000.0,0.014283531927894898
BIIB,2022-12-30,40153400000.0,EULERPOOL_VENDOR_MCAP_HISTORY,40153400000.0,40735000000.0,0.014277648214066527
BLCO,2020-03-31,,UNRESOLVED,,,
BLCO,2020-06-30,,UNRESOLVED,,,
BLCO,2020-09-30,,UNRESOLVED,,,
BLCO,2020-12-31,,UNRESOLVED,,,
BLCO,2021-03-31,,UNRESOLVED,,,
BLCO,2021-06-30,,UNRESOLVED,,,
BLCO,2021-09-30,,UNRESOLVED,,,
BLCO,2021-12-31,,UNRESOLVED,,,
BLCO,2022-03-31,,UNRESOLVED,,,
BLCO,2022-06-30,5392000000.0,EULERPOOL_OFFICIAL_MCAP_5Y,,5392000000.0,
BLCO,2022-09-30,5427000000.0,EULERPOOL_OFFICIAL_MCAP_5Y,,5427000000.0,
BLCO,2022-12-30,5487000000.0,EULERPOOL_OFFICIAL_MCAP_5Y,,5487000000.0,
BLKB,2020-03-31,,UNRESOLVED,,,
BLKB,2020-06-30,,UNRESOLVED,,,
BLKB,2020-09-30,,UNRESOLVED,,,
BLKB,2020-12-31,,UNRESOLVED,,,
BLKB,2021-03-31,,UNRESOLVED,,,
BLKB,2021-06-30,,UNRESOLVED,,,
BLKB,2021-09-30,3410000000.0,EULERPOOL_OFFICIAL_MCAP_5Y,,3410000000.0,
BLKB,2021-12-31,3828000000.0,EULERPOOL_OFFICIAL_MCAP_5Y,,3828000000.0,
BLKB,2022-03-31,2902000000.0,EULERPOOL_OFFICIAL_MCAP_5Y,,2902000000.0,
BLKB,2022-06-30,2815000000.0,EULERPOOL_OFFICIAL_MCAP_5Y,,2815000000.0,
BLKB,2022-09-30,2136000000.0,EULERPOOL_OFFICIAL_MCAP_5Y,,2136000000.0,
BLKB,2022-12-30,2853000000.0,EULERPOOL_OFFICIAL_MCAP_5Y,,2853000000.0,
BMI,2020-03-31,,UNRESOLVED,,,
BMI,2020-06-30,,UNRESOLVED,,,
BMI,2020-09-30,,UNRESOLVED,,,
BMI,2020-12-31,,UNRESOLVED,,,
BMI,2021-03-31,,UNRESOLVED,,,
BMI,2021-06-30,,UNRESOLVED,,,
BMI,2021-09-30,2991000000.0,EULERPOOL_OFFICIAL_MCAP_5Y,,2991000000.0,
BMI,2021-12-31,3151000000.0,EULERPOOL_OFFICIAL_MCAP_5Y,,3151000000.0,
BMI,2022-03-31,2948000000.0,EULERPOOL_OFFICIAL_MCAP_5Y,,2948000000.0,
BMI,2022-06-30,2392000000.0,EULERPOOL_OFFICIAL_MCAP_5Y,,2392000000.0,
BMI,2022-09-30,2732000000.0,EULERPOOL_OFFICIAL_MCAP_5Y,,2732000000.0,
BMI,2022-12-30,3224000000.0,EULERPOOL_OFFICIAL_MCAP_5Y,,3224000000.0,
BLMN,2020-03-31,,UNRESOLVED,,,
BLMN,2020-06-30,,UNRESOLVED,,,
BLMN,2020-09-30,,UNRESOLVED,,,
BLMN,2020-12-31,,UNRESOLVED,,,
BLMN,2021-03-31,,UNRESOLVED,,,
BLMN,2021-06-30,,UNRESOLVED,,,
BLMN,2021-09-30,2133000000.0,EULERPOOL_OFFICIAL_MCAP_5Y,,2133000000.0,
BLMN,2021-12-31,1790000000.0,EULERPOOL_OFFICIAL_MCAP_5Y,,1790000000.0,
BLMN,2022-03-31,1872000000.0,EULERPOOL_OFFICIAL_MCAP_5Y,,1872000000.0,
BLMN,2022-06-30,1418000000.0,EULERPOOL_OFFICIAL_MCAP_5Y,,1418000000.0,
BLMN,2022-09-30,1564000000.0,EULERPOOL_OFFICIAL_MCAP_5Y,,1564000000.0,
BLMN,2022-12-30,1716000000.0,EULERPOOL_OFFICIAL_MCAP_5Y,,1716000000.0,
BMY,2020-03-31,125860920000.0,EULERPOOL_VENDOR_MCAP_HISTORY,125860920000.0,,
BMY,2020-06-30,133064400000.0,EULERPOOL_VENDOR_MCAP_HISTORY,133064400000.0,,
BMY,2020-09-30,138064100000.0,EULERPOOL_VENDOR_MCAP_HISTORY,138064100000.0,,
BMY,2020-12-31,140063740000.0,EULERPOOL_VENDOR_MCAP_HISTORY,140063740000.0,,
BMY,2021-03-31,142989450000.0,EULERPOOL_VENDOR_MCAP_HISTORY,142989450000.0,,
BMY,2021-06-30,150478640000.0,EULERPOOL_VENDOR_MCAP_HISTORY,150478640000.0,,
BMY,2021-09-30,132718310000.0,EULERPOOL_VENDOR_MCAP_HISTORY,132718310000.0,120648000000.0,0.09094683318375588
BMY,2021-12-31,139975750000.0,EULERPOOL_VENDOR_MCAP_HISTORY,139975750000.0,127132000000.0,0.09175696504573114
BMY,2022-03-31,158036920000.0,EULERPOOL_VENDOR_MCAP_HISTORY,158036920000.0,148908000000.0,0.057764476807065084
BMY,2022-06-30,165473000000.0,EULERPOOL_VENDOR_MCAP_HISTORY,165473000000.0,157003000000.0,0.051186598417868774
BMY,2022-09-30,152701320000.0,EULERPOOL_VENDOR_MCAP_HISTORY,152701320000.0,144953000000.0,0.05074167007855597
BMY,2022-12-30,154548600000.0,EULERPOOL_VENDOR_MCAP_HISTORY,154548600000.0,146706000000.0,0.05074520247999658
BMRN,2020-03-31,,UNRESOLVED,,,
BMRN,2020-06-30,,UNRESOLVED,,,
BMRN,2020-09-30,,UNRESOLVED,,,
BMRN,2020-12-31,,UNRESOLVED,,,
BMRN,2021-03-31,,UNRESOLVED,,,
BMRN,2021-06-30,,UNRESOLVED,,,
BMRN,2021-09-30,15257000000.0,EULERPOOL_OFFICIAL_MCAP_5Y,,15257000000.0,
BMRN,2021-12-31,17440000000.0,EULERPOOL_OFFICIAL_MCAP_5Y,,17440000000.0,
BMRN,2022-03-31,15219000000.0,EULERPOOL_OFFICIAL_MCAP_5Y,,15219000000.0,
BMRN,2022-06-30,16358000000.0,EULERPOOL_OFFICIAL_MCAP_5Y,,16358000000.0,
BMRN,2022-09-30,16733000000.0,EULERPOOL_OFFICIAL_MCAP_5Y,,16733000000.0,
BMRN,2022-12-30,20428000000.0,EULERPOOL_OFFICIAL_MCAP_5Y,,20428000000.0,
BOOT,2020-03-31,,UNRESOLVED,,,
BOOT,2020-06-30,,UNRESOLVED,,,
BOOT,2020-09-30,,UNRESOLVED,,,
BOOT,2020-12-31,,UNRESOLVED,,,
BOOT,2021-03-31,,UNRESOLVED,,,
BOOT,2021-06-30,,UNRESOLVED,,,
BOOT,2021-09-30,2703000000.0,EULERPOOL_OFFICIAL_MCAP_5Y,,2703000000.0,
BOOT,2021-12-31,3743000000.0,EULERPOOL_OFFICIAL_MCAP_5Y,,3743000000.0,
BOOT,2022-03-31,2884000000.0,EULERPOOL_OFFICIAL_MCAP_5Y,,2884000000.0,
BOOT,2022-06-30,2096000000.0,EULERPOOL_OFFICIAL_MCAP_5Y,,2096000000.0,
BOOT,2022-09-30,1778000000.0,EULERPOOL_OFFICIAL_MCAP_5Y,,1778000000.0,
BOOT,2022-12-30,1902000000.0,EULERPOOL_OFFICIAL_MCAP_5Y,,1902000000.0,
BRBR,2020-03-31,,UNRESOLVED,,,
BRBR,2020-06-30,,UNRESOLVED,,,
BRBR,2020-09-30,,UNRESOLVED,,,
BRBR,2020-12-31,,UNRESOLVED,,,
BRBR,2021-03-31,,UNRESOLVED,,,
BRBR,2021-06-30,,UNRESOLVED,,,
BRBR,2021-09-30,3606000000.0,EULERPOOL_OFFICIAL_MCAP_5Y,,3606000000.0,
BRBR,2021-12-31,3346000000.0,EULERPOOL_OFFICIAL_MCAP_5Y,,3346000000.0,
BRBR,2022-03-31,2707000000.0,EULERPOOL_OFFICIAL_MCAP_5Y,,2707000000.0,
BRBR,2022-06-30,2919000000.0,EULERPOOL_OFFICIAL_MCAP_5Y,,2919000000.0,
BRBR,2022-09-30,2417000000.0,EULERPOOL_OFFICIAL_MCAP_5Y,,2417000000.0,
BRBR,2022-12-30,3007000000.0,EULERPOOL_OFFICIAL_MCAP_5Y,,3007000000.0,
BSM,2020-03-31,,UNRESOLVED,,,
BSM,2020-06-30,,UNRESOLVED,,,
BSM,2020-09-30,,UNRESOLVED,,,
BSM,2020-12-31,,UNRESOLVED,,,
BSM,2021-03-31,,UNRESOLVED,,,
BSM,2021-06-30,,UNRESOLVED,,,
BSM,2021-09-30,2553000000.0,EULERPOOL_OFFICIAL_MCAP_5Y,,2553000000.0,
BSM,2021-12-31,2189000000.0,EULERPOOL_OFFICIAL_MCAP_5Y,,2189000000.0,
BSM,2022-03-31,2852000000.0,EULERPOOL_OFFICIAL_MCAP_5Y,,2852000000.0,
BSM,2022-06-30,2900000000.0,EULERPOOL_OFFICIAL_MCAP_5Y,,2900000000.0,
BSM,2022-09-30,3316000000.0,EULERPOOL_OFFICIAL_MCAP_5Y,,3316000000.0,
BSM,2022-12-30,3574000000.0,EULERPOOL_OFFICIAL_MCAP_5Y,,3574000000.0,
CAG,2020-03-31,,UNRESOLVED,,,
CAG,2020-06-30,,UNRESOLVED,,,
CAG,2020-09-30,,UNRESOLVED,,,
CAG,2020-12-31,,UNRESOLVED,,,
CAG,2021-03-31,,UNRESOLVED,,,
CAG,2021-06-30,,UNRESOLVED,,,
CAG,2021-09-30,16247000000.0,EULERPOOL_OFFICIAL_MCAP_5Y,,16247000000.0,
CAG,2021-12-31,16382000000.0,EULERPOOL_OFFICIAL_MCAP_5Y,,16382000000.0,
CAG,2022-03-31,16104000000.0,EULERPOOL_OFFICIAL_MCAP_5Y,,16104000000.0,
CAG,2022-06-30,16425000000.0,EULERPOOL_OFFICIAL_MCAP_5Y,,16425000000.0,
CAG,2022-09-30,15653000000.0,EULERPOOL_OFFICIAL_MCAP_5Y,,15653000000.0,
CAG,2022-12-30,18564000000.0,EULERPOOL_OFFICIAL_MCAP_5Y,,18564000000.0,
CAR,2020-03-31,,UNRESOLVED,,,
CAR,2020-06-30,,UNRESOLVED,,,
CAR,2020-09-30,,UNRESOLVED,,,
CAR,2020-12-31,,UNRESOLVED,,,
CAR,2021-03-31,,UNRESOLVED,,,
CAR,2021-06-30,,UNRESOLVED,,,
CAR,2021-09-30,4136000000.0,EULERPOOL_OFFICIAL_MCAP_5Y,,4136000000.0,
CAR,2021-12-31,7362000000.0,EULERPOOL_OFFICIAL_MCAP_5Y,,7362000000.0,
CAR,2022-03-31,9347000000.0,EULERPOOL_OFFICIAL_MCAP_5Y,,9347000000.0,
CAR,2022-06-30,5221000000.0,EULERPOOL_OFFICIAL_MCAP_5Y,,5221000000.0,
CAR,2022-09-30,5270000000.0,EULERPOOL_OFFICIAL_MCAP_5Y,,5270000000.0,
CAR,2022-12-30,5820000000.0,EULERPOOL_OFFICIAL_MCAP_5Y,,5820000000.0,
CALM,2020-03-31,,UNRESOLVED,,,
CALM,2020-06-30,,UNRESOLVED,,,
CALM,2020-09-30,,UNRESOLVED,,,
CALM,2020-12-31,,UNRESOLVED,,,
CALM,2021-03-31,,UNRESOLVED,,,
CALM,2021-06-30,,UNRESOLVED,,,
CALM,2021-09-30,1723000000.0,EULERPOOL_OFFICIAL_MCAP_5Y,,1723000000.0,
CALM,2021-12-31,1763000000.0,EULERPOOL_OFFICIAL_MCAP_5Y,,1763000000.0,
CALM,2022-03-31,2631000000.0,EULERPOOL_OFFICIAL_MCAP_5Y,,2631000000.0,
CALM,2022-06-30,2354000000.0,EULERPOOL_OFFICIAL_MCAP_5Y,,2354000000.0,
CALM,2022-09-30,2649000000.0,EULERPOOL_OFFICIAL_MCAP_5Y,,2649000000.0,
CALM,2022-12-30,2595000000.0,EULERPOOL_OFFICIAL_MCAP_5Y,,2595000000.0,
CAH,2020-03-31,14094360000.0,EULERPOOL_VENDOR_MCAP_HISTORY,14094360000.0,,
CAH,2020-06-30,15291670000.0,EULERPOOL_VENDOR_MCAP_HISTORY,15291670000.0,,
CAH,2020-09-30,13756350000.0,EULERPOOL_VENDOR_MCAP_HISTORY,13756350000.0,,
CAH,2020-12-31,15800200000.0,EULERPOOL_VENDOR_MCAP_HISTORY,15800200000.0,,
CAH,2021-03-31,17860500000.0,EULERPOOL_VENDOR_MCAP_HISTORY,17860500000.0,,
CAH,2021-06-30,16784460000.0,EULERPOOL_VENDOR_MCAP_HISTORY,16784460000.0,,
CAH,2021-09-30,14293940000.0,EULERPOOL_VENDOR_MCAP_HISTORY,14293940000.0,11969000000.0,0.16265214489496949
CAH,2021-12-31,14468690000.0,EULERPOOL_VENDOR_MCAP_HISTORY,14468690000.0,12461000000.0,0.13876100738905872
CAH,2022-03-31,15592500000.0,EULERPOOL_VENDOR_MCAP_HISTORY,15592500000.0,13721000000.0,0.1200256533589867
CAH,2022-06-30,14583330000.0,EULERPOOL_VENDOR_MCAP_HISTORY,14583330000.0,12649000000.0,0.1326398017462404
CAH,2022-09-30,18203640000.0,EULERPOOL_VENDOR_MCAP_HISTORY,18203640000.0,16137000000.0,0.11352894256313573
CAH,2022-12-30,20985510000.0,EULERPOOL_VENDOR_MCAP_HISTORY,20985510000.0,18603000000.0,0.11353119366648702
BWXT,2020-03-31,4676160000.0,EULERPOOL_VENDOR_MCAP_HISTORY,4676160000.0,,
BWXT,2020-06-30,5437440000.0,EULERPOOL_VENDOR_MCAP_HISTORY,5437440000.0,,
BWXT,2020-09-30,5405760000.0,EULERPOOL_VENDOR_MCAP_HISTORY,5405760000.0,,
BWXT,2020-12-31,5786880000.0,EULERPOOL_VENDOR_MCAP_HISTORY,5786880000.0,,
BWXT,2021-03-31,6330240000.0,EULERPOOL_VENDOR_MCAP_HISTORY,6330240000.0,,
BWXT,2021-06-30,5579520000.0,EULERPOOL_VENDOR_MCAP_HISTORY,5579520000.0,,
BWXT,2021-09-30,5062840000.0,EULERPOOL_VENDOR_MCAP_HISTORY,5062840000.0,4948000000.0,0.0226829210482654
BWXT,2021-12-31,4548600000.0,EULERPOOL_VENDOR_MCAP_HISTORY,4548600000.0,4398000000.0,0.03310908851075056
BWXT,2022-03-31,4955120000.0,EULERPOOL_VENDOR_MCAP_HISTORY,4955120000.0,4948000000.0,0.001436897592792909
BWXT,2022-06-30,5068280000.0,EULERPOOL_VENDOR_MCAP_HISTORY,5068280000.0,5061000000.0,0.0014363847301254074
BWXT,2022-09-30,4634040000.0,EULERPOOL_VENDOR_MCAP_HISTORY,4634040000.0,4627000000.0,0.0015191927562127215
BWXT,2022-12-30,5343360000.0,EULERPOOL_VENDOR_MCAP_HISTORY,5343360000.0,5335000000.0,0.001564558629776021
CARR,2020-03-31,14941950000.0,EULERPOOL_VENDOR_MCAP_HISTORY,14941950000.0,,
CARR,2020-06-30,19351398000.0,EULERPOOL_VENDOR_MCAP_HISTORY,19351398000.0,,
CARR,2020-09-30,26921010000.0,EULERPOOL_VENDOR_MCAP_HISTORY,26921010000.0,,
CARR,2020-12-31,32680608000.0,EULERPOOL_VENDOR_MCAP_HISTORY,32680608000.0,,
CARR,2021-03-31,37567356000.0,EULERPOOL_VENDOR_MCAP_HISTORY,37567356000.0,,
CARR,2021-06-30,43297740000.0,EULERPOOL_VENDOR_MCAP_HISTORY,43297740000.0,,
CARR,2021-09-30,46169920000.0,EULERPOOL_VENDOR_MCAP_HISTORY,46169920000.0,44638000000.0,0.03318004449650335
CARR,2021-12-31,48192240000.0,EULERPOOL_VENDOR_MCAP_HISTORY,48192240000.0,46777000000.0,0.029366553619420886
CARR,2022-03-31,40094967000.0,EULERPOOL_VENDOR_MCAP_HISTORY,40094967000.0,39558000000.0,0.013392379148235737
CARR,2022-06-30,30763882000.0,EULERPOOL_VENDOR_MCAP_HISTORY,30763882000.0,30753000000.0,0.0003537264900443969
CARR,2022-09-30,30457140000.0,EULERPOOL_VENDOR_MCAP_HISTORY,30457140000.0,30667000000.0,0.006843186487103401
CARR,2022-12-30,35330625000.0,EULERPOOL_VENDOR_MCAP_HISTORY,35330625000.0,35574000000.0,0.006841372912801485
CCK,2020-03-31,,UNRESOLVED,,,
CCK,2020-06-30,,UNRESOLVED,,,
CCK,2020-09-30,,UNRESOLVED,,,
CCK,2020-12-31,,UNRESOLVED,,,
CCK,2021-03-31,,UNRESOLVED,,,
CCK,2021-06-30,,UNRESOLVED,,,
CCK,2021-09-30,11664000000.0,EULERPOOL_OFFICIAL_MCAP_5Y,,11664000000.0,
CCK,2021-12-31,12803000000.0,EULERPOOL_OFFICIAL_MCAP_5Y,,12803000000.0,
CCK,2022-03-31,14478000000.0,EULERPOOL_OFFICIAL_MCAP_5Y,,14478000000.0,
CCK,2022-06-30,10668000000.0,EULERPOOL_OFFICIAL_MCAP_5Y,,10668000000.0,
CCK,2022-09-30,9378000000.0,EULERPOOL_OFFICIAL_MCAP_5Y,,9378000000.0,
CCK,2022-12-30,9515000000.0,EULERPOOL_OFFICIAL_MCAP_5Y,,9515000000.0,
CCC,2020-03-31,,UNRESOLVED,,,
CCC,2020-06-30,,UNRESOLVED,,,
CCC,2020-09-30,,UNRESOLVED,,,
CCC,2020-12-31,,UNRESOLVED,,,
CCC,2021-03-31,,UNRESOLVED,,,
CCC,2021-06-30,,UNRESOLVED,,,
CCC,2021-09-30,6932000000.0,EULERPOOL_OFFICIAL_MCAP_5Y,,6932000000.0,
CCC,2021-12-31,7513000000.0,EULERPOOL_OFFICIAL_MCAP_5Y,,7513000000.0,
CCC,2022-03-31,7282000000.0,EULERPOOL_OFFICIAL_MCAP_5Y,,7282000000.0,
CCC,2022-06-30,6068000000.0,EULERPOOL_OFFICIAL_MCAP_5Y,,6068000000.0,
CCC,2022-09-30,6002000000.0,EULERPOOL_OFFICIAL_MCAP_5Y,,6002000000.0,
CCC,2022-12-30,5738000000.0,EULERPOOL_OFFICIAL_MCAP_5Y,,5738000000.0,
CAT,2020-03-31,63938040000.0,EULERPOOL_VENDOR_MCAP_HISTORY,63938040000.0,,
CAT,2020-06-30,68942500000.0,EULERPOOL_VENDOR_MCAP_HISTORY,68942500000.0,,
CAT,2020-09-30,81435900000.0,EULERPOOL_VENDOR_MCAP_HISTORY,81435900000.0,,
CAT,2020-12-31,99928980000.0,EULERPOOL_VENDOR_MCAP_HISTORY,99928980000.0,,
CAT,2021-03-31,127760370000.0,EULERPOOL_VENDOR_MCAP_HISTORY,127760370000.0,,
CAT,2021-06-30,120131760000.0,EULERPOOL_VENDOR_MCAP_HISTORY,120131760000.0,,
CAT,2021-09-30,105199560000.0,EULERPOOL_VENDOR_MCAP_HISTORY,105199560000.0,90667000000.0,0.1381427831066974
CAT,2021-12-31,113500260000.0,EULERPOOL_VENDOR_MCAP_HISTORY,113500260000.0,97643000000.0,0.13971122180689277
CAT,2022-03-31,119877160000.0,EULERPOOL_VENDOR_MCAP_HISTORY,119877160000.0,105238000000.0,0.12211800813432684
CAT,2022-06-30,95457840000.0,EULERPOOL_VENDOR_MCAP_HISTORY,95457840000.0,84428000000.0,0.11554671674950952
CAT,2022-09-30,86634240000.0,EULERPOOL_VENDOR_MCAP_HISTORY,86634240000.0,77495000000.0,0.10549223955793921
CAT,2022-12-30,126487680000.0,EULERPOOL_VENDOR_MCAP_HISTORY,126487680000.0,113144000000.0,0.1054939105531859
CCSI,2020-03-31,,UNRESOLVED,,,
CCSI,2020-06-30,,UNRESOLVED,,,
CCSI,2020-09-30,,UNRESOLVED,,,
CCSI,2020-12-31,,UNRESOLVED,,,
CCSI,2021-03-31,,UNRESOLVED,,,
CCSI,2021-06-30,,UNRESOLVED,,,
CCSI,2021-09-30,693000000.0,EULERPOOL_OFFICIAL_MCAP_5Y,,693000000.0,
CCSI,2021-12-31,1126000000.0,EULERPOOL_OFFICIAL_MCAP_5Y,,1126000000.0,
CCSI,2022-03-31,1169000000.0,EULERPOOL_OFFICIAL_MCAP_5Y,,1169000000.0,
CCSI,2022-06-30,850000000.0,EULERPOOL_OFFICIAL_MCAP_5Y,,850000000.0,
CCSI,2022-09-30,920000000.0,EULERPOOL_OFFICIAL_MCAP_5Y,,920000000.0,
CCSI,2022-12-30,1046000000.0,EULERPOOL_OFFICIAL_MCAP_5Y,,1046000000.0,
CCMP,2020-03-31,,UNRESOLVED,,,
CCMP,2020-06-30,,UNRESOLVED,,,
CCMP,2020-09-30,,UNRESOLVED,,,
CCMP,2020-12-31,,UNRESOLVED,,,
CCMP,2021-03-31,,UNRESOLVED,,,
CCMP,2021-06-30,,UNRESOLVED,,,
CCMP,2021-09-30,3526000000.0,EULERPOOL_OFFICIAL_MCAP_5Y,,3526000000.0,
CCMP,2021-12-31,5484000000.0,EULERPOOL_OFFICIAL_MCAP_5Y,,5484000000.0,
CCMP,2022-03-31,5304000000.0,EULERPOOL_OFFICIAL_MCAP_5Y,,5304000000.0,
CCMP,2022-06-30,4992000000.0,EULERPOOL_OFFICIAL_MCAP_5Y,,4992000000.0,
CCMP,2022-09-30,,UNRESOLVED,,,
CCMP,2022-12-30,,UNRESOLVED,,,
CDE,2020-03-31,,UNRESOLVED,,,
CDE,2020-06-30,,UNRESOLVED,,,
CDE,2020-09-30,,UNRESOLVED,,,
CDE,2020-12-31,,UNRESOLVED,,,
CDE,2021-03-31,,UNRESOLVED,,,
CDE,2021-06-30,,UNRESOLVED,,,
CDE,2021-09-30,2452000000.0,EULERPOOL_OFFICIAL_MCAP_5Y,,2452000000.0,
CDE,2021-12-31,2003000000.0,EULERPOOL_OFFICIAL_MCAP_5Y,,2003000000.0,
CDE,2022-03-31,1769000000.0,EULERPOOL_OFFICIAL_MCAP_5Y,,1769000000.0,
CDE,2022-06-30,1208000000.0,EULERPOOL_OFFICIAL_MCAP_5Y,,1208000000.0,
CDE,2022-09-30,1359000000.0,EULERPOOL_OFFICIAL_MCAP_5Y,,1359000000.0,
CDE,2022-12-30,1335000000.0,EULERPOOL_OFFICIAL_MCAP_5Y,,1335000000.0,
CEG,2020-03-31,,UNRESOLVED,,,
CEG,2020-06-30,,UNRESOLVED,,,
CEG,2020-09-30,,UNRESOLVED,,,
CEG,2020-12-31,,UNRESOLVED,,,
CEG,2021-03-31,,UNRESOLVED,,,
CEG,2021-06-30,,UNRESOLVED,,,
CEG,2021-09-30,,UNRESOLVED,,,
CEG,2021-12-31,,UNRESOLVED,,,
CEG,2022-03-31,18450000000.0,EULERPOOL_VENDOR_MCAP_HISTORY,18450000000.0,17566000000.0,0.04791327913279133
CEG,2022-06-30,18781280000.0,EULERPOOL_VENDOR_MCAP_HISTORY,18781280000.0,17882000000.0,0.04788172052171098
CEG,2022-09-30,27286320000.0,EULERPOOL_VENDOR_MCAP_HISTORY,27286320000.0,25979000000.0,0.04791118773070169
CEG,2022-12-30,28276880000.0,EULERPOOL_VENDOR_MCAP_HISTORY,28276880000.0,26923000000.0,0.047879398292880966
CEQP,2020-03-31,,UNRESOLVED,,,
CEQP,2020-06-30,,UNRESOLVED,,,
CEQP,2020-09-30,,UNRESOLVED,,,
CEQP,2020-12-31,,UNRESOLVED,,,
CEQP,2021-03-31,,UNRESOLVED,,,
CEQP,2021-06-30,,UNRESOLVED,,,
CEQP,2021-09-30,2810000000.0,EULERPOOL_OFFICIAL_MCAP_5Y,,2810000000.0,
CEQP,2021-12-31,2731000000.0,EULERPOOL_OFFICIAL_MCAP_5Y,,2731000000.0,
CEQP,2022-03-31,2962000000.0,EULERPOOL_OFFICIAL_MCAP_5Y,,2962000000.0,
CEQP,2022-06-30,2384000000.0,EULERPOOL_OFFICIAL_MCAP_5Y,,2384000000.0,
CEQP,2022-09-30,2749000000.0,EULERPOOL_OFFICIAL_MCAP_5Y,,2749000000.0,
CEQP,2022-12-30,2593000000.0,EULERPOOL_OFFICIAL_MCAP_5Y,,2593000000.0,
CENX,2020-03-31,,UNRESOLVED,,,
CENX,2020-06-30,,UNRESOLVED,,,
CENX,2020-09-30,,UNRESOLVED,,,
CENX,2020-12-31,,UNRESOLVED,,,
CENX,2021-03-31,,UNRESOLVED,,,
CENX,2021-06-30,,UNRESOLVED,,,
CENX,2021-09-30,1282000000.0,EULERPOOL_OFFICIAL_MCAP_5Y,,1282000000.0,
CENX,2021-12-31,1578000000.0,EULERPOOL_OFFICIAL_MCAP_5Y,,1578000000.0,
CENX,2022-03-31,2507000000.0,EULERPOOL_OFFICIAL_MCAP_5Y,,2507000000.0,
CENX,2022-06-30,702000000.0,EULERPOOL_OFFICIAL_MCAP_5Y,,702000000.0,
CENX,2022-09-30,503000000.0,EULERPOOL_OFFICIAL_MCAP_5Y,,503000000.0,
CENX,2022-12-30,780000000.0,EULERPOOL_OFFICIAL_MCAP_5Y,,780000000.0,
CERN,2020-03-31,,UNRESOLVED,,,
CERN,2020-06-30,,UNRESOLVED,,,
CERN,2020-09-30,,UNRESOLVED,,,
CERN,2020-12-31,,UNRESOLVED,,,
CERN,2021-03-31,,UNRESOLVED,,,
CERN,2021-06-30,,UNRESOLVED,,,
CERN,2021-09-30,20740000000.0,EULERPOOL_OFFICIAL_MCAP_5Y,,20740000000.0,
CERN,2021-12-31,27313000000.0,EULERPOOL_OFFICIAL_MCAP_5Y,,27313000000.0,
CERN,2022-03-31,27516000000.0,EULERPOOL_OFFICIAL_MCAP_5Y,,27516000000.0,
CERN,2022-06-30,,UNRESOLVED,,,
CERN,2022-09-30,,UNRESOLVED,,,
CERN,2022-12-30,,UNRESOLVED,,,
CF,2020-03-31,,UNRESOLVED,,,
CF,2020-06-30,,UNRESOLVED,,,
CF,2020-09-30,,UNRESOLVED,,,
CF,2020-12-31,,UNRESOLVED,,,
CF,2021-03-31,,UNRESOLVED,,,
CF,2021-06-30,,UNRESOLVED,,,
CF,2021-09-30,10087000000.0,EULERPOOL_OFFICIAL_MCAP_5Y,,10087000000.0,
CF,2021-12-31,12790000000.0,EULERPOOL_OFFICIAL_MCAP_5Y,,12790000000.0,
CF,2022-03-31,18623000000.0,EULERPOOL_OFFICIAL_MCAP_5Y,,18623000000.0,
CF,2022-06-30,15491000000.0,EULERPOOL_OFFICIAL_MCAP_5Y,,15491000000.0,
CF,2022-09-30,17392000000.0,EULERPOOL_OFFICIAL_MCAP_5Y,,17392000000.0,
CF,2022-12-30,15396000000.0,EULERPOOL_OFFICIAL_MCAP_5Y,,15396000000.0,
CHX,2020-03-31,,UNRESOLVED,,,
CHX,2020-06-30,,UNRESOLVED,,,
CHX,2020-09-30,,UNRESOLVED,,,
CHX,2020-12-31,,UNRESOLVED,,,
CHX,2021-03-31,,UNRESOLVED,,,
CHX,2021-06-30,,UNRESOLVED,,,
CHX,2021-09-30,4330000000.0,EULERPOOL_OFFICIAL_MCAP_5Y,,4330000000.0,
CHX,2021-12-31,3914000000.0,EULERPOOL_OFFICIAL_MCAP_5Y,,3914000000.0,
CHX,2022-03-31,4740000000.0,EULERPOOL_OFFICIAL_MCAP_5Y,,4740000000.0,
CHX,2022-06-30,3844000000.0,EULERPOOL_OFFICIAL_MCAP_5Y,,3844000000.0,
CHX,2022-09-30,3790000000.0,EULERPOOL_OFFICIAL_MCAP_5Y,,3790000000.0,
CHX,2022-12-30,5614000000.0,EULERPOOL_OFFICIAL_MCAP_5Y,,5614000000.0,
CHE,2020-03-31,,UNRESOLVED,,,
CHE,2020-06-30,,UNRESOLVED,,,
CHE,2020-09-30,,UNRESOLVED,,,
CHE,2020-12-31,,UNRESOLVED,,,
CHE,2021-03-31,,UNRESOLVED,,,
CHE,2021-06-30,,UNRESOLVED,,,
CHE,2021-09-30,7063000000.0,EULERPOOL_OFFICIAL_MCAP_5Y,,7063000000.0,
CHE,2021-12-31,8034000000.0,EULERPOOL_OFFICIAL_MCAP_5Y,,8034000000.0,
CHE,2022-03-31,7692000000.0,EULERPOOL_OFFICIAL_MCAP_5Y,,7692000000.0,
CHE,2022-06-30,7128000000.0,EULERPOOL_OFFICIAL_MCAP_5Y,,7128000000.0,
CHE,2022-09-30,6630000000.0,EULERPOOL_OFFICIAL_MCAP_5Y,,6630000000.0,
CHE,2022-12-30,7751000000.0,EULERPOOL_OFFICIAL_MCAP_5Y,,7751000000.0,
CHGG,2020-03-31,,UNRESOLVED,,,
CHGG,2020-06-30,,UNRESOLVED,,,
CHGG,2020-09-30,,UNRESOLVED,,,
CHGG,2020-12-31,,UNRESOLVED,,,
CHGG,2021-03-31,,UNRESOLVED,,,
CHGG,2021-06-30,,UNRESOLVED,,,
CHGG,2021-09-30,7433000000.0,EULERPOOL_OFFICIAL_MCAP_5Y,,7433000000.0,
CHGG,2021-12-31,3355000000.0,EULERPOOL_OFFICIAL_MCAP_5Y,,3355000000.0,
CHGG,2022-03-31,3964000000.0,EULERPOOL_OFFICIAL_MCAP_5Y,,3964000000.0,
CHGG,2022-06-30,2052000000.0,EULERPOOL_OFFICIAL_MCAP_5Y,,2052000000.0,
CHGG,2022-09-30,2302000000.0,EULERPOOL_OFFICIAL_MCAP_5Y,,2302000000.0,
CHGG,2022-12-30,2761000000.0,EULERPOOL_OFFICIAL_MCAP_5Y,,2761000000.0,
CGC,2020-03-31,,UNRESOLVED,,,
CGC,2020-06-30,,UNRESOLVED,,,
CGC,2020-09-30,,UNRESOLVED,,,
CGC,2020-12-31,,UNRESOLVED,,,
CGC,2021-03-31,,UNRESOLVED,,,
CGC,2021-06-30,,UNRESOLVED,,,
CGC,2021-09-30,,UNRESOLVED,,,
CGC,2021-12-31,,UNRESOLVED,,,
CGC,2022-03-31,,UNRESOLVED,,,
CGC,2022-06-30,,UNRESOLVED,,,
CGC,2022-09-30,,UNRESOLVED,,,
CGC,2022-12-30,,UNRESOLVED,,,
CLF,2020-03-31,,UNRESOLVED,,,
CLF,2020-06-30,,UNRESOLVED,,,
CLF,2020-09-30,,UNRESOLVED,,,
CLF,2020-12-31,,UNRESOLVED,,,
CLF,2021-03-31,,UNRESOLVED,,,
CLF,2021-06-30,,UNRESOLVED,,,
CLF,2021-09-30,10063000000.0,EULERPOOL_OFFICIAL_MCAP_5Y,,10063000000.0,
CLF,2021-12-31,11059000000.0,EULERPOOL_OFFICIAL_MCAP_5Y,,11059000000.0,
CLF,2022-03-31,16363000000.0,EULERPOOL_OFFICIAL_MCAP_5Y,,16363000000.0,
CLF,2022-06-30,7808000000.0,EULERPOOL_OFFICIAL_MCAP_5Y,,7808000000.0,
CLF,2022-09-30,6843000000.0,EULERPOOL_OFFICIAL_MCAP_5Y,,6843000000.0,
CLF,2022-12-30,8184000000.0,EULERPOOL_OFFICIAL_MCAP_5Y,,8184000000.0,
CLVT,2020-03-31,,UNRESOLVED,,,
CLVT,2020-06-30,,UNRESOLVED,,,
CLVT,2020-09-30,,UNRESOLVED,,,
CLVT,2020-12-31,,UNRESOLVED,,,
CLVT,2021-03-31,,UNRESOLVED,,,
CLVT,2021-06-30,,UNRESOLVED,,,
CLVT,2021-09-30,14745000000.0,EULERPOOL_OFFICIAL_MCAP_5Y,,14745000000.0,
CLVT,2021-12-31,15836000000.0,EULERPOOL_OFFICIAL_MCAP_5Y,,15836000000.0,
CLVT,2022-03-31,11285000000.0,EULERPOOL_OFFICIAL_MCAP_5Y,,11285000000.0,
CLVT,2022-06-30,9332000000.0,EULERPOOL_OFFICIAL_MCAP_5Y,,9332000000.0,
CLVT,2022-09-30,6322000000.0,EULERPOOL_OFFICIAL_MCAP_5Y,,6322000000.0,
CLVT,2022-12-30,5615000000.0,EULERPOOL_OFFICIAL_MCAP_5Y,,5615000000.0,
CLH,2020-03-31,,UNRESOLVED,,,
CLH,2020-06-30,,UNRESOLVED,,,
CLH,2020-09-30,,UNRESOLVED,,,
CLH,2020-12-31,,UNRESOLVED,,,
CLH,2021-03-31,,UNRESOLVED,,,
CLH,2021-06-30,,UNRESOLVED,,,
CLH,2021-09-30,5550000000.0,EULERPOOL_OFFICIAL_MCAP_5Y,,5550000000.0,
CLH,2021-12-31,5331000000.0,EULERPOOL_OFFICIAL_MCAP_5Y,,5331000000.0,
CLH,2022-03-31,5965000000.0,EULERPOOL_OFFICIAL_MCAP_5Y,,5965000000.0,
CLH,2022-06-30,4684000000.0,EULERPOOL_OFFICIAL_MCAP_5Y,,4684000000.0,
CLH,2022-09-30,5876000000.0,EULERPOOL_OFFICIAL_MCAP_5Y,,5876000000.0,
CLH,2022-12-30,6097000000.0,EULERPOOL_OFFICIAL_MCAP_5Y,,6097000000.0,
CL,2020-03-31,56936880000.0,EULERPOOL_VENDOR_MCAP_HISTORY,56936880000.0,,
CL,2020-06-30,62930340000.0,EULERPOOL_VENDOR_MCAP_HISTORY,62930340000.0,,
CL,2020-09-30,66503300000.0,EULERPOOL_VENDOR_MCAP_HISTORY,66503300000.0,,
CL,2020-12-31,73453090000.0,EULERPOOL_VENDOR_MCAP_HISTORY,73453090000.0,,
CL,2021-03-31,67084330000.0,EULERPOOL_VENDOR_MCAP_HISTORY,67084330000.0,,
CL,2021-06-30,69066150000.0,EULERPOOL_VENDOR_MCAP_HISTORY,69066150000.0,,
CL,2021-09-30,63940680000.0,EULERPOOL_VENDOR_MCAP_HISTORY,63940680000.0,61303000000.0,0.04125198543399914
CL,2021-12-31,72368320000.0,EULERPOOL_VENDOR_MCAP_HISTORY,72368320000.0,69219000000.0,0.043517937130501304
CL,2022-03-31,64000520000.0,EULERPOOL_VENDOR_MCAP_HISTORY,64000520000.0,61506000000.0,0.038976558315463684
CL,2022-06-30,67237460000.0,EULERPOOL_VENDOR_MCAP_HISTORY,67237460000.0,65002000000.0,0.03324724045197424
CL,2022-09-30,58939750000.0,EULERPOOL_VENDOR_MCAP_HISTORY,58939750000.0,56980000000.0,0.03325005620145997
CL,2022-12-30,66104810000.0,EULERPOOL_VENDOR_MCAP_HISTORY,66104810000.0,63907000000.0,0.033247353709964525
CMPS,2020-03-31,,UNRESOLVED,,,
CMPS,2020-06-30,,UNRESOLVED,,,
CMPS,2020-09-30,,UNRESOLVED,,,
CMPS,2020-12-31,,UNRESOLVED,,,
CMPS,2021-03-31,,UNRESOLVED,,,
CMPS,2021-06-30,,UNRESOLVED,,,
CMPS,2021-09-30,3390000000.0,EULERPOOL_OFFICIAL_MCAP_5Y,,3390000000.0,
CMPS,2021-12-31,2508000000.0,EULERPOOL_OFFICIAL_MCAP_5Y,,2508000000.0,
CMPS,2022-03-31,1463000000.0,EULERPOOL_OFFICIAL_MCAP_5Y,,1463000000.0,
CMPS,2022-06-30,1228000000.0,EULERPOOL_OFFICIAL_MCAP_5Y,,1228000000.0,
CMPS,2022-09-30,1218000000.0,EULERPOOL_OFFICIAL_MCAP_5Y,,1218000000.0,
CMPS,2022-12-30,911000000.0,EULERPOOL_OFFICIAL_MCAP_5Y,,911000000.0,
CMP,2020-03-31,,UNRESOLVED,,,
CMP,2020-06-30,,UNRESOLVED,,,
CMP,2020-09-30,,UNRESOLVED,,,
CMP,2020-12-31,,UNRESOLVED,,,
CMP,2021-03-31,,UNRESOLVED,,,
CMP,2021-06-30,,UNRESOLVED,,,
CMP,2021-09-30,2694000000.0,EULERPOOL_OFFICIAL_MCAP_5Y,,2694000000.0,
CMP,2021-12-31,2137000000.0,EULERPOOL_OFFICIAL_MCAP_5Y,,2137000000.0,
CMP,2022-03-31,2626000000.0,EULERPOOL_OFFICIAL_MCAP_5Y,,2626000000.0,
CMP,2022-06-30,1480000000.0,EULERPOOL_OFFICIAL_MCAP_5Y,,1480000000.0,
CMP,2022-09-30,1612000000.0,EULERPOOL_OFFICIAL_MCAP_5Y,,1612000000.0,
CMP,2022-12-30,1715000000.0,EULERPOOL_OFFICIAL_MCAP_5Y,,1715000000.0,
CMI,2020-03-31,20298000000.0,EULERPOOL_VENDOR_MCAP_HISTORY,20298000000.0,,
CMI,2020-06-30,25642480000.0,EULERPOOL_VENDOR_MCAP_HISTORY,25642480000.0,,
CMI,2020-09-30,31462840000.0,EULERPOOL_VENDOR_MCAP_HISTORY,31462840000.0,,
CMI,2020-12-31,33837900000.0,EULERPOOL_VENDOR_MCAP_HISTORY,33837900000.0,,
CMI,2021-03-31,38348280000.0,EULERPOOL_VENDOR_MCAP_HISTORY,38348280000.0,,
CMI,2021-06-30,35840070000.0,EULERPOOL_VENDOR_MCAP_HISTORY,35840070000.0,,
CMI,2021-09-30,32561200000.0,EULERPOOL_VENDOR_MCAP_HISTORY,32561200000.0,31146000000.0,0.04346277164232276
CMI,2021-12-31,31848440000.0,EULERPOOL_VENDOR_MCAP_HISTORY,31848440000.0,30256000000.0,0.05000056517681871
CMI,2022-03-31,29330730000.0,EULERPOOL_VENDOR_MCAP_HISTORY,29330730000.0,28449000000.0,0.030061645243742656
CMI,2022-06-30,27481260000.0,EULERPOOL_VENDOR_MCAP_HISTORY,27481260000.0,26843000000.0,0.02322528151911521
CMI,2022-09-30,28898420000.0,EULERPOOL_VENDOR_MCAP_HISTORY,28898420000.0,28227000000.0,0.02323379617293956
CMI,2022-12-30,34405180000.0,EULERPOOL_VENDOR_MCAP_HISTORY,34405180000.0,33606000000.0,0.023228478967411304
CNNE,2020-03-31,,UNRESOLVED,,,
CNNE,2020-06-30,,UNRESOLVED,,,
CNNE,2020-09-30,,UNRESOLVED,,,
CNNE,2020-12-31,,UNRESOLVED,,,
CNNE,2021-03-31,,UNRESOLVED,,,
CNNE,2021-06-30,,UNRESOLVED,,,
CNNE,2021-09-30,1758000000.0,EULERPOOL_OFFICIAL_MCAP_5Y,,1758000000.0,
CNNE,2021-12-31,1986000000.0,EULERPOOL_OFFICIAL_MCAP_5Y,,1986000000.0,
CNNE,2022-03-31,1351000000.0,EULERPOOL_OFFICIAL_MCAP_5Y,,1351000000.0,
CNNE,2022-06-30,1093000000.0,EULERPOOL_OFFICIAL_MCAP_5Y,,1093000000.0,
CNNE,2022-09-30,1167000000.0,EULERPOOL_OFFICIAL_MCAP_5Y,,1167000000.0,
CNNE,2022-12-30,1167000000.0,EULERPOOL_OFFICIAL_MCAP_5Y,,1167000000.0,
CMS,2020-03-31,16755500000.0,EULERPOOL_VENDOR_MCAP_HISTORY,16755500000.0,,
CMS,2020-06-30,16737330000.0,EULERPOOL_VENDOR_MCAP_HISTORY,16737330000.0,,
CMS,2020-09-30,17618529000.0,EULERPOOL_VENDOR_MCAP_HISTORY,17618529000.0,,
CMS,2020-12-31,17503769000.0,EULERPOOL_VENDOR_MCAP_HISTORY,17503769000.0,,
CMS,2021-03-31,17698702000.0,EULERPOOL_VENDOR_MCAP_HISTORY,17698702000.0,,
CMS,2021-06-30,17097752000.0,EULERPOOL_VENDOR_MCAP_HISTORY,17097752000.0,,
CMS,2021-09-30,17297808000.0,EULERPOOL_VENDOR_MCAP_HISTORY,17297808000.0,17979000000.0,0.037888202903387284
CMS,2021-12-31,18844985000.0,EULERPOOL_VENDOR_MCAP_HISTORY,18844985000.0,19580000000.0,0.03753907048008172
CMS,2022-03-31,20275606000.0,EULERPOOL_VENDOR_MCAP_HISTORY,20275606000.0,21052000000.0,0.03687982139464184
CMS,2022-06-30,19581750000.0,EULERPOOL_VENDOR_MCAP_HISTORY,19581750000.0,20318000000.0,0.036236342159661386
CMS,2022-09-30,16895424000.0,EULERPOOL_VENDOR_MCAP_HISTORY,16895424000.0,17530000000.0,0.036199429549343985
CMS,2022-12-30,18372033000.0,EULERPOOL_VENDOR_MCAP_HISTORY,18372033000.0,19062000000.0,0.03619593956562795
CNP,2020-03-31,7755900000.0,EULERPOOL_VENDOR_MCAP_HISTORY,7755900000.0,,
CNP,2020-06-30,9913770000.0,EULERPOOL_VENDOR_MCAP_HISTORY,9913770000.0,,
CNP,2020-09-30,10603800000.0,EULERPOOL_VENDOR_MCAP_HISTORY,10603800000.0,,
CNP,2020-12-31,11490840000.0,EULERPOOL_VENDOR_MCAP_HISTORY,11490840000.0,,
CNP,2021-03-31,14292150000.0,EULERPOOL_VENDOR_MCAP_HISTORY,14292150000.0,,
CNP,2021-06-30,14613920000.0,EULERPOOL_VENDOR_MCAP_HISTORY,14613920000.0,,
CNP,2021-09-30,14981400000.0,EULERPOOL_VENDOR_MCAP_HISTORY,14981400000.0,15842000000.0,0.05432394899633885
CNP,2021-12-31,17025100000.0,EULERPOOL_VENDOR_MCAP_HISTORY,17025100000.0,17974000000.0,0.052792923111160565
CNP,2022-03-31,19333840000.0,EULERPOOL_VENDOR_MCAP_HISTORY,19333840000.0,19732000000.0,0.02017839043178593
CNP,2022-06-30,18694560000.0,EULERPOOL_VENDOR_MCAP_HISTORY,18694560000.0,19050000000.0,0.018658267716535434
CNP,2022-09-30,17837940000.0,EULERPOOL_VENDOR_MCAP_HISTORY,17837940000.0,18148000000.0,0.0170850782455367
CNP,2022-12-30,18983670000.0,EULERPOOL_VENDOR_MCAP_HISTORY,18983670000.0,19314000000.0,0.017103137620379
COKE,2020-03-31,,UNRESOLVED,,,
COKE,2020-06-30,,UNRESOLVED,,,
COKE,2020-09-30,,UNRESOLVED,,,
COKE,2020-12-31,,UNRESOLVED,,,
COKE,2021-03-31,,UNRESOLVED,,,
COKE,2021-06-30,,UNRESOLVED,,,
COKE,2021-09-30,4013000000.0,EULERPOOL_OFFICIAL_MCAP_5Y,,4013000000.0,
COKE,2021-12-31,6303000000.0,EULERPOOL_OFFICIAL_MCAP_5Y,,6303000000.0,
COKE,2022-03-31,5058000000.0,EULERPOOL_OFFICIAL_MCAP_5Y,,5058000000.0,
COKE,2022-06-30,5741000000.0,EULERPOOL_OFFICIAL_MCAP_5Y,,5741000000.0,
COKE,2022-09-30,4191000000.0,EULERPOOL_OFFICIAL_MCAP_5Y,,4191000000.0,
COKE,2022-12-30,5216000000.0,EULERPOOL_OFFICIAL_MCAP_5Y,,5216000000.0,
COO,2020-03-31,,UNRESOLVED,,,
COO,2020-06-30,,UNRESOLVED,,,
COO,2020-09-30,,UNRESOLVED,,,
COO,2020-12-31,,UNRESOLVED,,,
COO,2021-03-31,,UNRESOLVED,,,
COO,2021-06-30,,UNRESOLVED,,,
COO,2021-09-30,20666000000.0,EULERPOOL_OFFICIAL_MCAP_5Y,,20666000000.0,
COO,2021-12-31,20947000000.0,EULERPOOL_OFFICIAL_MCAP_5Y,,20947000000.0,
COO,2022-03-31,20880000000.0,EULERPOOL_OFFICIAL_MCAP_5Y,,20880000000.0,
COO,2022-06-30,15656000000.0,EULERPOOL_OFFICIAL_MCAP_5Y,,15656000000.0,
COO,2022-09-30,13195000000.0,EULERPOOL_OFFICIAL_MCAP_5Y,,13195000000.0,
COO,2022-12-30,16534000000.0,EULERPOOL_OFFICIAL_MCAP_5Y,,16534000000.0,
COUR,2020-03-31,,UNRESOLVED,,,
COUR,2020-06-30,,UNRESOLVED,,,
COUR,2020-09-30,,UNRESOLVED,,,
COUR,2020-12-31,,UNRESOLVED,,,
COUR,2021-03-31,,UNRESOLVED,,,
COUR,2021-06-30,,UNRESOLVED,,,
COUR,2021-09-30,5314000000.0,EULERPOOL_OFFICIAL_MCAP_5Y,,5314000000.0,
COUR,2021-12-31,4104000000.0,EULERPOOL_OFFICIAL_MCAP_5Y,,4104000000.0,
COUR,2022-03-31,3869000000.0,EULERPOOL_OFFICIAL_MCAP_5Y,,3869000000.0,
COUR,2022-06-30,2381000000.0,EULERPOOL_OFFICIAL_MCAP_5Y,,2381000000.0,
COUR,2022-09-30,1810000000.0,EULERPOOL_OFFICIAL_MCAP_5Y,,1810000000.0,
COUR,2022-12-30,1986000000.0,EULERPOOL_OFFICIAL_MCAP_5Y,,1986000000.0,
CPE,2020-03-31,,UNRESOLVED,,,
CPE,2020-06-30,,UNRESOLVED,,,
CPE,2020-09-30,,UNRESOLVED,,,
CPE,2020-12-31,,UNRESOLVED,,,
CPE,2021-03-31,,UNRESOLVED,,,
CPE,2021-06-30,,UNRESOLVED,,,
CPE,2021-09-30,3183000000.0,EULERPOOL_OFFICIAL_MCAP_5Y,,3183000000.0,
CPE,2021-12-31,3064000000.0,EULERPOOL_OFFICIAL_MCAP_5Y,,3064000000.0,
CPE,2022-03-31,3831000000.0,EULERPOOL_OFFICIAL_MCAP_5Y,,3831000000.0,
CPE,2022-06-30,2542000000.0,EULERPOOL_OFFICIAL_MCAP_5Y,,2542000000.0,
CPE,2022-09-30,2270000000.0,EULERPOOL_OFFICIAL_MCAP_5Y,,2270000000.0,
CPE,2022-12-30,2405000000.0,EULERPOOL_OFFICIAL_MCAP_5Y,,2405000000.0,
CPB,2020-03-31,,UNRESOLVED,,,
CPB,2020-06-30,,UNRESOLVED,,,
CPB,2020-09-30,,UNRESOLVED,,,
CPB,2020-12-31,,UNRESOLVED,,,
CPB,2021-03-31,,UNRESOLVED,,,
CPB,2021-06-30,,UNRESOLVED,,,
CPB,2021-09-30,12543000000.0,EULERPOOL_OFFICIAL_MCAP_5Y,,12543000000.0,
CPB,2021-12-31,13038000000.0,EULERPOOL_OFFICIAL_MCAP_5Y,,13038000000.0,
CPB,2022-03-31,13371000000.0,EULERPOOL_OFFICIAL_MCAP_5Y,,13371000000.0,
CPB,2022-06-30,14415000000.0,EULERPOOL_OFFICIAL_MCAP_5Y,,14415000000.0,
CPB,2022-09-30,14136000000.0,EULERPOOL_OFFICIAL_MCAP_5Y,,14136000000.0,
CPB,2022-12-30,17025000000.0,EULERPOOL_OFFICIAL_MCAP_5Y,,17025000000.0,
CPK,2020-03-31,,UNRESOLVED,,,
CPK,2020-06-30,,UNRESOLVED,,,
CPK,2020-09-30,,UNRESOLVED,,,
CPK,2020-12-31,,UNRESOLVED,,,
CPK,2021-03-31,,UNRESOLVED,,,
CPK,2021-06-30,,UNRESOLVED,,,
CPK,2021-09-30,2820000000.0,EULERPOOL_OFFICIAL_MCAP_5Y,,2820000000.0,
CPK,2021-12-31,3425000000.0,EULERPOOL_OFFICIAL_MCAP_5Y,,3425000000.0,
CPK,2022-03-31,3236000000.0,EULERPOOL_OFFICIAL_MCAP_5Y,,3236000000.0,
CPK,2022-06-30,3043000000.0,EULERPOOL_OFFICIAL_MCAP_5Y,,3043000000.0,
CPK,2022-09-30,2710000000.0,EULERPOOL_OFFICIAL_MCAP_5Y,,2710000000.0,
CPK,2022-12-30,2776000000.0,EULERPOOL_OFFICIAL_MCAP_5Y,,2776000000.0,
CPRI,2020-03-31,,UNRESOLVED,,,
CPRI,2020-06-30,,UNRESOLVED,,,
CPRI,2020-09-30,,UNRESOLVED,,,
CPRI,2020-12-31,,UNRESOLVED,,,
CPRI,2021-03-31,,UNRESOLVED,,,
CPRI,2021-06-30,,UNRESOLVED,,,
CPRI,2021-09-30,5769000000.0,EULERPOOL_OFFICIAL_MCAP_5Y,,5769000000.0,
CPRI,2021-12-31,7735000000.0,EULERPOOL_OFFICIAL_MCAP_5Y,,7735000000.0,
CPRI,2022-03-31,6124000000.0,EULERPOOL_OFFICIAL_MCAP_5Y,,6124000000.0,
CPRI,2022-06-30,4887000000.0,EULERPOOL_OFFICIAL_MCAP_5Y,,4887000000.0,
CPRI,2022-09-30,4581000000.0,EULERPOOL_OFFICIAL_MCAP_5Y,,4581000000.0,
CPRI,2022-12-30,6830000000.0,EULERPOOL_OFFICIAL_MCAP_5Y,,6830000000.0,
CPRX,2020-03-31,,UNRESOLVED,,,
CPRX,2020-06-30,,UNRESOLVED,,,
CPRX,2020-09-30,,UNRESOLVED,,,
CPRX,2020-12-31,,UNRESOLVED,,,
CPRX,2021-03-31,,UNRESOLVED,,,
CPRX,2021-06-30,,UNRESOLVED,,,
CPRX,2021-09-30,651000000.0,EULERPOOL_OFFICIAL_MCAP_5Y,,651000000.0,
CPRX,2021-12-31,832000000.0,EULERPOOL_OFFICIAL_MCAP_5Y,,832000000.0,
CPRX,2022-03-31,1019000000.0,EULERPOOL_OFFICIAL_MCAP_5Y,,1019000000.0,
CPRX,2022-06-30,862000000.0,EULERPOOL_OFFICIAL_MCAP_5Y,,862000000.0,
CPRX,2022-09-30,1577000000.0,EULERPOOL_OFFICIAL_MCAP_5Y,,1577000000.0,
CPRX,2022-12-30,2286000000.0,EULERPOOL_OFFICIAL_MCAP_5Y,,2286000000.0,
CRL,2020-03-31,,UNRESOLVED,,,
CRL,2020-06-30,,UNRESOLVED,,,
CRL,2020-09-30,,UNRESOLVED,,,
CRL,2020-12-31,,UNRESOLVED,,,
CRL,2021-03-31,,UNRESOLVED,,,
CRL,2021-06-30,,UNRESOLVED,,,
CRL,2021-09-30,20454000000.0,EULERPOOL_OFFICIAL_MCAP_5Y,,20454000000.0,
CRL,2021-12-31,18675000000.0,EULERPOOL_OFFICIAL_MCAP_5Y,,18675000000.0,
CRL,2022-03-31,14075000000.0,EULERPOOL_OFFICIAL_MCAP_5Y,,14075000000.0,
CRL,2022-06-30,10605000000.0,EULERPOOL_OFFICIAL_MCAP_5Y,,10605000000.0,
CRL,2022-09-30,9754000000.0,EULERPOOL_OFFICIAL_MCAP_5Y,,9754000000.0,
CRL,2022-12-30,10800000000.0,EULERPOOL_OFFICIAL_MCAP_5Y,,10800000000.0,
CROX,2020-03-31,,UNRESOLVED,,,
CROX,2020-06-30,,UNRESOLVED,,,
CROX,2020-09-30,,UNRESOLVED,,,
CROX,2020-12-31,,UNRESOLVED,,,
CROX,2021-03-31,,UNRESOLVED,,,
CROX,2021-06-30,,UNRESOLVED,,,
CROX,2021-09-30,7778000000.0,EULERPOOL_OFFICIAL_MCAP_5Y,,7778000000.0,
CROX,2021-12-31,6951000000.0,EULERPOOL_OFFICIAL_MCAP_5Y,,6951000000.0,
CROX,2022-03-31,4141000000.0,EULERPOOL_OFFICIAL_MCAP_5Y,,4141000000.0,
CROX,2022-06-30,2638000000.0,EULERPOOL_OFFICIAL_MCAP_5Y,,2638000000.0,
CROX,2022-09-30,3722000000.0,EULERPOOL_OFFICIAL_MCAP_5Y,,3722000000.0,
CROX,2022-12-30,5878000000.0,EULERPOOL_OFFICIAL_MCAP_5Y,,5878000000.0,
CSW,2020-03-31,,UNRESOLVED,,,
CSW,2020-06-30,,UNRESOLVED,,,
CSW,2020-09-30,,UNRESOLVED,,,
CSW,2020-12-31,,UNRESOLVED,,,
CSW,2021-03-31,,UNRESOLVED,,,
CSW,2021-06-30,,UNRESOLVED,,,
CSW,2021-09-30,2103000000.0,EULERPOOL_OFFICIAL_MCAP_5Y,,2103000000.0,
CSW,2021-12-31,1991000000.0,EULERPOOL_OFFICIAL_MCAP_5Y,,1991000000.0,
CSW,2022-03-31,1937000000.0,EULERPOOL_OFFICIAL_MCAP_5Y,,1937000000.0,
CSW,2022-06-30,1697000000.0,EULERPOOL_OFFICIAL_MCAP_5Y,,1697000000.0,
CSW,2022-09-30,1973000000.0,EULERPOOL_OFFICIAL_MCAP_5Y,,1973000000.0,
CSW,2022-12-30,1909000000.0,EULERPOOL_OFFICIAL_MCAP_5Y,,1909000000.0,
CSL,2020-03-31,,UNRESOLVED,,,
CSL,2020-06-30,,UNRESOLVED,,,
CSL,2020-09-30,,UNRESOLVED,,,
CSL,2020-12-31,,UNRESOLVED,,,
CSL,2021-03-31,,UNRESOLVED,,,
CSL,2021-06-30,,UNRESOLVED,,,
CSL,2021-09-30,8588000000.0,EULERPOOL_OFFICIAL_MCAP_5Y,,8588000000.0,
CSL,2021-12-31,10719000000.0,EULERPOOL_OFFICIAL_MCAP_5Y,,10719000000.0,
CSL,2022-03-31,10624000000.0,EULERPOOL_OFFICIAL_MCAP_5Y,,10624000000.0,
CSL,2022-06-30,10308000000.0,EULERPOOL_OFFICIAL_MCAP_5Y,,10308000000.0,
CSL,2022-09-30,12114000000.0,EULERPOOL_OFFICIAL_MCAP_5Y,,12114000000.0,
CSL,2022-12-30,10180000000.0,EULERPOOL_OFFICIAL_MCAP_5Y,,10180000000.0,
CRS,2020-03-31,941850000.0,EULERPOOL_VENDOR_MCAP_HISTORY,941850000.0,,
CRS,2020-06-30,1167868000.0,EULERPOOL_VENDOR_MCAP_HISTORY,1167868000.0,,
CRS,2020-09-30,877128000.0,EULERPOOL_VENDOR_MCAP_HISTORY,877128000.0,,
CRS,2020-12-31,1406496000.0,EULERPOOL_VENDOR_MCAP_HISTORY,1406496000.0,,
CRS,2021-03-31,1987545000.0,EULERPOOL_VENDOR_MCAP_HISTORY,1987545000.0,,
CRS,2021-06-30,1946648000.0,EULERPOOL_VENDOR_MCAP_HISTORY,1946648000.0,,
CRS,2021-09-30,1587890000.0,EULERPOOL_VENDOR_MCAP_HISTORY,1587890000.0,1660000000.0,0.043439759036144575
CRS,2021-12-31,1418634000.0,EULERPOOL_VENDOR_MCAP_HISTORY,1418634000.0,1480000000.0,0.04146351351351352
CRS,2022-03-31,2040228000.0,EULERPOOL_VENDOR_MCAP_HISTORY,2040228000.0,2128000000.0,0.04124624060150376
CRS,2022-06-30,1359217000.0,EULERPOOL_VENDOR_MCAP_HISTORY,1359217000.0,1415000000.0,0.0394226148409894
CRS,2022-09-30,1516518000.0,EULERPOOL_VENDOR_MCAP_HISTORY,1516518000.0,1579000000.0,0.03957061431285624
CRS,2022-12-30,1798978000.0,EULERPOOL_VENDOR_MCAP_HISTORY,1798978000.0,1873000000.0,0.03952055525894287
CTLT,2020-03-31,,UNRESOLVED,,,
CTLT,2020-06-30,,UNRESOLVED,,,
CTLT,2020-09-30,,UNRESOLVED,,,
CTLT,2020-12-31,,UNRESOLVED,,,
CTLT,2021-03-31,,UNRESOLVED,,,
CTLT,2021-06-30,,UNRESOLVED,,,
CTLT,2021-09-30,24086000000.0,EULERPOOL_OFFICIAL_MCAP_5Y,,24086000000.0,
CTLT,2021-12-31,23173000000.0,EULERPOOL_OFFICIAL_MCAP_5Y,,23173000000.0,
CTLT,2022-03-31,20073000000.0,EULERPOOL_OFFICIAL_MCAP_5Y,,20073000000.0,
CTLT,2022-06-30,19419000000.0,EULERPOOL_OFFICIAL_MCAP_5Y,,19419000000.0,
CTLT,2022-09-30,13097000000.0,EULERPOOL_OFFICIAL_MCAP_5Y,,13097000000.0,
CTLT,2022-12-30,8147000000.0,EULERPOOL_OFFICIAL_MCAP_5Y,,8147000000.0,
CTS,2020-03-31,,UNRESOLVED,,,
CTS,2020-06-30,,UNRESOLVED,,,
CTS,2020-09-30,,UNRESOLVED,,,
CTS,2020-12-31,,UNRESOLVED,,,
CTS,2021-03-31,,UNRESOLVED,,,
CTS,2021-06-30,,UNRESOLVED,,,
CTS,2021-09-30,921000000.0,EULERPOOL_OFFICIAL_MCAP_5Y,,921000000.0,
CTS,2021-12-31,1094000000.0,EULERPOOL_OFFICIAL_MCAP_5Y,,1094000000.0,
CTS,2022-03-31,1053000000.0,EULERPOOL_OFFICIAL_MCAP_5Y,,1053000000.0,
CTS,2022-06-30,1015000000.0,EULERPOOL_OFFICIAL_MCAP_5Y,,1015000000.0,
CTS,2022-09-30,1241000000.0,EULERPOOL_OFFICIAL_MCAP_5Y,,1241000000.0,
CTS,2022-12-30,1175000000.0,EULERPOOL_OFFICIAL_MCAP_5Y,,1175000000.0,
CURV,2020-03-31,,UNRESOLVED,,,
CURV,2020-06-30,,UNRESOLVED,,,
CURV,2020-09-30,,UNRESOLVED,,,
CURV,2020-12-31,,UNRESOLVED,,,
CURV,2021-03-31,,UNRESOLVED,,,
CURV,2021-06-30,,UNRESOLVED,,,
CURV,2021-09-30,1531000000.0,EULERPOOL_OFFICIAL_MCAP_5Y,,1531000000.0,
CURV,2021-12-31,980000000.0,EULERPOOL_OFFICIAL_MCAP_5Y,,980000000.0,
CURV,2022-03-31,601000000.0,EULERPOOL_OFFICIAL_MCAP_5Y,,601000000.0,
CURV,2022-06-30,429000000.0,EULERPOOL_OFFICIAL_MCAP_5Y,,429000000.0,
CURV,2022-09-30,414000000.0,EULERPOOL_OFFICIAL_MCAP_5Y,,414000000.0,
CURV,2022-12-30,294000000.0,EULERPOOL_OFFICIAL_MCAP_5Y,,294000000.0,
CSX,2020-03-31,44292900000.0,EULERPOOL_VENDOR_MCAP_HISTORY,44292900000.0,,
CSX,2020-06-30,53490656700.0,EULERPOOL_VENDOR_MCAP_HISTORY,53490656700.0,,
CSX,2020-09-30,59547000000.0,EULERPOOL_VENDOR_MCAP_HISTORY,59547000000.0,,
CSX,2020-12-31,69514500000.0,EULERPOOL_VENDOR_MCAP_HISTORY,69514500000.0,,
CSX,2021-03-31,73472040000.0,EULERPOOL_VENDOR_MCAP_HISTORY,73472040000.0,,
CSX,2021-06-30,72982000000.0,EULERPOOL_VENDOR_MCAP_HISTORY,72982000000.0,,
CSX,2021-09-30,66677080000.0,EULERPOOL_VENDOR_MCAP_HISTORY,66677080000.0,55703000000.0,0.16458549174618925
CSX,2021-12-31,83359200000.0,EULERPOOL_VENDOR_MCAP_HISTORY,83359200000.0,70425000000.0,0.1551622376414361
CSX,2022-03-31,82127850000.0,EULERPOOL_VENDOR_MCAP_HISTORY,82127850000.0,70144000000.0,0.14591700622870318
CSX,2022-06-30,62856780000.0,EULERPOOL_VENDOR_MCAP_HISTORY,62856780000.0,54429000000.0,0.13407909218385033
CSX,2022-09-30,56636640000.0,EULERPOOL_VENDOR_MCAP_HISTORY,56636640000.0,49897000000.0,0.11899787840521613
CSX,2022-12-30,65863480000.0,EULERPOOL_VENDOR_MCAP_HISTORY,65863480000.0,58026000000.0,0.11899583805775218
CVSA,2020-03-31,,UNRESOLVED,,,
CVSA,2020-06-30,,UNRESOLVED,,,
CVSA,2020-09-30,,UNRESOLVED,,,
CVSA,2020-12-31,,UNRESOLVED,,,
CVSA,2021-03-31,,UNRESOLVED,,,
CVSA,2021-06-30,,UNRESOLVED,,,
CVSA,2021-09-30,1305000000.0,EULERPOOL_OFFICIAL_MCAP_5Y,,1305000000.0,
CVSA,2021-12-31,1020000000.0,EULERPOOL_OFFICIAL_MCAP_5Y,,1020000000.0,
CVSA,2022-03-31,1025000000.0,EULERPOOL_OFFICIAL_MCAP_5Y,,1025000000.0,
CVSA,2022-06-30,1241000000.0,EULERPOOL_OFFICIAL_MCAP_5Y,,1241000000.0,
CVSA,2022-09-30,1258000000.0,EULERPOOL_OFFICIAL_MCAP_5Y,,1258000000.0,
CVSA,2022-12-30,1225000000.0,EULERPOOL_OFFICIAL_MCAP_5Y,,1225000000.0,
CVX,2020-03-31,135184926540.0,EULERPOOL_VENDOR_MCAP_HISTORY,135184926540.0,,
CVX,2020-06-30,165371118990.0,EULERPOOL_VENDOR_MCAP_HISTORY,165371118990.0,,
CVX,2020-09-30,133454376000.0,EULERPOOL_VENDOR_MCAP_HISTORY,133454376000.0,,
CVX,2020-12-31,161360641800.0,EULERPOOL_VENDOR_MCAP_HISTORY,161360641800.0,,
CVX,2021-03-31,200766008310.0,EULERPOOL_VENDOR_MCAP_HISTORY,200766008310.0,,
CVX,2021-06-30,201305880920.0,EULERPOOL_VENDOR_MCAP_HISTORY,201305880920.0,,
CVX,2021-09-30,194895087750.0,EULERPOOL_VENDOR_MCAP_HISTORY,194895087750.0,188291000000.0,0.033885347374538945
CVX,2021-12-31,225556322700.0,EULERPOOL_VENDOR_MCAP_HISTORY,225556322700.0,217802000000.0,0.03437865366475936
CVX,2022-03-31,316629773860.0,EULERPOOL_VENDOR_MCAP_HISTORY,316629773860.0,302212000000.0,0.04553511719455327
CVX,2022-06-30,283350241020.0,EULERPOOL_VENDOR_MCAP_HISTORY,283350241020.0,268712000000.0,0.05166129722461318
CVX,2022-09-30,278720087340.0,EULERPOOL_VENDOR_MCAP_HISTORY,278720087340.0,266652000000.0,0.043298233202971846
CVX,2022-12-30,348210958980.0,EULERPOOL_VENDOR_MCAP_HISTORY,348210958980.0,333133000000.0,0.04330121896268642
DAL,2020-03-31,,UNRESOLVED,,,
DAL,2020-06-30,,UNRESOLVED,,,
DAL,2020-09-30,,UNRESOLVED,,,
DAL,2020-12-31,,UNRESOLVED,,,
DAL,2021-03-31,,UNRESOLVED,,,
DAL,2021-06-30,,UNRESOLVED,,,
DAL,2021-09-30,27867000000.0,EULERPOOL_OFFICIAL_MCAP_5Y,,27867000000.0,
DAL,2021-12-31,25558000000.0,EULERPOOL_OFFICIAL_MCAP_5Y,,25558000000.0,
DAL,2022-03-31,25879000000.0,EULERPOOL_OFFICIAL_MCAP_5Y,,25879000000.0,
DAL,2022-06-30,18946000000.0,EULERPOOL_OFFICIAL_MCAP_5Y,,18946000000.0,
DAL,2022-09-30,18351000000.0,EULERPOOL_OFFICIAL_MCAP_5Y,,18351000000.0,
DAL,2022-12-30,21490000000.0,EULERPOOL_OFFICIAL_MCAP_5Y,,21490000000.0,
CWT,2020-03-31,,UNRESOLVED,,,
CWT,2020-06-30,,UNRESOLVED,,,
CWT,2020-09-30,,UNRESOLVED,,,
CWT,2020-12-31,,UNRESOLVED,,,
CWT,2021-03-31,,UNRESOLVED,,,
CWT,2021-06-30,,UNRESOLVED,,,
CWT,2021-09-30,3456000000.0,EULERPOOL_OFFICIAL_MCAP_5Y,,3456000000.0,
CWT,2021-12-31,4214000000.0,EULERPOOL_OFFICIAL_MCAP_5Y,,4214000000.0,
CWT,2022-03-31,3477000000.0,EULERPOOL_OFFICIAL_MCAP_5Y,,3477000000.0,
CWT,2022-06-30,3258000000.0,EULERPOOL_OFFICIAL_MCAP_5Y,,3258000000.0,
CWT,2022-09-30,3090000000.0,EULERPOOL_OFFICIAL_MCAP_5Y,,3090000000.0,
CWT,2022-12-30,3556000000.0,EULERPOOL_OFFICIAL_MCAP_5Y,,3556000000.0,
DCI,2020-03-31,,UNRESOLVED,,,
DCI,2020-06-30,,UNRESOLVED,,,
DCI,2020-09-30,,UNRESOLVED,,,
DCI,2020-12-31,,UNRESOLVED,,,
DCI,2021-03-31,,UNRESOLVED,,,
DCI,2021-06-30,,UNRESOLVED,,,
DCI,2021-09-30,6912000000.0,EULERPOOL_OFFICIAL_MCAP_5Y,,6912000000.0,
DCI,2021-12-31,7135000000.0,EULERPOOL_OFFICIAL_MCAP_5Y,,7135000000.0,
DCI,2022-03-31,6252000000.0,EULERPOOL_OFFICIAL_MCAP_5Y,,6252000000.0,
DCI,2022-06-30,5796000000.0,EULERPOOL_OFFICIAL_MCAP_5Y,,5796000000.0,
DCI,2022-09-30,5901000000.0,EULERPOOL_OFFICIAL_MCAP_5Y,,5901000000.0,
DCI,2022-12-30,7088000000.0,EULERPOOL_OFFICIAL_MCAP_5Y,,7088000000.0,
DCP,2020-03-31,,UNRESOLVED,,,
DCP,2020-06-30,,UNRESOLVED,,,
DCP,2020-09-30,,UNRESOLVED,,,
DCP,2020-12-31,,UNRESOLVED,,,
DCP,2021-03-31,,UNRESOLVED,,,
DCP,2021-06-30,,UNRESOLVED,,,
DCP,2021-09-30,5886000000.0,EULERPOOL_OFFICIAL_MCAP_5Y,,5886000000.0,
DCP,2021-12-31,5730000000.0,EULERPOOL_OFFICIAL_MCAP_5Y,,5730000000.0,
DCP,2022-03-31,6997000000.0,EULERPOOL_OFFICIAL_MCAP_5Y,,6997000000.0,
DCP,2022-06-30,6167000000.0,EULERPOOL_OFFICIAL_MCAP_5Y,,6167000000.0,
DCP,2022-09-30,7833000000.0,EULERPOOL_OFFICIAL_MCAP_5Y,,7833000000.0,
DCP,2022-12-30,8088000000.0,EULERPOOL_OFFICIAL_MCAP_5Y,,8088000000.0,
DGII,2020-03-31,,UNRESOLVED,,,
DGII,2020-06-30,,UNRESOLVED,,,
DGII,2020-09-30,,UNRESOLVED,,,
DGII,2020-12-31,,UNRESOLVED,,,
DGII,2021-03-31,,UNRESOLVED,,,
DGII,2021-06-30,,UNRESOLVED,,,
DGII,2021-09-30,793000000.0,EULERPOOL_OFFICIAL_MCAP_5Y,,793000000.0,
DGII,2021-12-31,927000000.0,EULERPOOL_OFFICIAL_MCAP_5Y,,927000000.0,
DGII,2022-03-31,812000000.0,EULERPOOL_OFFICIAL_MCAP_5Y,,812000000.0,
DGII,2022-06-30,914000000.0,EULERPOOL_OFFICIAL_MCAP_5Y,,914000000.0,
DGII,2022-09-30,1305000000.0,EULERPOOL_OFFICIAL_MCAP_5Y,,1305000000.0,
DGII,2022-12-30,1379000000.0,EULERPOOL_OFFICIAL_MCAP_5Y,,1379000000.0,
DD,2020-03-31,25186260000.0,EULERPOOL_VENDOR_MCAP_HISTORY,25186260000.0,,
DD,2020-06-30,39013359000.0,EULERPOOL_VENDOR_MCAP_HISTORY,39013359000.0,,
DD,2020-09-30,40744512000.0,EULERPOOL_VENDOR_MCAP_HISTORY,40744512000.0,,
DD,2020-12-31,52294294000.0,EULERPOOL_VENDOR_MCAP_HISTORY,52294294000.0,,
DD,2021-03-31,46854864000.0,EULERPOOL_VENDOR_MCAP_HISTORY,46854864000.0,,
DD,2021-06-30,41120192000.0,EULERPOOL_VENDOR_MCAP_HISTORY,41120192000.0,,
DD,2021-09-30,35565569000.0,EULERPOOL_VENDOR_MCAP_HISTORY,35565569000.0,35631000000.0,0.0018363503690606495
DD,2021-12-31,41827884000.0,EULERPOOL_VENDOR_MCAP_HISTORY,41827884000.0,42333000000.0,0.011931967968251718
DD,2022-03-31,37805404000.0,EULERPOOL_VENDOR_MCAP_HISTORY,37805404000.0,38560000000.0,0.019569398340248963
DD,2022-06-30,28140154000.0,EULERPOOL_VENDOR_MCAP_HISTORY,28140154000.0,29127000000.0,0.03388079788512377
DD,2022-09-30,25220160000.0,EULERPOOL_VENDOR_MCAP_HISTORY,25220160000.0,26413000000.0,0.045161094915382574
DD,2022-12-30,34342452000.0,EULERPOOL_VENDOR_MCAP_HISTORY,34342452000.0,35966000000.0,0.04514118890062837
DINO,2020-03-31,,UNRESOLVED,,,
DINO,2020-06-30,,UNRESOLVED,,,
DINO,2020-09-30,,UNRESOLVED,,,
DINO,2020-12-31,,UNRESOLVED,,,
DINO,2021-03-31,,UNRESOLVED,,,
DINO,2021-06-30,,UNRESOLVED,,,
DINO,2021-09-30,6361000000.0,EULERPOOL_OFFICIAL_MCAP_5Y,,6361000000.0,
DINO,2021-12-31,6294000000.0,EULERPOOL_OFFICIAL_MCAP_5Y,,6294000000.0,
DINO,2022-03-31,7651000000.0,EULERPOOL_OFFICIAL_MCAP_5Y,,7651000000.0,
DINO,2022-06-30,8671000000.0,EULERPOOL_OFFICIAL_MCAP_5Y,,8671000000.0,
DINO,2022-09-30,10337000000.0,EULERPOOL_OFFICIAL_MCAP_5Y,,10337000000.0,
DINO,2022-12-30,9963000000.0,EULERPOOL_OFFICIAL_MCAP_5Y,,9963000000.0,
DE,2020-03-31,43796720000.0,EULERPOOL_VENDOR_MCAP_HISTORY,43796720000.0,,
DE,2020-06-30,49659400000.0,EULERPOOL_VENDOR_MCAP_HISTORY,49659400000.0,,
DE,2020-09-30,70035080000.0,EULERPOOL_VENDOR_MCAP_HISTORY,70035080000.0,,
DE,2020-12-31,85288850000.0,EULERPOOL_VENDOR_MCAP_HISTORY,85288850000.0,,
DE,2021-03-31,118228240000.0,EULERPOOL_VENDOR_MCAP_HISTORY,118228240000.0,,
DE,2021-06-30,111103650000.0,EULERPOOL_VENDOR_MCAP_HISTORY,111103650000.0,,
DE,2021-09-30,104876910000.0,EULERPOOL_VENDOR_MCAP_HISTORY,104876910000.0,91039000000.0,0.13194429546026862
DE,2021-12-31,107667460000.0,EULERPOOL_VENDOR_MCAP_HISTORY,107667460000.0,93163000000.0,0.13471535410977467
DE,2022-03-31,128377140000.0,EULERPOOL_VENDOR_MCAP_HISTORY,128377140000.0,112880000000.0,0.12071572867256584
DE,2022-06-30,92236760000.0,EULERPOOL_VENDOR_MCAP_HISTORY,92236760000.0,81366000000.0,0.11785713201547843
DE,2022-09-30,102170340000.0,EULERPOOL_VENDOR_MCAP_HISTORY,102170340000.0,90718000000.0,0.11209065174883436
DE,2022-12-30,131200560000.0,EULERPOOL_VENDOR_MCAP_HISTORY,131200560000.0,116494000000.0,0.11209220448449306
DIN,2020-03-31,,UNRESOLVED,,,
DIN,2020-06-30,,UNRESOLVED,,,
DIN,2020-09-30,,UNRESOLVED,,,
DIN,2020-12-31,,UNRESOLVED,,,
DIN,2021-03-31,,UNRESOLVED,,,
DIN,2021-06-30,,UNRESOLVED,,,
DIN,2021-09-30,1213000000.0,EULERPOOL_OFFICIAL_MCAP_5Y,,1213000000.0,
DIN,2021-12-31,1132000000.0,EULERPOOL_OFFICIAL_MCAP_5Y,,1132000000.0,
DIN,2022-03-31,1164000000.0,EULERPOOL_OFFICIAL_MCAP_5Y,,1164000000.0,
DIN,2022-06-30,972000000.0,EULERPOOL_OFFICIAL_MCAP_5Y,,972000000.0,
DIN,2022-09-30,949000000.0,EULERPOOL_OFFICIAL_MCAP_5Y,,949000000.0,
DIN,2022-12-30,965000000.0,EULERPOOL_OFFICIAL_MCAP_5Y,,965000000.0,
DKS,2020-03-31,1849620000.0,EULERPOOL_VENDOR_MCAP_HISTORY,1849620000.0,,
DKS,2020-06-30,3465840000.0,EULERPOOL_VENDOR_MCAP_HISTORY,3465840000.0,,
DKS,2020-09-30,5151320000.0,EULERPOOL_VENDOR_MCAP_HISTORY,5151320000.0,,
DKS,2020-12-31,5452370000.0,EULERPOOL_VENDOR_MCAP_HISTORY,5452370000.0,,
DKS,2021-03-31,7386550000.0,EULERPOOL_VENDOR_MCAP_HISTORY,7386550000.0,,
DKS,2021-06-30,9317670000.0,EULERPOOL_VENDOR_MCAP_HISTORY,9317670000.0,,
DKS,2021-09-30,12695620000.0,EULERPOOL_VENDOR_MCAP_HISTORY,12695620000.0,9932000000.0,0.21768294892254178
DKS,2021-12-31,13108860000.0,EULERPOOL_VENDOR_MCAP_HISTORY,13108860000.0,9536000000.0,0.2725530671622094
DKS,2022-03-31,11402280000.0,EULERPOOL_VENDOR_MCAP_HISTORY,11402280000.0,8295000000.0,0.2725139182689778
DKS,2022-06-30,8290700000.0,EULERPOOL_VENDOR_MCAP_HISTORY,8290700000.0,6250000000.0,0.24614326896401992
DKS,2022-09-30,11405760000.0,EULERPOOL_VENDOR_MCAP_HISTORY,11405760000.0,8678000000.0,0.23915635608674915
DKS,2022-12-30,11668130000.0,EULERPOOL_VENDOR_MCAP_HISTORY,11668130000.0,9976000000.0,0.145021524443077
DOCN,2020-03-31,,UNRESOLVED,,,
DOCN,2020-06-30,,UNRESOLVED,,,
DOCN,2020-09-30,,UNRESOLVED,,,
DOCN,2020-12-31,,UNRESOLVED,,,
DOCN,2021-03-31,,UNRESOLVED,,,
DOCN,2021-06-30,,UNRESOLVED,,,
DOCN,2021-09-30,7102000000.0,EULERPOOL_OFFICIAL_MCAP_5Y,,7102000000.0,
DOCN,2021-12-31,7349000000.0,EULERPOOL_OFFICIAL_MCAP_5Y,,7349000000.0,
DOCN,2022-03-31,5293000000.0,EULERPOOL_OFFICIAL_MCAP_5Y,,5293000000.0,
DOCN,2022-06-30,3784000000.0,EULERPOOL_OFFICIAL_MCAP_5Y,,3784000000.0,
DOCN,2022-09-30,3309000000.0,EULERPOOL_OFFICIAL_MCAP_5Y,,3309000000.0,
DOCN,2022-12-30,2330000000.0,EULERPOOL_OFFICIAL_MCAP_5Y,,2330000000.0,
DOW,2020-03-31,21696080000.0,EULERPOOL_VENDOR_MCAP_HISTORY,21696080000.0,,
DOW,2020-06-30,30133868000.0,EULERPOOL_VENDOR_MCAP_HISTORY,30133868000.0,,
DOW,2020-09-30,34840525000.0,EULERPOOL_VENDOR_MCAP_HISTORY,34840525000.0,,
DOW,2020-12-31,41347500000.0,EULERPOOL_VENDOR_MCAP_HISTORY,41347500000.0,,
DOW,2021-03-31,47942212000.0,EULERPOOL_VENDOR_MCAP_HISTORY,47942212000.0,,
DOW,2021-06-30,47643512000.0,EULERPOOL_VENDOR_MCAP_HISTORY,47643512000.0,,
DOW,2021-09-30,43170000000.0,EULERPOOL_VENDOR_MCAP_HISTORY,43170000000.0,40960000000.0,0.051192958072735696
DOW,2021-12-31,42159976000.0,EULERPOOL_VENDOR_MCAP_HISTORY,42159976000.0,40362000000.0,0.04264651384052021
DOW,2022-03-31,47140056000.0,EULERPOOL_VENDOR_MCAP_HISTORY,47140056000.0,45343000000.0,0.038121634815198355
DOW,2022-06-30,37752715000.0,EULERPOOL_VENDOR_MCAP_HISTORY,37752715000.0,36726000000.0,0.02719579240857247
DOW,2022-09-30,31546133000.0,EULERPOOL_VENDOR_MCAP_HISTORY,31546133000.0,31261000000.0,0.009038603875790419
DOW,2022-12-30,36185059000.0,EULERPOOL_VENDOR_MCAP_HISTORY,36185059000.0,35858000000.0,0.009038509513000932
DNB,2020-03-31,,UNRESOLVED,,,
DNB,2020-06-30,,UNRESOLVED,,,
DNB,2020-09-30,,UNRESOLVED,,,
DNB,2020-12-31,,UNRESOLVED,,,
DNB,2021-03-31,,UNRESOLVED,,,
DNB,2021-06-30,,UNRESOLVED,,,
DNB,2021-09-30,7269000000.0,EULERPOOL_OFFICIAL_MCAP_5Y,,7269000000.0,
DNB,2021-12-31,8860000000.0,EULERPOOL_OFFICIAL_MCAP_5Y,,8860000000.0,
DNB,2022-03-31,7576000000.0,EULERPOOL_OFFICIAL_MCAP_5Y,,7576000000.0,
DNB,2022-06-30,6499000000.0,EULERPOOL_OFFICIAL_MCAP_5Y,,6499000000.0,
DNB,2022-09-30,5357000000.0,EULERPOOL_OFFICIAL_MCAP_5Y,,5357000000.0,
DNB,2022-12-30,5301000000.0,EULERPOOL_OFFICIAL_MCAP_5Y,,5301000000.0,
DOV,2020-03-31,12255240000.0,EULERPOOL_VENDOR_MCAP_HISTORY,12255240000.0,,
DOV,2020-06-30,14001200000.0,EULERPOOL_VENDOR_MCAP_HISTORY,14001200000.0,,
DOV,2020-09-30,15709300000.0,EULERPOOL_VENDOR_MCAP_HISTORY,15709300000.0,,
DOV,2020-12-31,18306250000.0,EULERPOOL_VENDOR_MCAP_HISTORY,18306250000.0,,
DOV,2021-03-31,19883850000.0,EULERPOOL_VENDOR_MCAP_HISTORY,19883850000.0,,
DOV,2021-06-30,21837000000.0,EULERPOOL_VENDOR_MCAP_HISTORY,21837000000.0,,
DOV,2021-09-30,22547500000.0,EULERPOOL_VENDOR_MCAP_HISTORY,22547500000.0,21424000000.0,0.04982814059208338
DOV,2021-12-31,26332000000.0,EULERPOOL_VENDOR_MCAP_HISTORY,26332000000.0,25020000000.0,0.049825307610511925
DOV,2022-03-31,22750500000.0,EULERPOOL_VENDOR_MCAP_HISTORY,22750500000.0,21617000000.0,0.049823080811410736
DOV,2022-06-30,17591400000.0,EULERPOOL_VENDOR_MCAP_HISTORY,17591400000.0,16715000000.0,0.0498197983105381
DOV,2022-09-30,16670940000.0,EULERPOOL_VENDOR_MCAP_HISTORY,16670940000.0,16062000000.0,0.036527034468362314
DOV,2022-12-30,19363630000.0,EULERPOOL_VENDOR_MCAP_HISTORY,19363630000.0,18656000000.0,0.036544284310328176
DRI,2020-03-31,6687688000.0,EULERPOOL_VENDOR_MCAP_HISTORY,6687688000.0,,
DRI,2020-06-30,9433365000.0,EULERPOOL_VENDOR_MCAP_HISTORY,9433365000.0,,
DRI,2020-09-30,13186866000.0,EULERPOOL_VENDOR_MCAP_HISTORY,13186866000.0,,
DRI,2020-12-31,15664280000.0,EULERPOOL_VENDOR_MCAP_HISTORY,15664280000.0,,
DRI,2021-03-31,18744000000.0,EULERPOOL_VENDOR_MCAP_HISTORY,18744000000.0,,
DRI,2021-06-30,19329076000.0,EULERPOOL_VENDOR_MCAP_HISTORY,19329076000.0,,
DRI,2021-09-30,19948599000.0,EULERPOOL_VENDOR_MCAP_HISTORY,19948599000.0,17934000000.0,0.10098949805948779
DRI,2021-12-31,19658520000.0,EULERPOOL_VENDOR_MCAP_HISTORY,19658520000.0,17836000000.0,0.09270891196285376
DRI,2022-03-31,17044190000.0,EULERPOOL_VENDOR_MCAP_HISTORY,17044190000.0,15741000000.0,0.07645948560770562
DRI,2022-06-30,14196560000.0,EULERPOOL_VENDOR_MCAP_HISTORY,14196560000.0,13393000000.0,0.05660244453585939
DRI,2022-09-30,15651048000.0,EULERPOOL_VENDOR_MCAP_HISTORY,15651048000.0,14956000000.0,0.044409038934645144
DRI,2022-12-30,17028423000.0,EULERPOOL_VENDOR_MCAP_HISTORY,17028423000.0,16378000000.0,0.03819631447962034
DT,2020-03-31,,UNRESOLVED,,,
DT,2020-06-30,,UNRESOLVED,,,
DT,2020-09-30,,UNRESOLVED,,,
DT,2020-12-31,,UNRESOLVED,,,
DT,2021-03-31,,UNRESOLVED,,,
DT,2021-06-30,,UNRESOLVED,,,
DT,2021-09-30,21547000000.0,EULERPOOL_OFFICIAL_MCAP_5Y,,21547000000.0,
DT,2021-12-31,18322000000.0,EULERPOOL_OFFICIAL_MCAP_5Y,,18322000000.0,
DT,2022-03-31,14300000000.0,EULERPOOL_OFFICIAL_MCAP_5Y,,14300000000.0,
DT,2022-06-30,11974000000.0,EULERPOOL_OFFICIAL_MCAP_5Y,,11974000000.0,
DT,2022-09-30,10568000000.0,EULERPOOL_OFFICIAL_MCAP_5Y,,10568000000.0,
DT,2022-12-30,11628000000.0,EULERPOOL_OFFICIAL_MCAP_5Y,,11628000000.0,
DTM,2020-03-31,,UNRESOLVED,,,
DTM,2020-06-30,,UNRESOLVED,,,
DTM,2020-09-30,,UNRESOLVED,,,
DTM,2020-12-31,,UNRESOLVED,,,
DTM,2021-03-31,,UNRESOLVED,,,
DTM,2021-06-30,,UNRESOLVED,,,
DTM,2021-09-30,4701000000.0,EULERPOOL_OFFICIAL_MCAP_5Y,,4701000000.0,
DTM,2021-12-31,4878000000.0,EULERPOOL_OFFICIAL_MCAP_5Y,,4878000000.0,
DTM,2022-03-31,5517000000.0,EULERPOOL_OFFICIAL_MCAP_5Y,,5517000000.0,
DTM,2022-06-30,4984000000.0,EULERPOOL_OFFICIAL_MCAP_5Y,,4984000000.0,
DTM,2022-09-30,5276000000.0,EULERPOOL_OFFICIAL_MCAP_5Y,,5276000000.0,
DTM,2022-12-30,5618000000.0,EULERPOOL_OFFICIAL_MCAP_5Y,,5618000000.0,
DVA,2020-03-31,,UNRESOLVED,,,
DVA,2020-06-30,,UNRESOLVED,,,
DVA,2020-09-30,,UNRESOLVED,,,
DVA,2020-12-31,,UNRESOLVED,,,
DVA,2021-03-31,,UNRESOLVED,,,
DVA,2021-06-30,,UNRESOLVED,,,
DVA,2021-09-30,8822000000.0,EULERPOOL_OFFICIAL_MCAP_5Y,,8822000000.0,
DVA,2021-12-31,8633000000.0,EULERPOOL_OFFICIAL_MCAP_5Y,,8633000000.0,
DVA,2022-03-31,8583000000.0,EULERPOOL_OFFICIAL_MCAP_5Y,,8583000000.0,
DVA,2022-06-30,6068000000.0,EULERPOOL_OFFICIAL_MCAP_5Y,,6068000000.0,
DVA,2022-09-30,6281000000.0,EULERPOOL_OFFICIAL_MCAP_5Y,,6281000000.0,
DVA,2022-12-30,5666000000.0,EULERPOOL_OFFICIAL_MCAP_5Y,,5666000000.0,
EBS,2020-03-31,,UNRESOLVED,,,
EBS,2020-06-30,,UNRESOLVED,,,
EBS,2020-09-30,,UNRESOLVED,,,
EBS,2020-12-31,,UNRESOLVED,,,
EBS,2021-03-31,,UNRESOLVED,,,
EBS,2021-06-30,,UNRESOLVED,,,
EBS,2021-09-30,2654000000.0,EULERPOOL_OFFICIAL_MCAP_5Y,,2654000000.0,
EBS,2021-12-31,2304000000.0,EULERPOOL_OFFICIAL_MCAP_5Y,,2304000000.0,
EBS,2022-03-31,2176000000.0,EULERPOOL_OFFICIAL_MCAP_5Y,,2176000000.0,
EBS,2022-06-30,1645000000.0,EULERPOOL_OFFICIAL_MCAP_5Y,,1645000000.0,
EBS,2022-09-30,1112000000.0,EULERPOOL_OFFICIAL_MCAP_5Y,,1112000000.0,
EBS,2022-12-30,626000000.0,EULERPOOL_OFFICIAL_MCAP_5Y,,626000000.0,
EA,2020-03-31,29550150000.0,EULERPOOL_VENDOR_MCAP_HISTORY,29550150000.0,,
EA,2020-06-30,38558600000.0,EULERPOOL_VENDOR_MCAP_HISTORY,38558600000.0,,
EA,2020-09-30,38210130000.0,EULERPOOL_VENDOR_MCAP_HISTORY,38210130000.0,,
EA,2020-12-31,41931200000.0,EULERPOOL_VENDOR_MCAP_HISTORY,41931200000.0,,
EA,2021-03-31,39528040000.0,EULERPOOL_VENDOR_MCAP_HISTORY,39528040000.0,,
EA,2021-06-30,41566870000.0,EULERPOOL_VENDOR_MCAP_HISTORY,41566870000.0,,
EA,2021-09-30,40825750000.0,EULERPOOL_VENDOR_MCAP_HISTORY,40825750000.0,37554000000.0,0.08013937282229965
EA,2021-12-31,37591500000.0,EULERPOOL_VENDOR_MCAP_HISTORY,37591500000.0,34822000000.0,0.0736735698229653
EA,2022-03-31,36181860000.0,EULERPOOL_VENDOR_MCAP_HISTORY,36181860000.0,33399000000.0,0.0769131271858329
EA,2022-06-30,34183650000.0,EULERPOOL_VENDOR_MCAP_HISTORY,34183650000.0,32116000000.0,0.06048651913999822
EA,2022-09-30,32283090000.0,EULERPOOL_VENDOR_MCAP_HISTORY,32283090000.0,30547000000.0,0.053777070286642324
EA,2022-12-30,34088220000.0,EULERPOOL_VENDOR_MCAP_HISTORY,34088220000.0,32256000000.0,0.05374935974949704
DTE,2020-03-31,15518502127.66,EULERPOOL_VENDOR_MCAP_HISTORY,15518502127.66,,
DTE,2020-06-30,17657446808.511,EULERPOOL_VENDOR_MCAP_HISTORY,17657446808.511,,
DTE,2020-09-30,18895931914.894,EULERPOOL_VENDOR_MCAP_HISTORY,18895931914.894,,
DTE,2020-12-31,19942238297.872,EULERPOOL_VENDOR_MCAP_HISTORY,19942238297.872,,
DTE,2021-03-31,21982263829.787,EULERPOOL_VENDOR_MCAP_HISTORY,21982263829.787,,
DTE,2021-06-30,21397787234.043,EULERPOOL_VENDOR_MCAP_HISTORY,21397787234.043,,
DTE,2021-09-30,21671740000.0,EULERPOOL_VENDOR_MCAP_HISTORY,21671740000.0,23124000000.0,0.0628031482442484
DTE,2021-12-31,23190760000.0,EULERPOOL_VENDOR_MCAP_HISTORY,23190760000.0,24745000000.0,0.06281026469993937
DTE,2022-03-31,25648740000.0,EULERPOOL_VENDOR_MCAP_HISTORY,25648740000.0,27367000000.0,0.06278583695691892
DTE,2022-06-30,24589500000.0,EULERPOOL_VENDOR_MCAP_HISTORY,24589500000.0,26237000000.0,0.0627930022487327
DTE,2022-09-30,22319700000.0,EULERPOOL_VENDOR_MCAP_HISTORY,22319700000.0,23815000000.0,0.0627881587234936
DTE,2022-12-30,22800820000.0,EULERPOOL_VENDOR_MCAP_HISTORY,22800820000.0,24329000000.0,0.06281310370339924
DXC,2020-03-31,,UNRESOLVED,,,
DXC,2020-06-30,,UNRESOLVED,,,
DXC,2020-09-30,,UNRESOLVED,,,
DXC,2020-12-31,,UNRESOLVED,,,
DXC,2021-03-31,,UNRESOLVED,,,
DXC,2021-06-30,,UNRESOLVED,,,
DXC,2021-09-30,5706000000.0,EULERPOOL_OFFICIAL_MCAP_5Y,,5706000000.0,
DXC,2021-12-31,5465000000.0,EULERPOOL_OFFICIAL_MCAP_5Y,,5465000000.0,
DXC,2022-03-31,5539000000.0,EULERPOOL_OFFICIAL_MCAP_5Y,,5539000000.0,
DXC,2022-06-30,5145000000.0,EULERPOOL_OFFICIAL_MCAP_5Y,,5145000000.0,
DXC,2022-09-30,4156000000.0,EULERPOOL_OFFICIAL_MCAP_5Y,,4156000000.0,
DXC,2022-12-30,4499000000.0,EULERPOOL_OFFICIAL_MCAP_5Y,,4499000000.0,
ECHO,2020-03-31,,UNRESOLVED,,,
ECHO,2020-06-30,,UNRESOLVED,,,
ECHO,2020-09-30,,UNRESOLVED,,,
ECHO,2020-12-31,,UNRESOLVED,,,
ECHO,2021-03-31,,UNRESOLVED,,,
ECHO,2021-06-30,,UNRESOLVED,,,
ECHO,2021-09-30,,UNRESOLVED,,,
ECHO,2021-12-31,,UNRESOLVED,,,
ECHO,2022-03-31,,UNRESOLVED,,,
ECHO,2022-06-30,,UNRESOLVED,,,
ECHO,2022-09-30,,UNRESOLVED,,,
ECHO,2022-12-30,,UNRESOLVED,,,
ED,2020-03-31,26130000000.0,EULERPOOL_VENDOR_MCAP_HISTORY,26130000000.0,,
ED,2020-06-30,24096550000.0,EULERPOOL_VENDOR_MCAP_HISTORY,24096550000.0,,
ED,2020-09-30,26063000000.0,EULERPOOL_VENDOR_MCAP_HISTORY,26063000000.0,,
ED,2020-12-31,24282720000.0,EULERPOOL_VENDOR_MCAP_HISTORY,24282720000.0,,
ED,2021-03-31,25656400000.0,EULERPOOL_VENDOR_MCAP_HISTORY,25656400000.0,,
ED,2021-06-30,24815120000.0,EULERPOOL_VENDOR_MCAP_HISTORY,24815120000.0,,
ED,2021-09-30,25696860000.0,EULERPOOL_VENDOR_MCAP_HISTORY,25696860000.0,25211000000.0,0.018907368448907766
ED,2021-12-31,29776680000.0,EULERPOOL_VENDOR_MCAP_HISTORY,29776680000.0,29632000000.0,0.004858835840664574
ED,2022-03-31,33611400000.0,EULERPOOL_VENDOR_MCAP_HISTORY,33611400000.0,32882000000.0,0.021700970504055173
ED,2022-06-30,33855600000.0,EULERPOOL_VENDOR_MCAP_HISTORY,33855600000.0,33028000000.0,0.02444499580571604
ED,2022-09-30,30530560000.0,EULERPOOL_VENDOR_MCAP_HISTORY,30530560000.0,29784000000.0,0.024452876069092737
ED,2022-12-30,33930360000.0,EULERPOOL_VENDOR_MCAP_HISTORY,33930360000.0,33101000000.0,0.024443006204472928
ECL,2020-03-31,45658190000.0,EULERPOOL_VENDOR_MCAP_HISTORY,45658190000.0,,
ECL,2020-06-30,58093400000.0,EULERPOOL_VENDOR_MCAP_HISTORY,58093400000.0,,
ECL,2020-09-30,57553920000.0,EULERPOOL_VENDOR_MCAP_HISTORY,57553920000.0,,
ECL,2020-12-31,62744400000.0,EULERPOOL_VENDOR_MCAP_HISTORY,62744400000.0,,
ECL,2021-03-31,61866230000.0,EULERPOOL_VENDOR_MCAP_HISTORY,61866230000.0,,
ECL,2021-06-30,59525330000.0,EULERPOOL_VENDOR_MCAP_HISTORY,59525330000.0,,
ECL,2021-09-30,60291180000.0,EULERPOOL_VENDOR_MCAP_HISTORY,60291180000.0,59498000000.0,0.013155821465096553
ECL,2021-12-31,67796510000.0,EULERPOOL_VENDOR_MCAP_HISTORY,67796510000.0,66905000000.0,0.013149791928817574
ECL,2022-03-31,50849280000.0,EULERPOOL_VENDOR_MCAP_HISTORY,50849280000.0,50355000000.0,0.009720491617580426
ECL,2022-06-30,44129120000.0,EULERPOOL_VENDOR_MCAP_HISTORY,44129120000.0,43852000000.0,0.006279753595811564
ECL,2022-09-30,41304120000.0,EULERPOOL_VENDOR_MCAP_HISTORY,41304120000.0,41189000000.0,0.002787131162702413
ECL,2022-12-30,41630160000.0,EULERPOOL_VENDOR_MCAP_HISTORY,41630160000.0,41514000000.0,0.0027902847358741837
EMBC,2020-03-31,,UNRESOLVED,,,
EMBC,2020-06-30,,UNRESOLVED,,,
EMBC,2020-09-30,,UNRESOLVED,,,
EMBC,2020-12-31,,UNRESOLVED,,,
EMBC,2021-03-31,,UNRESOLVED,,,
EMBC,2021-06-30,,UNRESOLVED,,,
EMBC,2021-09-30,,UNRESOLVED,,,
EMBC,2021-12-31,,UNRESOLVED,,,
EMBC,2022-03-31,1974000000.0,EULERPOOL_OFFICIAL_MCAP_5Y,,1974000000.0,
EMBC,2022-06-30,1499000000.0,EULERPOOL_OFFICIAL_MCAP_5Y,,1499000000.0,
EMBC,2022-09-30,1705000000.0,EULERPOOL_OFFICIAL_MCAP_5Y,,1705000000.0,
EMBC,2022-12-30,1498000000.0,EULERPOOL_OFFICIAL_MCAP_5Y,,1498000000.0,
EMN,2020-03-31,,UNRESOLVED,,,
EMN,2020-06-30,,UNRESOLVED,,,
EMN,2020-09-30,,UNRESOLVED,,,
EMN,2020-12-31,,UNRESOLVED,,,
EMN,2021-03-31,,UNRESOLVED,,,
EMN,2021-06-30,,UNRESOLVED,,,
EMN,2021-09-30,11646000000.0,EULERPOOL_OFFICIAL_MCAP_5Y,,11646000000.0,
EMN,2021-12-31,13977000000.0,EULERPOOL_OFFICIAL_MCAP_5Y,,13977000000.0,
EMN,2022-03-31,12954000000.0,EULERPOOL_OFFICIAL_MCAP_5Y,,12954000000.0,
EMN,2022-06-30,10377000000.0,EULERPOOL_OFFICIAL_MCAP_5Y,,10377000000.0,
EMN,2022-09-30,8213000000.0,EULERPOOL_OFFICIAL_MCAP_5Y,,8213000000.0,
EMN,2022-12-30,9414000000.0,EULERPOOL_OFFICIAL_MCAP_5Y,,9414000000.0,
ELAN,2020-03-31,,UNRESOLVED,,,
ELAN,2020-06-30,,UNRESOLVED,,,
ELAN,2020-09-30,,UNRESOLVED,,,
ELAN,2020-12-31,,UNRESOLVED,,,
ELAN,2021-03-31,,UNRESOLVED,,,
ELAN,2021-06-30,,UNRESOLVED,,,
ELAN,2021-09-30,15859000000.0,EULERPOOL_OFFICIAL_MCAP_5Y,,15859000000.0,
ELAN,2021-12-31,14113000000.0,EULERPOOL_OFFICIAL_MCAP_5Y,,14113000000.0,
ELAN,2022-03-31,12975000000.0,EULERPOOL_OFFICIAL_MCAP_5Y,,12975000000.0,
ELAN,2022-06-30,9762000000.0,EULERPOOL_OFFICIAL_MCAP_5Y,,9762000000.0,
ELAN,2022-09-30,6171000000.0,EULERPOOL_OFFICIAL_MCAP_5Y,,6171000000.0,
ELAN,2022-12-30,6077000000.0,EULERPOOL_OFFICIAL_MCAP_5Y,,6077000000.0,
EME,2020-03-31,3433920000.0,EULERPOOL_VENDOR_MCAP_HISTORY,3433920000.0,,
EME,2020-06-30,3637700000.0,EULERPOOL_VENDOR_MCAP_HISTORY,3637700000.0,,
EME,2020-09-30,3724050000.0,EULERPOOL_VENDOR_MCAP_HISTORY,3724050000.0,,
EME,2020-12-31,5030300000.0,EULERPOOL_VENDOR_MCAP_HISTORY,5030300000.0,,
EME,2021-03-31,6168800000.0,EULERPOOL_VENDOR_MCAP_HISTORY,6168800000.0,,
EME,2021-06-30,6775450000.0,EULERPOOL_VENDOR_MCAP_HISTORY,6775450000.0,,
EME,2021-09-30,6230520000.0,EULERPOOL_VENDOR_MCAP_HISTORY,6230520000.0,5209000000.0,0.16395421248948724
EME,2021-12-31,6879060000.0,EULERPOOL_VENDOR_MCAP_HISTORY,6879060000.0,5751000000.0,0.16398461417693697
EME,2022-03-31,5969390000.0,EULERPOOL_VENDOR_MCAP_HISTORY,5969390000.0,5085000000.0,0.14815416650612542
EME,2022-06-30,5250960000.0,EULERPOOL_VENDOR_MCAP_HISTORY,5250960000.0,4648000000.0,0.11482852659323248
EME,2022-09-30,5658520000.0,EULERPOOL_VENDOR_MCAP_HISTORY,5658520000.0,5213000000.0,0.07873436870418413
EME,2022-12-30,7257390000.0,EULERPOOL_VENDOR_MCAP_HISTORY,7257390000.0,6687000000.0,0.07859437070351738
ENLC,2020-03-31,,UNRESOLVED,,,
ENLC,2020-06-30,,UNRESOLVED,,,
ENLC,2020-09-30,,UNRESOLVED,,,
ENLC,2020-12-31,,UNRESOLVED,,,
ENLC,2021-03-31,,UNRESOLVED,,,
ENLC,2021-06-30,,UNRESOLVED,,,
ENLC,2021-09-30,3118000000.0,EULERPOOL_OFFICIAL_MCAP_5Y,,3118000000.0,
ENLC,2021-12-31,3150000000.0,EULERPOOL_OFFICIAL_MCAP_5Y,,3150000000.0,
ENLC,2022-03-31,4412000000.0,EULERPOOL_OFFICIAL_MCAP_5Y,,4412000000.0,
ENLC,2022-06-30,3886000000.0,EULERPOOL_OFFICIAL_MCAP_5Y,,3886000000.0,
ENLC,2022-09-30,4064000000.0,EULERPOOL_OFFICIAL_MCAP_5Y,,4064000000.0,
ENLC,2022-12-30,5623000000.0,EULERPOOL_OFFICIAL_MCAP_5Y,,5623000000.0,
EOG,2020-03-31,20833600000.0,EULERPOOL_VENDOR_MCAP_HISTORY,20833600000.0,,
EOG,2020-06-30,29332140000.0,EULERPOOL_VENDOR_MCAP_HISTORY,29332140000.0,,
EOG,2020-09-30,20809260000.0,EULERPOOL_VENDOR_MCAP_HISTORY,20809260000.0,,
EOG,2020-12-31,28874730000.0,EULERPOOL_VENDOR_MCAP_HISTORY,28874730000.0,,
EOG,2021-03-31,42284990000.0,EULERPOOL_VENDOR_MCAP_HISTORY,42284990000.0,,
EOG,2021-06-30,48728960000.0,EULERPOOL_VENDOR_MCAP_HISTORY,48728960000.0,,
EOG,2021-09-30,46877680000.0,EULERPOOL_VENDOR_MCAP_HISTORY,46877680000.0,43827000000.0,0.06507745263844116
EOG,2021-12-31,51876720000.0,EULERPOOL_VENDOR_MCAP_HISTORY,51876720000.0,48501000000.0,0.06507196291515732
EOG,2022-03-31,69868780000.0,EULERPOOL_VENDOR_MCAP_HISTORY,69868780000.0,65100000000.0,0.06825337439697673
EOG,2022-06-30,64938720000.0,EULERPOOL_VENDOR_MCAP_HISTORY,64938720000.0,60300000000.0,0.07143226722054269
EOG,2022-09-30,65585510000.0,EULERPOOL_VENDOR_MCAP_HISTORY,65585510000.0,61005000000.0,0.06984027417031598
EOG,2022-12-30,76028240000.0,EULERPOOL_VENDOR_MCAP_HISTORY,76028240000.0,70718000000.0,0.06984562578326159
ET,2020-03-31,12383200000.0,EULERPOOL_VENDOR_MCAP_HISTORY,12383200000.0,,
ET,2020-06-30,19195520000.0,EULERPOOL_VENDOR_MCAP_HISTORY,19195520000.0,,
ET,2020-09-30,14617740000.0,EULERPOOL_VENDOR_MCAP_HISTORY,14617740000.0,,
ET,2020-12-31,16661280000.0,EULERPOOL_VENDOR_MCAP_HISTORY,16661280000.0,,
ET,2021-03-31,20805120000.0,EULERPOOL_VENDOR_MCAP_HISTORY,20805120000.0,,
ET,2021-06-30,28892340000.0,EULERPOOL_VENDOR_MCAP_HISTORY,28892340000.0,,
ET,2021-09-30,26067180000.0,EULERPOOL_VENDOR_MCAP_HISTORY,26067180000.0,33046000000.0,0.21118501482781576
ET,2021-12-31,22550200000.0,EULERPOOL_VENDOR_MCAP_HISTORY,22550200000.0,28389000000.0,0.20567121068019303
ET,2022-03-31,34700190000.0,EULERPOOL_VENDOR_MCAP_HISTORY,34700190000.0,38600000000.0,0.10103134715025906
ET,2022-06-30,30997880000.0,EULERPOOL_VENDOR_MCAP_HISTORY,30997880000.0,34426000000.0,0.09957938767210829
ET,2022-09-30,34292270000.0,EULERPOOL_VENDOR_MCAP_HISTORY,34292270000.0,38048000000.0,0.09871031328847771
ET,2022-12-30,36903830000.0,EULERPOOL_VENDOR_MCAP_HISTORY,36903830000.0,40946000000.0,0.09871953304352074
ESAB,2020-03-31,,UNRESOLVED,,,
ESAB,2020-06-30,,UNRESOLVED,,,
ESAB,2020-09-30,,UNRESOLVED,,,
ESAB,2020-12-31,,UNRESOLVED,,,
ESAB,2021-03-31,,UNRESOLVED,,,
ESAB,2021-06-30,,UNRESOLVED,,,
ESAB,2021-09-30,,UNRESOLVED,,,
ESAB,2021-12-31,,UNRESOLVED,,,
ESAB,2022-03-31,,UNRESOLVED,,,
ESAB,2022-06-30,2656000000.0,EULERPOOL_OFFICIAL_MCAP_5Y,,2656000000.0,
ESAB,2022-09-30,2025000000.0,EULERPOOL_OFFICIAL_MCAP_5Y,,2025000000.0,
ESAB,2022-12-30,2849000000.0,EULERPOOL_OFFICIAL_MCAP_5Y,,2849000000.0,
ERII,2020-03-31,,UNRESOLVED,,,
ERII,2020-06-30,,UNRESOLVED,,,
ERII,2020-09-30,,UNRESOLVED,,,
ERII,2020-12-31,,UNRESOLVED,,,
ERII,2021-03-31,,UNRESOLVED,,,
ERII,2021-06-30,,UNRESOLVED,,,
ERII,2021-09-30,1100000000.0,EULERPOOL_OFFICIAL_MCAP_5Y,,1100000000.0,
ERII,2021-12-31,1243000000.0,EULERPOOL_OFFICIAL_MCAP_5Y,,1243000000.0,
ERII,2022-03-31,1165000000.0,EULERPOOL_OFFICIAL_MCAP_5Y,,1165000000.0,
ERII,2022-06-30,1123000000.0,EULERPOOL_OFFICIAL_MCAP_5Y,,1123000000.0,
ERII,2022-09-30,1257000000.0,EULERPOOL_OFFICIAL_MCAP_5Y,,1257000000.0,
ERII,2022-12-30,1185000000.0,EULERPOOL_OFFICIAL_MCAP_5Y,,1185000000.0,
EPD,2020-03-31,31517200000.0,EULERPOOL_VENDOR_MCAP_HISTORY,31517200000.0,,
EPD,2020-06-30,40010340000.0,EULERPOOL_VENDOR_MCAP_HISTORY,40010340000.0,,
EPD,2020-09-30,34753790000.0,EULERPOOL_VENDOR_MCAP_HISTORY,34753790000.0,,
EPD,2020-12-31,43137180000.0,EULERPOOL_VENDOR_MCAP_HISTORY,43137180000.0,,
EPD,2021-03-31,48510060000.0,EULERPOOL_VENDOR_MCAP_HISTORY,48510060000.0,,
EPD,2021-06-30,52724050000.0,EULERPOOL_VENDOR_MCAP_HISTORY,52724050000.0,,
EPD,2021-09-30,47694560000.0,EULERPOOL_VENDOR_MCAP_HISTORY,47694560000.0,47348000000.0,0.0072662374912358975
EPD,2021-12-31,48377880000.0,EULERPOOL_VENDOR_MCAP_HISTORY,48377880000.0,48048000000.0,0.006818818848614284
EPD,2022-03-31,56756190000.0,EULERPOOL_VENDOR_MCAP_HISTORY,56756190000.0,56472000000.0,0.0050072071433970465
EPD,2022-06-30,53638370000.0,EULERPOOL_VENDOR_MCAP_HISTORY,53638370000.0,53322000000.0,0.00589820309602995
EPD,2022-09-30,52292220000.0,EULERPOOL_VENDOR_MCAP_HISTORY,52292220000.0,52031000000.0,0.004995389371497328
EPD,2022-12-30,53039880000.0,EULERPOOL_VENDOR_MCAP_HISTORY,53039880000.0,52775000000.0,0.004993978116089252
ETSY,2020-03-31,,UNRESOLVED,,,
ETSY,2020-06-30,,UNRESOLVED,,,
ETSY,2020-09-30,,UNRESOLVED,,,
ETSY,2020-12-31,,UNRESOLVED,,,
ETSY,2021-03-31,,UNRESOLVED,,,
ETSY,2021-06-30,,UNRESOLVED,,,
ETSY,2021-09-30,20528000000.0,EULERPOOL_OFFICIAL_MCAP_5Y,,20528000000.0,
ETSY,2021-12-31,21612000000.0,EULERPOOL_OFFICIAL_MCAP_5Y,,21612000000.0,
ETSY,2022-03-31,12268000000.0,EULERPOOL_OFFICIAL_MCAP_5Y,,12268000000.0,
ETSY,2022-06-30,7227000000.0,EULERPOOL_OFFICIAL_MCAP_5Y,,7227000000.0,
ETSY,2022-09-30,9884000000.0,EULERPOOL_OFFICIAL_MCAP_5Y,,9884000000.0,
ETSY,2022-12-30,11823000000.0,EULERPOOL_OFFICIAL_MCAP_5Y,,11823000000.0,
ETRN,2020-03-31,,UNRESOLVED,,,
ETRN,2020-06-30,,UNRESOLVED,,,
ETRN,2020-09-30,,UNRESOLVED,,,
ETRN,2020-12-31,,UNRESOLVED,,,
ETRN,2021-03-31,,UNRESOLVED,,,
ETRN,2021-06-30,,UNRESOLVED,,,
ETRN,2021-09-30,4411000000.0,EULERPOOL_OFFICIAL_MCAP_5Y,,4411000000.0,
ETRN,2021-12-31,4498000000.0,EULERPOOL_OFFICIAL_MCAP_5Y,,4498000000.0,
ETRN,2022-03-31,3671000000.0,EULERPOOL_OFFICIAL_MCAP_5Y,,3671000000.0,
ETRN,2022-06-30,2767000000.0,EULERPOOL_OFFICIAL_MCAP_5Y,,2767000000.0,
ETRN,2022-09-30,3254000000.0,EULERPOOL_OFFICIAL_MCAP_5Y,,3254000000.0,
ETRN,2022-12-30,2915000000.0,EULERPOOL_OFFICIAL_MCAP_5Y,,2915000000.0,
EVRI,2020-03-31,,UNRESOLVED,,,
EVRI,2020-06-30,,UNRESOLVED,,,
EVRI,2020-09-30,,UNRESOLVED,,,
EVRI,2020-12-31,,UNRESOLVED,,,
EVRI,2021-03-31,,UNRESOLVED,,,
EVRI,2021-06-30,,UNRESOLVED,,,
EVRI,2021-09-30,2100000000.0,EULERPOOL_OFFICIAL_MCAP_5Y,,2100000000.0,
EVRI,2021-12-31,1854000000.0,EULERPOOL_OFFICIAL_MCAP_5Y,,1854000000.0,
EVRI,2022-03-31,1824000000.0,EULERPOOL_OFFICIAL_MCAP_5Y,,1824000000.0,
EVRI,2022-06-30,1417000000.0,EULERPOOL_OFFICIAL_MCAP_5Y,,1417000000.0,
EVRI,2022-09-30,1409000000.0,EULERPOOL_OFFICIAL_MCAP_5Y,,1409000000.0,
EVRI,2022-12-30,1246000000.0,EULERPOOL_OFFICIAL_MCAP_5Y,,1246000000.0,
EVCM,2020-03-31,,UNRESOLVED,,,
EVCM,2020-06-30,,UNRESOLVED,,,
EVCM,2020-09-30,,UNRESOLVED,,,
EVCM,2020-12-31,,UNRESOLVED,,,
EVCM,2021-03-31,,UNRESOLVED,,,
EVCM,2021-06-30,,UNRESOLVED,,,
EVCM,2021-09-30,3033000000.0,EULERPOOL_OFFICIAL_MCAP_5Y,,3033000000.0,
EVCM,2021-12-31,2897000000.0,EULERPOOL_OFFICIAL_MCAP_5Y,,2897000000.0,
EVCM,2022-03-31,2428000000.0,EULERPOOL_OFFICIAL_MCAP_5Y,,2428000000.0,
EVCM,2022-06-30,1663000000.0,EULERPOOL_OFFICIAL_MCAP_5Y,,1663000000.0,
EVCM,2022-09-30,2010000000.0,EULERPOOL_OFFICIAL_MCAP_5Y,,2010000000.0,
EVCM,2022-12-30,1368000000.0,EULERPOOL_OFFICIAL_MCAP_5Y,,1368000000.0,
EVTC,2020-03-31,,UNRESOLVED,,,
EVTC,2020-06-30,,UNRESOLVED,,,
EVTC,2020-09-30,,UNRESOLVED,,,
EVTC,2020-12-31,,UNRESOLVED,,,
EVTC,2021-03-31,,UNRESOLVED,,,
EVTC,2021-06-30,,UNRESOLVED,,,
EVTC,2021-09-30,2925000000.0,EULERPOOL_OFFICIAL_MCAP_5Y,,2925000000.0,
EVTC,2021-12-31,3198000000.0,EULERPOOL_OFFICIAL_MCAP_5Y,,3198000000.0,
EVTC,2022-03-31,2619000000.0,EULERPOOL_OFFICIAL_MCAP_5Y,,2619000000.0,
EVTC,2022-06-30,2360000000.0,EULERPOOL_OFFICIAL_MCAP_5Y,,2360000000.0,
EVTC,2022-09-30,2006000000.0,EULERPOOL_OFFICIAL_MCAP_5Y,,2006000000.0,
EVTC,2022-12-30,2072000000.0,EULERPOOL_OFFICIAL_MCAP_5Y,,2072000000.0,
EW,2020-03-31,39924566666.667,EULERPOOL_VENDOR_MCAP_HISTORY,39924566666.667,,
EW,2020-06-30,42848200000.0,EULERPOOL_VENDOR_MCAP_HISTORY,42848200000.0,,
EW,2020-09-30,50366420000.0,EULERPOOL_VENDOR_MCAP_HISTORY,50366420000.0,,
EW,2020-12-31,57657360000.0,EULERPOOL_VENDOR_MCAP_HISTORY,57657360000.0,,
EW,2021-03-31,52776840000.0,EULERPOOL_VENDOR_MCAP_HISTORY,52776840000.0,,
EW,2021-06-30,65249100000.0,EULERPOOL_VENDOR_MCAP_HISTORY,65249100000.0,,
EW,2021-09-30,71548720000.0,EULERPOOL_VENDOR_MCAP_HISTORY,71548720000.0,66318000000.0,0.07310710799578246
EW,2021-12-31,81746050000.0,EULERPOOL_VENDOR_MCAP_HISTORY,81746050000.0,75890000000.0,0.07163710050822028
EW,2022-03-31,74045880000.0,EULERPOOL_VENDOR_MCAP_HISTORY,74045880000.0,68960000000.0,0.06868552308379615
EW,2022-06-30,59621430000.0,EULERPOOL_VENDOR_MCAP_HISTORY,59621430000.0,55704000000.0,0.06570506611465039
EW,2022-09-30,51643750000.0,EULERPOOL_VENDOR_MCAP_HISTORY,51643750000.0,48405000000.0,0.06271330025414498
EW,2022-12-30,46631250000.0,EULERPOOL_VENDOR_MCAP_HISTORY,46631250000.0,43707000000.0,0.06271009248090069
EXLS,2020-03-31,,UNRESOLVED,,,
EXLS,2020-06-30,,UNRESOLVED,,,
EXLS,2020-09-30,,UNRESOLVED,,,
EXLS,2020-12-31,,UNRESOLVED,,,
EXLS,2021-03-31,,UNRESOLVED,,,
EXLS,2021-06-30,,UNRESOLVED,,,
EXLS,2021-09-30,3870000000.0,EULERPOOL_OFFICIAL_MCAP_5Y,,3870000000.0,
EXLS,2021-12-31,4550000000.0,EULERPOOL_OFFICIAL_MCAP_5Y,,4550000000.0,
EXLS,2022-03-31,4503000000.0,EULERPOOL_OFFICIAL_MCAP_5Y,,4503000000.0,
EXLS,2022-06-30,4631000000.0,EULERPOOL_OFFICIAL_MCAP_5Y,,4631000000.0,
EXLS,2022-09-30,4632000000.0,EULERPOOL_OFFICIAL_MCAP_5Y,,4632000000.0,
EXLS,2022-12-30,5325000000.0,EULERPOOL_OFFICIAL_MCAP_5Y,,5325000000.0,
EXEL,2020-03-31,,UNRESOLVED,,,
EXEL,2020-06-30,,UNRESOLVED,,,
EXEL,2020-09-30,,UNRESOLVED,,,
EXEL,2020-12-31,,UNRESOLVED,,,
EXEL,2021-03-31,,UNRESOLVED,,,
EXEL,2021-06-30,,UNRESOLVED,,,
EXEL,2021-09-30,5959000000.0,EULERPOOL_OFFICIAL_MCAP_5Y,,5959000000.0,
EXEL,2021-12-31,5152000000.0,EULERPOOL_OFFICIAL_MCAP_5Y,,5152000000.0,
EXEL,2022-03-31,6390000000.0,EULERPOOL_OFFICIAL_MCAP_5Y,,6390000000.0,
EXEL,2022-06-30,5868000000.0,EULERPOOL_OFFICIAL_MCAP_5Y,,5868000000.0,
EXEL,2022-09-30,4420000000.0,EULERPOOL_OFFICIAL_MCAP_5Y,,4420000000.0,
EXEL,2022-12-30,4521000000.0,EULERPOOL_OFFICIAL_MCAP_5Y,,4521000000.0,
EXPE,2020-03-31,7934070000.0,EULERPOOL_VENDOR_MCAP_HISTORY,7934070000.0,,
EXPE,2020-06-30,11590200000.0,EULERPOOL_VENDOR_MCAP_HISTORY,11590200000.0,,
EXPE,2020-09-30,12928290000.0,EULERPOOL_VENDOR_MCAP_HISTORY,12928290000.0,,
EXPE,2020-12-31,18668400000.0,EULERPOOL_VENDOR_MCAP_HISTORY,18668400000.0,,
EXPE,2021-03-31,24957400000.0,EULERPOOL_VENDOR_MCAP_HISTORY,24957400000.0,,
EXPE,2021-06-30,24392790000.0,EULERPOOL_VENDOR_MCAP_HISTORY,24392790000.0,,
EXPE,2021-09-30,26224000000.0,EULERPOOL_VENDOR_MCAP_HISTORY,26224000000.0,21625000000.0,0.17537370347773032
EXPE,2021-12-31,27108000000.0,EULERPOOL_VENDOR_MCAP_HISTORY,27108000000.0,23845000000.0,0.12037037037037036
EXPE,2022-03-31,30524520000.0,EULERPOOL_VENDOR_MCAP_HISTORY,30524520000.0,25817000000.0,0.15422093451428556
EXPE,2022-06-30,14888310000.0,EULERPOOL_VENDOR_MCAP_HISTORY,14888310000.0,12512000000.0,0.15960911614548595
EXPE,2022-09-30,15177780000.0,EULERPOOL_VENDOR_MCAP_HISTORY,15177780000.0,12362000000.0,0.18551988498976793
EXPE,2022-12-30,14191200000.0,EULERPOOL_VENDOR_MCAP_HISTORY,14191200000.0,11558000000.0,0.1855516094481087
EXPO,2020-03-31,,UNRESOLVED,,,
EXPO,2020-06-30,,UNRESOLVED,,,
EXPO,2020-09-30,,UNRESOLVED,,,
EXPO,2020-12-31,,UNRESOLVED,,,
EXPO,2021-03-31,,UNRESOLVED,,,
EXPO,2021-06-30,,UNRESOLVED,,,
EXPO,2021-09-30,5798000000.0,EULERPOOL_OFFICIAL_MCAP_5Y,,5798000000.0,
EXPO,2021-12-31,5982000000.0,EULERPOOL_OFFICIAL_MCAP_5Y,,5982000000.0,
EXPO,2022-03-31,5537000000.0,EULERPOOL_OFFICIAL_MCAP_5Y,,5537000000.0,
EXPO,2022-06-30,4687000000.0,EULERPOOL_OFFICIAL_MCAP_5Y,,4687000000.0,
EXPO,2022-09-30,4493000000.0,EULERPOOL_OFFICIAL_MCAP_5Y,,4493000000.0,
EXPO,2022-12-30,5078000000.0,EULERPOOL_OFFICIAL_MCAP_5Y,,5078000000.0,
F,2020-03-31,19141290000.0,EULERPOOL_VENDOR_MCAP_HISTORY,19141290000.0,,
F,2020-06-30,24271360000.0,EULERPOOL_VENDOR_MCAP_HISTORY,24271360000.0,,
F,2020-09-30,26673300000.0,EULERPOOL_VENDOR_MCAP_HISTORY,26673300000.0,,
F,2020-12-31,34922670000.0,EULERPOOL_VENDOR_MCAP_HISTORY,34922670000.0,,
F,2021-03-31,49196000000.0,EULERPOOL_VENDOR_MCAP_HISTORY,49196000000.0,,
F,2021-06-30,59856080000.0,EULERPOOL_VENDOR_MCAP_HISTORY,59856080000.0,,
F,2021-09-30,57149760000.0,EULERPOOL_VENDOR_MCAP_HISTORY,57149760000.0,56343000000.0,0.014116594715358385
F,2021-12-31,83786180000.0,EULERPOOL_VENDOR_MCAP_HISTORY,83786180000.0,82644000000.0,0.013632081090222755
F,2022-03-31,67775280000.0,EULERPOOL_VENDOR_MCAP_HISTORY,67775280000.0,67285000000.0,0.007233905931484164
F,2022-06-30,45098760000.0,EULERPOOL_VENDOR_MCAP_HISTORY,45098760000.0,44286000000.0,0.018021781530135197
F,2022-09-30,45035200000.0,EULERPOOL_VENDOR_MCAP_HISTORY,45035200000.0,44565000000.0,0.01044072192418375
F,2022-12-30,46764230000.0,EULERPOOL_VENDOR_MCAP_HISTORY,46764230000.0,46276000000.0,0.010440244605759572
FANG,2020-03-31,4152542800.0,EULERPOOL_VENDOR_MCAP_HISTORY,4152542800.0,,
FANG,2020-06-30,6600408780.0,EULERPOOL_VENDOR_MCAP_HISTORY,6600408780.0,,
FANG,2020-09-30,4753929960.0,EULERPOOL_VENDOR_MCAP_HISTORY,4753929960.0,,
FANG,2020-12-31,7645990000.0,EULERPOOL_VENDOR_MCAP_HISTORY,7645990000.0,,
FANG,2021-03-31,12120411740.0,EULERPOOL_VENDOR_MCAP_HISTORY,12120411740.0,,
FANG,2021-06-30,17084975520.0,EULERPOOL_VENDOR_MCAP_HISTORY,17084975520.0,,
FANG,2021-09-30,17137826090.0,EULERPOOL_VENDOR_MCAP_HISTORY,17137826090.0,27126000000.0,0.36821403487429033
FANG,2021-12-31,19520634300.0,EULERPOOL_VENDOR_MCAP_HISTORY,19520634300.0,30902000000.0,0.3683051485340755
FANG,2022-03-31,24476319400.0,EULERPOOL_VENDOR_MCAP_HISTORY,24476319400.0,39278000000.0,0.37684405010438415
FANG,2022-06-30,21428527400.0,EULERPOOL_VENDOR_MCAP_HISTORY,21428527400.0,34713000000.0,0.3826944545271224
FANG,2022-09-30,21009187680.0,EULERPOOL_VENDOR_MCAP_HISTORY,21009187680.0,34515000000.0,0.39130268926553674
FANG,2022-12-30,23855526240.0,EULERPOOL_VENDOR_MCAP_HISTORY,23855526240.0,39192000000.0,0.39131643600734844
FCX,2020-03-31,9801000000.0,EULERPOOL_VENDOR_MCAP_HISTORY,9801000000.0,,
FCX,2020-06-30,16869060000.0,EULERPOOL_VENDOR_MCAP_HISTORY,16869060000.0,,
FCX,2020-09-30,22850040000.0,EULERPOOL_VENDOR_MCAP_HISTORY,22850040000.0,,
FCX,2020-12-31,38223380000.0,EULERPOOL_VENDOR_MCAP_HISTORY,38223380000.0,,
FCX,2021-03-31,48637610000.0,EULERPOOL_VENDOR_MCAP_HISTORY,48637610000.0,,
FCX,2021-06-30,55034130000.0,EULERPOOL_VENDOR_MCAP_HISTORY,55034130000.0,,
FCX,2021-09-30,48274520000.0,EULERPOOL_VENDOR_MCAP_HISTORY,48274520000.0,46941000000.0,0.027623682224080116
FCX,2021-12-31,61843860000.0,EULERPOOL_VENDOR_MCAP_HISTORY,61843860000.0,60216000000.0,0.02632209567772775
FCX,2022-03-31,73068060000.0,EULERPOOL_VENDOR_MCAP_HISTORY,73068060000.0,71775000000.0,0.017696651587574653
FCX,2022-06-30,42631820000.0,EULERPOOL_VENDOR_MCAP_HISTORY,42631820000.0,42222000000.0,0.009613007373365717
FCX,2022-09-30,39327870000.0,EULERPOOL_VENDOR_MCAP_HISTORY,39327870000.0,39437000000.0,0.00276719831630195
FCX,2022-12-30,54682000000.0,EULERPOOL_VENDOR_MCAP_HISTORY,54682000000.0,54834000000.0,0.002772002772002772
FDX,2020-03-31,31770120000.0,EULERPOOL_VENDOR_MCAP_HISTORY,31770120000.0,,
FDX,2020-06-30,36737640000.0,EULERPOOL_VENDOR_MCAP_HISTORY,36737640000.0,,
FDX,2020-09-30,66149760000.0,EULERPOOL_VENDOR_MCAP_HISTORY,66149760000.0,,
FDX,2020-12-31,69837780000.0,EULERPOOL_VENDOR_MCAP_HISTORY,69837780000.0,,
FDX,2021-03-31,76690800000.0,EULERPOOL_VENDOR_MCAP_HISTORY,76690800000.0,,
FDX,2021-06-30,79952440000.0,EULERPOOL_VENDOR_MCAP_HISTORY,79952440000.0,,
FDX,2021-09-30,59427590000.0,EULERPOOL_VENDOR_MCAP_HISTORY,59427590000.0,53287000000.0,0.10332894199478727
FDX,2021-12-31,69315520000.0,EULERPOOL_VENDOR_MCAP_HISTORY,69315520000.0,62850000000.0,0.09327665723347384
FDX,2022-03-31,61318350000.0,EULERPOOL_VENDOR_MCAP_HISTORY,61318350000.0,56228000000.0,0.08301511700820391
FDX,2022-06-30,59624730000.0,EULERPOOL_VENDOR_MCAP_HISTORY,59624730000.0,55091000000.0,0.07603774474115019
FDX,2022-09-30,38899140000.0,EULERPOOL_VENDOR_MCAP_HISTORY,38899140000.0,36078000000.0,0.07252448254640077
FDX,2022-12-30,44339200000.0,EULERPOOL_VENDOR_MCAP_HISTORY,44339200000.0,42088000000.0,0.050772228637413395
FDS,2020-03-31,,UNRESOLVED,,,
FDS,2020-06-30,,UNRESOLVED,,,
FDS,2020-09-30,,UNRESOLVED,,,
FDS,2020-12-31,,UNRESOLVED,,,
FDS,2021-03-31,,UNRESOLVED,,,
FDS,2021-06-30,,UNRESOLVED,,,
FDS,2021-09-30,15154000000.0,EULERPOOL_OFFICIAL_MCAP_5Y,,15154000000.0,
FDS,2021-12-31,18655000000.0,EULERPOOL_OFFICIAL_MCAP_5Y,,18655000000.0,
FDS,2022-03-31,16665000000.0,EULERPOOL_OFFICIAL_MCAP_5Y,,16665000000.0,
FDS,2022-06-30,14762000000.0,EULERPOOL_OFFICIAL_MCAP_5Y,,14762000000.0,
FDS,2022-09-30,15358000000.0,EULERPOOL_OFFICIAL_MCAP_5Y,,15358000000.0,
FDS,2022-12-30,15400000000.0,EULERPOOL_OFFICIAL_MCAP_5Y,,15400000000.0,
FIS,2020-03-31,76025000000.0,EULERPOOL_VENDOR_MCAP_HISTORY,76025000000.0,,
FIS,2020-06-30,83806250000.0,EULERPOOL_VENDOR_MCAP_HISTORY,83806250000.0,,
FIS,2020-09-30,92300670000.0,EULERPOOL_VENDOR_MCAP_HISTORY,92300670000.0,,
FIS,2020-12-31,88836880000.0,EULERPOOL_VENDOR_MCAP_HISTORY,88836880000.0,,
FIS,2021-03-31,87318810000.0,EULERPOOL_VENDOR_MCAP_HISTORY,87318810000.0,,
FIS,2021-06-30,88402080000.0,EULERPOOL_VENDOR_MCAP_HISTORY,88402080000.0,,
FIS,2021-09-30,75319920000.0,EULERPOOL_VENDOR_MCAP_HISTORY,75319920000.0,67532000000.0,0.10339787933922394
FIS,2021-12-31,67018100000.0,EULERPOOL_VENDOR_MCAP_HISTORY,67018100000.0,60578000000.0,0.0960949355472626
FIS,2022-03-31,61657880000.0,EULERPOOL_VENDOR_MCAP_HISTORY,61657880000.0,55733000000.0,0.0960928270644401
FIS,2022-06-30,56010370000.0,EULERPOOL_VENDOR_MCAP_HISTORY,56010370000.0,50877000000.0,0.09165034974773421
FIS,2022-09-30,45870990000.0,EULERPOOL_VENDOR_MCAP_HISTORY,45870990000.0,41941000000.0,0.08567484591023651
FIS,2022-12-30,41184950000.0,EULERPOOL_VENDOR_MCAP_HISTORY,41184950000.0,37657000000.0,0.08566114563693776
FE,2020-03-31,21758010000.0,EULERPOOL_VENDOR_MCAP_HISTORY,21758010000.0,,
FE,2020-06-30,21057540000.0,EULERPOOL_VENDOR_MCAP_HISTORY,21057540000.0,,
FE,2020-09-30,15589530000.0,EULERPOOL_VENDOR_MCAP_HISTORY,15589530000.0,,
FE,2020-12-31,16621230000.0,EULERPOOL_VENDOR_MCAP_HISTORY,16621230000.0,,
FE,2021-03-31,18871360000.0,EULERPOOL_VENDOR_MCAP_HISTORY,18871360000.0,,
FE,2021-06-30,20279450000.0,EULERPOOL_VENDOR_MCAP_HISTORY,20279450000.0,,
FE,2021-09-30,19412900000.0,EULERPOOL_VENDOR_MCAP_HISTORY,19412900000.0,20553000000.0,0.05547122074636306
FE,2021-12-31,22832910000.0,EULERPOOL_VENDOR_MCAP_HISTORY,22832910000.0,23997000000.0,0.04850981372671584
FE,2022-03-31,26186060000.0,EULERPOOL_VENDOR_MCAP_HISTORY,26186060000.0,26461000000.0,0.010390385850874873
FE,2022-06-30,21959080000.0,EULERPOOL_VENDOR_MCAP_HISTORY,21959080000.0,22151000000.0,0.008664168660557085
FE,2022-09-30,21164000000.0,EULERPOOL_VENDOR_MCAP_HISTORY,21164000000.0,21349000000.0,0.008665511265164644
FE,2022-12-30,23989680000.0,EULERPOOL_VENDOR_MCAP_HISTORY,23989680000.0,24199000000.0,0.008649944212570768
FISV,2020-03-31,65657088000.0,EULERPOOL_VENDOR_MCAP_HISTORY,65657088000.0,,
FISV,2020-06-30,66459696000.0,EULERPOOL_VENDOR_MCAP_HISTORY,66459696000.0,,
FISV,2020-09-30,70104915000.0,EULERPOOL_VENDOR_MCAP_HISTORY,70104915000.0,,
FISV,2020-12-31,77561432000.0,EULERPOOL_VENDOR_MCAP_HISTORY,77561432000.0,,
FISV,2021-03-31,80935296000.0,EULERPOOL_VENDOR_MCAP_HISTORY,80935296000.0,,
FISV,2021-06-30,71904903000.0,EULERPOOL_VENDOR_MCAP_HISTORY,71904903000.0,,
FISV,2021-09-30,72662450000.0,EULERPOOL_VENDOR_MCAP_HISTORY,72662450000.0,59567000000.0,0.18022307257737663
FISV,2021-12-31,68906181000.0,EULERPOOL_VENDOR_MCAP_HISTORY,68906181000.0,56981000000.0,0.17306402454665135
FISV,2022-03-31,66640080000.0,EULERPOOL_VENDOR_MCAP_HISTORY,66640080000.0,55669000000.0,0.16463185518384732
FISV,2022-06-30,57901676000.0,EULERPOOL_VENDOR_MCAP_HISTORY,57901676000.0,48845000000.0,0.15641474695827456
FISV,2022-09-30,60352650000.0,EULERPOOL_VENDOR_MCAP_HISTORY,60352650000.0,51370000000.0,0.14883604945267523
FISV,2022-12-30,65190150000.0,EULERPOOL_VENDOR_MCAP_HISTORY,65190150000.0,55487000000.0,0.1488438053908451
FLIR,2020-03-31,,UNRESOLVED,,,
FLIR,2020-06-30,,UNRESOLVED,,,
FLIR,2020-09-30,,UNRESOLVED,,,
FLIR,2020-12-31,,UNRESOLVED,,,
FLIR,2021-03-31,,UNRESOLVED,,,
FLIR,2021-06-30,,UNRESOLVED,,,
FLIR,2021-09-30,,UNRESOLVED,,,
FLIR,2021-12-31,,UNRESOLVED,,,
FLIR,2022-03-31,,UNRESOLVED,,,
FLIR,2022-06-30,,UNRESOLVED,,,
FLIR,2022-09-30,,UNRESOLVED,,,
FLIR,2022-12-30,,UNRESOLVED,,,
FIX,2020-03-31,1348877750.0,EULERPOOL_VENDOR_MCAP_HISTORY,1348877750.0,,
FIX,2020-06-30,1497032750.0,EULERPOOL_VENDOR_MCAP_HISTORY,1497032750.0,,
FIX,2020-09-30,1892992500.0,EULERPOOL_VENDOR_MCAP_HISTORY,1892992500.0,,
FIX,2020-12-31,1925302260.0,EULERPOOL_VENDOR_MCAP_HISTORY,1925302260.0,,
FIX,2021-03-31,2729030230.0,EULERPOOL_VENDOR_MCAP_HISTORY,2729030230.0,,
FIX,2021-06-30,2881035140.0,EULERPOOL_VENDOR_MCAP_HISTORY,2881035140.0,,
FIX,2021-09-30,2598472880.0,EULERPOOL_VENDOR_MCAP_HISTORY,2598472880.0,2551000000.0,0.0182695306791118
FIX,2021-12-31,3604779960.0,EULERPOOL_VENDOR_MCAP_HISTORY,3604779960.0,3540000000.0,0.017970572606046113
FIX,2022-03-31,3221093880.0,EULERPOOL_VENDOR_MCAP_HISTORY,3221093880.0,3184000000.0,0.011515926384610685
FIX,2022-06-30,2999469950.0,EULERPOOL_VENDOR_MCAP_HISTORY,2999469950.0,2975000000.0,0.008158091398781975
FIX,2022-09-30,3501154760.0,EULERPOOL_VENDOR_MCAP_HISTORY,3501154760.0,3482000000.0,0.005470983522019461
FIX,2022-12-30,4139657760.0,EULERPOOL_VENDOR_MCAP_HISTORY,4139657760.0,4117000000.0,0.005473341351773969
FORM,2020-03-31,,UNRESOLVED,,,
FORM,2020-06-30,,UNRESOLVED,,,
FORM,2020-09-30,,UNRESOLVED,,,
FORM,2020-12-31,,UNRESOLVED,,,
FORM,2021-03-31,,UNRESOLVED,,,
FORM,2021-06-30,,UNRESOLVED,,,
FORM,2021-09-30,2923000000.0,EULERPOOL_OFFICIAL_MCAP_5Y,,2923000000.0,
FORM,2021-12-31,3580000000.0,EULERPOOL_OFFICIAL_MCAP_5Y,,3580000000.0,
FORM,2022-03-31,3291000000.0,EULERPOOL_OFFICIAL_MCAP_5Y,,3291000000.0,
FORM,2022-06-30,3033000000.0,EULERPOOL_OFFICIAL_MCAP_5Y,,3033000000.0,
FORM,2022-09-30,1962000000.0,EULERPOOL_OFFICIAL_MCAP_5Y,,1962000000.0,
FORM,2022-12-30,1741000000.0,EULERPOOL_OFFICIAL_MCAP_5Y,,1741000000.0,
FMC,2020-03-31,,UNRESOLVED,,,
FMC,2020-06-30,,UNRESOLVED,,,
FMC,2020-09-30,,UNRESOLVED,,,
FMC,2020-12-31,,UNRESOLVED,,,
FMC,2021-03-31,,UNRESOLVED,,,
FMC,2021-06-30,,UNRESOLVED,,,
FMC,2021-09-30,11478000000.0,EULERPOOL_OFFICIAL_MCAP_5Y,,11478000000.0,
FMC,2021-12-31,13776000000.0,EULERPOOL_OFFICIAL_MCAP_5Y,,13776000000.0,
FMC,2022-03-31,16493000000.0,EULERPOOL_OFFICIAL_MCAP_5Y,,16493000000.0,
FMC,2022-06-30,13415000000.0,EULERPOOL_OFFICIAL_MCAP_5Y,,13415000000.0,
FMC,2022-09-30,13250000000.0,EULERPOOL_OFFICIAL_MCAP_5Y,,13250000000.0,
FMC,2022-12-30,15645000000.0,EULERPOOL_OFFICIAL_MCAP_5Y,,15645000000.0,
FLS,2020-03-31,,UNRESOLVED,,,
FLS,2020-06-30,,UNRESOLVED,,,
FLS,2020-09-30,,UNRESOLVED,,,
FLS,2020-12-31,,UNRESOLVED,,,
FLS,2021-03-31,,UNRESOLVED,,,
FLS,2021-06-30,,UNRESOLVED,,,
FLS,2021-09-30,4541000000.0,EULERPOOL_OFFICIAL_MCAP_5Y,,4541000000.0,
FLS,2021-12-31,4008000000.0,EULERPOOL_OFFICIAL_MCAP_5Y,,4008000000.0,
FLS,2022-03-31,4702000000.0,EULERPOOL_OFFICIAL_MCAP_5Y,,4702000000.0,
FLS,2022-06-30,3750000000.0,EULERPOOL_OFFICIAL_MCAP_5Y,,3750000000.0,
FLS,2022-09-30,3183000000.0,EULERPOOL_OFFICIAL_MCAP_5Y,,3183000000.0,
FLS,2022-12-30,4018000000.0,EULERPOOL_OFFICIAL_MCAP_5Y,,4018000000.0,
FLEX,2020-03-31,3119071590.053,EULERPOOL_VENDOR_MCAP_HISTORY,3119071590.053,,
FLEX,2020-06-30,3742831801.055,EULERPOOL_VENDOR_MCAP_HISTORY,3742831801.055,,
FLEX,2020-09-30,4084033157.498,EULERPOOL_VENDOR_MCAP_HISTORY,4084033157.498,,
FLEX,2020-12-31,6643927957.8,EULERPOOL_VENDOR_MCAP_HISTORY,6643927957.8,,
FLEX,2021-03-31,6739218387.34,EULERPOOL_VENDOR_MCAP_HISTORY,6739218387.34,,
FLEX,2021-06-30,6486285531.274,EULERPOOL_VENDOR_MCAP_HISTORY,6486285531.274,,
FLEX,2021-09-30,6262996156.745,EULERPOOL_VENDOR_MCAP_HISTORY,6262996156.745,5303000000.0,0.1532806555710755
FLEX,2021-12-31,6319952373.775,EULERPOOL_VENDOR_MCAP_HISTORY,6319952373.775,5498000000.0,0.1300567354250544
FLEX,2022-03-31,6517224189.902,EULERPOOL_VENDOR_MCAP_HISTORY,6517224189.902,5564000000.0,0.14626229850723213
FLEX,2022-06-30,4925920422.005,EULERPOOL_VENDOR_MCAP_HISTORY,4925920422.005,4340000000.0,0.11894638398695702
FLEX,2022-09-30,5574492840.995,EULERPOOL_VENDOR_MCAP_HISTORY,5574492840.995,4997000000.0,0.10359558393332195
FLEX,2022-12-30,7180575734.74,EULERPOOL_VENDOR_MCAP_HISTORY,7180575734.74,6436000000.0,0.10369304109386432
FOXF,2020-03-31,,UNRESOLVED,,,
FOXF,2020-06-30,,UNRESOLVED,,,
FOXF,2020-09-30,,UNRESOLVED,,,
FOXF,2020-12-31,,UNRESOLVED,,,
FOXF,2021-03-31,,UNRESOLVED,,,
FOXF,2021-06-30,,UNRESOLVED,,,
FOXF,2021-09-30,6042000000.0,EULERPOOL_OFFICIAL_MCAP_5Y,,6042000000.0,
FOXF,2021-12-31,7110000000.0,EULERPOOL_OFFICIAL_MCAP_5Y,,7110000000.0,
FOXF,2022-03-31,4094000000.0,EULERPOOL_OFFICIAL_MCAP_5Y,,4094000000.0,
FOXF,2022-06-30,3367000000.0,EULERPOOL_OFFICIAL_MCAP_5Y,,3367000000.0,
FOXF,2022-09-30,3306000000.0,EULERPOOL_OFFICIAL_MCAP_5Y,,3306000000.0,
FOXF,2022-12-30,3813000000.0,EULERPOOL_OFFICIAL_MCAP_5Y,,3813000000.0,
FYBR,2020-03-31,,UNRESOLVED,,,
FYBR,2020-06-30,,UNRESOLVED,,,
FYBR,2020-09-30,,UNRESOLVED,,,
FYBR,2020-12-31,,UNRESOLVED,,,
FYBR,2021-03-31,,UNRESOLVED,,,
FYBR,2021-06-30,,UNRESOLVED,,,
FYBR,2021-09-30,6977000000.0,EULERPOOL_OFFICIAL_MCAP_5Y,,6977000000.0,
FYBR,2021-12-31,7383000000.0,EULERPOOL_OFFICIAL_MCAP_5Y,,7383000000.0,
FYBR,2022-03-31,6927000000.0,EULERPOOL_OFFICIAL_MCAP_5Y,,6927000000.0,
FYBR,2022-06-30,5893000000.0,EULERPOOL_OFFICIAL_MCAP_5Y,,5893000000.0,
FYBR,2022-09-30,5865000000.0,EULERPOOL_OFFICIAL_MCAP_5Y,,5865000000.0,
FYBR,2022-12-30,6379000000.0,EULERPOOL_OFFICIAL_MCAP_5Y,,6379000000.0,
FRTA,2020-03-31,,UNRESOLVED,,,
FRTA,2020-06-30,,UNRESOLVED,,,
FRTA,2020-09-30,,UNRESOLVED,,,
FRTA,2020-12-31,,UNRESOLVED,,,
FRTA,2021-03-31,,UNRESOLVED,,,
FRTA,2021-06-30,,UNRESOLVED,,,
FRTA,2021-09-30,1578000000.0,EULERPOOL_OFFICIAL_MCAP_5Y,,1578000000.0,
FRTA,2021-12-31,1593000000.0,EULERPOOL_OFFICIAL_MCAP_5Y,,1593000000.0,
FRTA,2022-03-31,,UNRESOLVED,,,
FRTA,2022-06-30,,UNRESOLVED,,,
FRTA,2022-09-30,,UNRESOLVED,,,
FRTA,2022-12-30,,UNRESOLVED,,,
FSLR,2020-03-31,3822360000.0,EULERPOOL_VENDOR_MCAP_HISTORY,3822360000.0,,
FSLR,2020-06-30,5247000000.0,EULERPOOL_VENDOR_MCAP_HISTORY,5247000000.0,,
FSLR,2020-09-30,7083400000.0,EULERPOOL_VENDOR_MCAP_HISTORY,7083400000.0,,
FSLR,2020-12-31,10584440000.0,EULERPOOL_VENDOR_MCAP_HISTORY,10584440000.0,,
FSLR,2021-03-31,9341100000.0,EULERPOOL_VENDOR_MCAP_HISTORY,9341100000.0,,
FSLR,2021-06-30,9684570000.0,EULERPOOL_VENDOR_MCAP_HISTORY,9684570000.0,,
FSLR,2021-09-30,10214220000.0,EULERPOOL_VENDOR_MCAP_HISTORY,10214220000.0,10265000000.0,0.004946906965416464
FSLR,2021-12-31,9326120000.0,EULERPOOL_VENDOR_MCAP_HISTORY,9326120000.0,9373000000.0,0.0050016003414061665
FSLR,2022-03-31,8876440000.0,EULERPOOL_VENDOR_MCAP_HISTORY,8876440000.0,9005000000.0,0.014276513048306497
FSLR,2022-06-30,7289910000.0,EULERPOOL_VENDOR_MCAP_HISTORY,7289910000.0,7326000000.0,0.004926289926289926
FSLR,2022-09-30,14152890000.0,EULERPOOL_VENDOR_MCAP_HISTORY,14152890000.0,14224000000.0,0.00499929696287964
FSLR,2022-12-30,16027530000.0,EULERPOOL_VENDOR_MCAP_HISTORY,16027530000.0,16108000000.0,0.004995654333250559
FWRD,2020-03-31,,UNRESOLVED,,,
FWRD,2020-06-30,,UNRESOLVED,,,
FWRD,2020-09-30,,UNRESOLVED,,,
FWRD,2020-12-31,,UNRESOLVED,,,
FWRD,2021-03-31,,UNRESOLVED,,,
FWRD,2021-06-30,,UNRESOLVED,,,
FWRD,2021-09-30,2594000000.0,EULERPOOL_OFFICIAL_MCAP_5Y,,2594000000.0,
FWRD,2021-12-31,3784000000.0,EULERPOOL_OFFICIAL_MCAP_5Y,,3784000000.0,
FWRD,2022-03-31,3056000000.0,EULERPOOL_OFFICIAL_MCAP_5Y,,3056000000.0,
FWRD,2022-06-30,2874000000.0,EULERPOOL_OFFICIAL_MCAP_5Y,,2874000000.0,
FWRD,2022-09-30,2821000000.0,EULERPOOL_OFFICIAL_MCAP_5Y,,2821000000.0,
FWRD,2022-12-30,3278000000.0,EULERPOOL_OFFICIAL_MCAP_5Y,,3278000000.0,
GD,2020-03-31,38369900000.0,EULERPOOL_VENDOR_MCAP_HISTORY,38369900000.0,,
GD,2020-06-30,42895020000.0,EULERPOOL_VENDOR_MCAP_HISTORY,42895020000.0,,
GD,2020-09-30,39729410000.0,EULERPOOL_VENDOR_MCAP_HISTORY,39729410000.0,,
GD,2020-12-31,42860160000.0,EULERPOOL_VENDOR_MCAP_HISTORY,42860160000.0,,
GD,2021-03-31,51744600000.0,EULERPOOL_VENDOR_MCAP_HISTORY,51744600000.0,,
GD,2021-06-30,53089320000.0,EULERPOOL_VENDOR_MCAP_HISTORY,53089320000.0,,
GD,2021-09-30,54888400000.0,EULERPOOL_VENDOR_MCAP_HISTORY,54888400000.0,53403000000.0,0.027062184359536806
GD,2021-12-31,58788540000.0,EULERPOOL_VENDOR_MCAP_HISTORY,58788540000.0,56792000000.0,0.03396138090859205
GD,2022-03-31,67530400000.0,EULERPOOL_VENDOR_MCAP_HISTORY,67530400000.0,65703000000.0,0.02706040538779572
GD,2022-06-30,61728750000.0,EULERPOOL_VENDOR_MCAP_HISTORY,61728750000.0,60274000000.0,0.023566814490816677
GD,2022-09-30,58558920000.0,EULERPOOL_VENDOR_MCAP_HISTORY,58558920000.0,57800000000.0,0.012959938468810559
GD,2022-12-30,68478360000.0,EULERPOOL_VENDOR_MCAP_HISTORY,68478360000.0,67591000000.0,0.012958254257257329
GKOS,2020-03-31,,UNRESOLVED,,,
GKOS,2020-06-30,,UNRESOLVED,,,
GKOS,2020-09-30,,UNRESOLVED,,,
GKOS,2020-12-31,,UNRESOLVED,,,
GKOS,2021-03-31,,UNRESOLVED,,,
GKOS,2021-06-30,,UNRESOLVED,,,
GKOS,2021-09-30,2766000000.0,EULERPOOL_OFFICIAL_MCAP_5Y,,2766000000.0,
GKOS,2021-12-31,2552000000.0,EULERPOOL_OFFICIAL_MCAP_5Y,,2552000000.0,
GKOS,2022-03-31,3321000000.0,EULERPOOL_OFFICIAL_MCAP_5Y,,3321000000.0,
GKOS,2022-06-30,2608000000.0,EULERPOOL_OFFICIAL_MCAP_5Y,,2608000000.0,
GKOS,2022-09-30,3058000000.0,EULERPOOL_OFFICIAL_MCAP_5Y,,3058000000.0,
GKOS,2022-12-30,2509000000.0,EULERPOOL_OFFICIAL_MCAP_5Y,,2509000000.0,
GPI,2020-03-31,,UNRESOLVED,,,
GPI,2020-06-30,,UNRESOLVED,,,
GPI,2020-09-30,,UNRESOLVED,,,
GPI,2020-12-31,,UNRESOLVED,,,
GPI,2021-03-31,,UNRESOLVED,,,
GPI,2021-06-30,,UNRESOLVED,,,
GPI,2021-09-30,2393000000.0,EULERPOOL_OFFICIAL_MCAP_5Y,,2393000000.0,
GPI,2021-12-31,2487000000.0,EULERPOOL_OFFICIAL_MCAP_5Y,,2487000000.0,
GPI,2022-03-31,2138000000.0,EULERPOOL_OFFICIAL_MCAP_5Y,,2138000000.0,
GPI,2022-06-30,2163000000.0,EULERPOOL_OFFICIAL_MCAP_5Y,,2163000000.0,
GPI,2022-09-30,1820000000.0,EULERPOOL_OFFICIAL_MCAP_5Y,,1820000000.0,
GPI,2022-12-30,2297000000.0,EULERPOOL_OFFICIAL_MCAP_5Y,,2297000000.0,
GFF,2020-03-31,,UNRESOLVED,,,
GFF,2020-06-30,,UNRESOLVED,,,
GFF,2020-09-30,,UNRESOLVED,,,
GFF,2020-12-31,,UNRESOLVED,,,
GFF,2021-03-31,,UNRESOLVED,,,
GFF,2021-06-30,,UNRESOLVED,,,
GFF,2021-09-30,1146000000.0,EULERPOOL_OFFICIAL_MCAP_5Y,,1146000000.0,
GFF,2021-12-31,1327000000.0,EULERPOOL_OFFICIAL_MCAP_5Y,,1327000000.0,
GFF,2022-03-31,933000000.0,EULERPOOL_OFFICIAL_MCAP_5Y,,933000000.0,
GFF,2022-06-30,1306000000.0,EULERPOOL_OFFICIAL_MCAP_5Y,,1306000000.0,
GFF,2022-09-30,1375000000.0,EULERPOOL_OFFICIAL_MCAP_5Y,,1375000000.0,
GFF,2022-12-30,1667000000.0,EULERPOOL_OFFICIAL_MCAP_5Y,,1667000000.0,
GM,2020-03-31,29923200000.0,EULERPOOL_VENDOR_MCAP_HISTORY,29923200000.0,,
GM,2020-06-30,36229600000.0,EULERPOOL_VENDOR_MCAP_HISTORY,36229600000.0,,
GM,2020-09-30,42580010000.0,EULERPOOL_VENDOR_MCAP_HISTORY,42580010000.0,,
GM,2020-12-31,60044880000.0,EULERPOOL_VENDOR_MCAP_HISTORY,60044880000.0,,
GM,2021-03-31,84121440000.0,EULERPOOL_VENDOR_MCAP_HISTORY,84121440000.0,,
GM,2021-06-30,86861560000.0,EULERPOOL_VENDOR_MCAP_HISTORY,86861560000.0,,
GM,2021-09-30,77325570000.0,EULERPOOL_VENDOR_MCAP_HISTORY,77325570000.0,51287000000.0,0.3367394511285206
GM,2021-12-31,86068840000.0,EULERPOOL_VENDOR_MCAP_HISTORY,86068840000.0,57047000000.0,0.33719334430439635
GM,2022-03-31,64297800000.0,EULERPOOL_VENDOR_MCAP_HISTORY,64297800000.0,42559000000.0,0.3380955491478713
GM,2022-06-30,46528400000.0,EULERPOOL_VENDOR_MCAP_HISTORY,46528400000.0,30902000000.0,0.33584649375435216
GM,2022-09-30,46755130000.0,EULERPOOL_VENDOR_MCAP_HISTORY,46755130000.0,31224000000.0,0.33218023348453957
GM,2022-12-30,49013480000.0,EULERPOOL_VENDOR_MCAP_HISTORY,49013480000.0,32732000000.0,0.3321837176221725
GIS,2020-03-31,,UNRESOLVED,,,
GIS,2020-06-30,,UNRESOLVED,,,
GIS,2020-09-30,38241600000.0,EULERPOOL_VENDOR_MCAP_HISTORY,38241600000.0,,
GIS,2020-12-31,36456000000.0,EULERPOOL_VENDOR_MCAP_HISTORY,36456000000.0,,
GIS,2021-03-31,37957080000.0,EULERPOOL_VENDOR_MCAP_HISTORY,37957080000.0,,
GIS,2021-06-30,37715670000.0,EULERPOOL_VENDOR_MCAP_HISTORY,37715670000.0,,
GIS,2021-09-30,36789300000.0,EULERPOOL_VENDOR_MCAP_HISTORY,36789300000.0,33350000000.0,0.09348642132359138
GIS,2021-12-31,41303940000.0,EULERPOOL_VENDOR_MCAP_HISTORY,41303940000.0,37564000000.0,0.09054680982008012
GIS,2022-03-31,41444640000.0,EULERPOOL_VENDOR_MCAP_HISTORY,41444640000.0,37754000000.0,0.08904987472445171
GIS,2022-06-30,46250850000.0,EULERPOOL_VENDOR_MCAP_HISTORY,46250850000.0,42063000000.0,0.09054644401129926
GIS,2022-09-30,46425660000.0,EULERPOOL_VENDOR_MCAP_HISTORY,46425660000.0,42710000000.0,0.08003461878624882
GIS,2022-12-30,50477700000.0,EULERPOOL_VENDOR_MCAP_HISTORY,50477700000.0,46746000000.0,0.07392769480384408
GPK,2020-03-31,,UNRESOLVED,,,
GPK,2020-06-30,,UNRESOLVED,,,
GPK,2020-09-30,,UNRESOLVED,,,
GPK,2020-12-31,,UNRESOLVED,,,
GPK,2021-03-31,,UNRESOLVED,,,
GPK,2021-06-30,,UNRESOLVED,,,
GPK,2021-09-30,5708000000.0,EULERPOOL_OFFICIAL_MCAP_5Y,,5708000000.0,
GPK,2021-12-31,5846000000.0,EULERPOOL_OFFICIAL_MCAP_5Y,,5846000000.0,
GPK,2022-03-31,6008000000.0,EULERPOOL_OFFICIAL_MCAP_5Y,,6008000000.0,
GPK,2022-06-30,6146000000.0,EULERPOOL_OFFICIAL_MCAP_5Y,,6146000000.0,
GPK,2022-09-30,5918000000.0,EULERPOOL_OFFICIAL_MCAP_5Y,,5918000000.0,
GPK,2022-12-30,6671000000.0,EULERPOOL_OFFICIAL_MCAP_5Y,,6671000000.0,
GTM,2020-03-31,,UNRESOLVED,,,
GTM,2020-06-30,,UNRESOLVED,,,
GTM,2020-09-30,,UNRESOLVED,,,
GTM,2020-12-31,,UNRESOLVED,,,
GTM,2021-03-31,,UNRESOLVED,,,
GTM,2021-06-30,,UNRESOLVED,,,
GTM,2021-09-30,19826000000.0,EULERPOOL_OFFICIAL_MCAP_5Y,,19826000000.0,
GTM,2021-12-31,20802000000.0,EULERPOOL_OFFICIAL_MCAP_5Y,,20802000000.0,
GTM,2022-03-31,19357000000.0,EULERPOOL_OFFICIAL_MCAP_5Y,,19357000000.0,
GTM,2022-06-30,10770000000.0,EULERPOOL_OFFICIAL_MCAP_5Y,,10770000000.0,
GTM,2022-09-30,13498000000.0,EULERPOOL_OFFICIAL_MCAP_5Y,,13498000000.0,
GTM,2022-12-30,9756000000.0,EULERPOOL_OFFICIAL_MCAP_5Y,,9756000000.0,
GTLS,2020-03-31,,UNRESOLVED,,,
GTLS,2020-06-30,,UNRESOLVED,,,
GTLS,2020-09-30,,UNRESOLVED,,,
GTLS,2020-12-31,,UNRESOLVED,,,
GTLS,2021-03-31,,UNRESOLVED,,,
GTLS,2021-06-30,,UNRESOLVED,,,
GTLS,2021-09-30,8671000000.0,EULERPOOL_OFFICIAL_MCAP_5Y,,8671000000.0,
GTLS,2021-12-31,7236000000.0,EULERPOOL_OFFICIAL_MCAP_5Y,,7236000000.0,
GTLS,2022-03-31,7793000000.0,EULERPOOL_OFFICIAL_MCAP_5Y,,7793000000.0,
GTLS,2022-06-30,7594000000.0,EULERPOOL_OFFICIAL_MCAP_5Y,,7594000000.0,
GTLS,2022-09-30,8364000000.0,EULERPOOL_OFFICIAL_MCAP_5Y,,8364000000.0,
GTLS,2022-12-30,5228000000.0,EULERPOOL_OFFICIAL_MCAP_5Y,,5228000000.0,
GRPN,2020-03-31,,UNRESOLVED,,,
GRPN,2020-06-30,,UNRESOLVED,,,
GRPN,2020-09-30,,UNRESOLVED,,,
GRPN,2020-12-31,,UNRESOLVED,,,
GRPN,2021-03-31,,UNRESOLVED,,,
GRPN,2021-06-30,,UNRESOLVED,,,
GRPN,2021-09-30,919000000.0,EULERPOOL_OFFICIAL_MCAP_5Y,,919000000.0,
GRPN,2021-12-31,933000000.0,EULERPOOL_OFFICIAL_MCAP_5Y,,933000000.0,
GRPN,2022-03-31,775000000.0,EULERPOOL_OFFICIAL_MCAP_5Y,,775000000.0,
GRPN,2022-06-30,455000000.0,EULERPOOL_OFFICIAL_MCAP_5Y,,455000000.0,
GRPN,2022-09-30,321000000.0,EULERPOOL_OFFICIAL_MCAP_5Y,,321000000.0,
GRPN,2022-12-30,346000000.0,EULERPOOL_OFFICIAL_MCAP_5Y,,346000000.0,
GPRE,2020-03-31,,UNRESOLVED,,,
GPRE,2020-06-30,,UNRESOLVED,,,
GPRE,2020-09-30,,UNRESOLVED,,,
GPRE,2020-12-31,,UNRESOLVED,,,
GPRE,2021-03-31,,UNRESOLVED,,,
GPRE,2021-06-30,,UNRESOLVED,,,
GPRE,2021-09-30,2204000000.0,EULERPOOL_OFFICIAL_MCAP_5Y,,2204000000.0,
GPRE,2021-12-31,2346000000.0,EULERPOOL_OFFICIAL_MCAP_5Y,,2346000000.0,
GPRE,2022-03-31,2093000000.0,EULERPOOL_OFFICIAL_MCAP_5Y,,2093000000.0,
GPRE,2022-06-30,1834000000.0,EULERPOOL_OFFICIAL_MCAP_5Y,,1834000000.0,
GPRE,2022-09-30,1962000000.0,EULERPOOL_OFFICIAL_MCAP_5Y,,1962000000.0,
GPRE,2022-12-30,2059000000.0,EULERPOOL_OFFICIAL_MCAP_5Y,,2059000000.0,
GWH,2020-03-31,,UNRESOLVED,,,
GWH,2020-06-30,,UNRESOLVED,,,
GWH,2020-09-30,,UNRESOLVED,,,
GWH,2020-12-31,,UNRESOLVED,,,
GWH,2021-03-31,,UNRESOLVED,,,
GWH,2021-06-30,,UNRESOLVED,,,
GWH,2021-09-30,21637000000.0,EULERPOOL_OFFICIAL_MCAP_5Y,,21637000000.0,
GWH,2021-12-31,24827000000.0,EULERPOOL_OFFICIAL_MCAP_5Y,,24827000000.0,
GWH,2022-03-31,12088000000.0,EULERPOOL_OFFICIAL_MCAP_5Y,,12088000000.0,
GWH,2022-06-30,6098000000.0,EULERPOOL_OFFICIAL_MCAP_5Y,,6098000000.0,
GWH,2022-09-30,8876000000.0,EULERPOOL_OFFICIAL_MCAP_5Y,,8876000000.0,
GWH,2022-12-30,5274000000.0,EULERPOOL_OFFICIAL_MCAP_5Y,,5274000000.0,
GWW,2020-03-31,13369300000.0,EULERPOOL_VENDOR_MCAP_HISTORY,13369300000.0,,
GWW,2020-06-30,16870392000.0,EULERPOOL_VENDOR_MCAP_HISTORY,16870392000.0,,
GWW,2020-09-30,19229903000.0,EULERPOOL_VENDOR_MCAP_HISTORY,19229903000.0,,
GWW,2020-12-31,21887024000.0,EULERPOOL_VENDOR_MCAP_HISTORY,21887024000.0,,
GWW,2021-03-31,21088918000.0,EULERPOOL_VENDOR_MCAP_HISTORY,21088918000.0,,
GWW,2021-06-30,22995000000.0,EULERPOOL_VENDOR_MCAP_HISTORY,22995000000.0,,
GWW,2021-09-30,20478426000.0,EULERPOOL_VENDOR_MCAP_HISTORY,20478426000.0,18867000000.0,0.07868895783298971
GWW,2021-12-31,26793008000.0,EULERPOOL_VENDOR_MCAP_HISTORY,26793008000.0,24876000000.0,0.07154881601946299
GWW,2022-03-31,26511606000.0,EULERPOOL_VENDOR_MCAP_HISTORY,26511606000.0,24758000000.0,0.0661448423758259
GWW,2022-06-30,23312259000.0,EULERPOOL_VENDOR_MCAP_HISTORY,23312259000.0,21813000000.0,0.06431204286122594
GWW,2022-09-30,24997609000.0,EULERPOOL_VENDOR_MCAP_HISTORY,24997609000.0,23481000000.0,0.06067016249434096
GWW,2022-12-30,28424375000.0,EULERPOOL_VENDOR_MCAP_HISTORY,28424375000.0,26700000000.0,0.060665362035225046
HCSG,2020-03-31,,UNRESOLVED,,,
HCSG,2020-06-30,,UNRESOLVED,,,
HCSG,2020-09-30,,UNRESOLVED,,,
HCSG,2020-12-31,,UNRESOLVED,,,
HCSG,2021-03-31,,UNRESOLVED,,,
HCSG,2021-06-30,,UNRESOLVED,,,
HCSG,2021-09-30,1825000000.0,EULERPOOL_OFFICIAL_MCAP_5Y,,1825000000.0,
HCSG,2021-12-31,1299000000.0,EULERPOOL_OFFICIAL_MCAP_5Y,,1299000000.0,
HCSG,2022-03-31,1356000000.0,EULERPOOL_OFFICIAL_MCAP_5Y,,1356000000.0,
HCSG,2022-06-30,1271000000.0,EULERPOOL_OFFICIAL_MCAP_5Y,,1271000000.0,
HCSG,2022-09-30,883000000.0,EULERPOOL_OFFICIAL_MCAP_5Y,,883000000.0,
HCSG,2022-12-30,876000000.0,EULERPOOL_OFFICIAL_MCAP_5Y,,876000000.0,
HAS,2020-03-31,,UNRESOLVED,,,
HAS,2020-06-30,,UNRESOLVED,,,
HAS,2020-09-30,,UNRESOLVED,,,
HAS,2020-12-31,,UNRESOLVED,,,
HAS,2021-03-31,,UNRESOLVED,,,
HAS,2021-06-30,,UNRESOLVED,,,
HAS,2021-09-30,12509000000.0,EULERPOOL_OFFICIAL_MCAP_5Y,,12509000000.0,
HAS,2021-12-31,14270000000.0,EULERPOOL_OFFICIAL_MCAP_5Y,,14270000000.0,
HAS,2022-03-31,11485000000.0,EULERPOOL_OFFICIAL_MCAP_5Y,,11485000000.0,
HAS,2022-06-30,11480000000.0,EULERPOOL_OFFICIAL_MCAP_5Y,,11480000000.0,
HAS,2022-09-30,9452000000.0,EULERPOOL_OFFICIAL_MCAP_5Y,,9452000000.0,
HAS,2022-12-30,8554000000.0,EULERPOOL_OFFICIAL_MCAP_5Y,,8554000000.0,
HAIN,2020-03-31,,UNRESOLVED,,,
HAIN,2020-06-30,,UNRESOLVED,,,
HAIN,2020-09-30,,UNRESOLVED,,,
HAIN,2020-12-31,,UNRESOLVED,,,
HAIN,2021-03-31,,UNRESOLVED,,,
HAIN,2021-06-30,,UNRESOLVED,,,
HAIN,2021-09-30,3875000000.0,EULERPOOL_OFFICIAL_MCAP_5Y,,3875000000.0,
HAIN,2021-12-31,3859000000.0,EULERPOOL_OFFICIAL_MCAP_5Y,,3859000000.0,
HAIN,2022-03-31,3116000000.0,EULERPOOL_OFFICIAL_MCAP_5Y,,3116000000.0,
HAIN,2022-06-30,2150000000.0,EULERPOOL_OFFICIAL_MCAP_5Y,,2150000000.0,
HAIN,2022-09-30,1529000000.0,EULERPOOL_OFFICIAL_MCAP_5Y,,1529000000.0,
HAIN,2022-12-30,1465000000.0,EULERPOOL_OFFICIAL_MCAP_5Y,,1465000000.0,
HES,2020-03-31,,UNRESOLVED,,,
HES,2020-06-30,,UNRESOLVED,,,
HES,2020-09-30,,UNRESOLVED,,,
HES,2020-12-31,,UNRESOLVED,,,
HES,2021-03-31,,UNRESOLVED,,,
HES,2021-06-30,,UNRESOLVED,,,
HES,2021-09-30,24081000000.0,EULERPOOL_OFFICIAL_MCAP_5Y,,24081000000.0,
HES,2021-12-31,22823000000.0,EULERPOOL_OFFICIAL_MCAP_5Y,,22823000000.0,
HES,2022-03-31,33000000000.0,EULERPOOL_OFFICIAL_MCAP_5Y,,33000000000.0,
HES,2022-06-30,32661000000.0,EULERPOOL_OFFICIAL_MCAP_5Y,,32661000000.0,
HES,2022-09-30,33602000000.0,EULERPOOL_OFFICIAL_MCAP_5Y,,33602000000.0,
HES,2022-12-30,43723000000.0,EULERPOOL_OFFICIAL_MCAP_5Y,,43723000000.0,
HAL,2020-03-31,6014300000.0,EULERPOOL_VENDOR_MCAP_HISTORY,6014300000.0,,
HAL,2020-06-30,11383460000.0,EULERPOOL_VENDOR_MCAP_HISTORY,11383460000.0,,
HAL,2020-09-30,10628100000.0,EULERPOOL_VENDOR_MCAP_HISTORY,10628100000.0,,
HAL,2020-12-31,16650900000.0,EULERPOOL_VENDOR_MCAP_HISTORY,16650900000.0,,
HAL,2021-03-31,19077940000.0,EULERPOOL_VENDOR_MCAP_HISTORY,19077940000.0,,
HAL,2021-06-30,20576800000.0,EULERPOOL_VENDOR_MCAP_HISTORY,20576800000.0,,
HAL,2021-09-30,19328280000.0,EULERPOOL_VENDOR_MCAP_HISTORY,19328280000.0,18442000000.0,0.04585405426659796
HAL,2021-12-31,20400040000.0,EULERPOOL_VENDOR_MCAP_HISTORY,20400040000.0,19508000000.0,0.043727365240460316
HAL,2022-03-31,34196610000.0,EULERPOOL_VENDOR_MCAP_HISTORY,34196610000.0,32303000000.0,0.0553742022966604
HAL,2022-06-30,28506240000.0,EULERPOOL_VENDOR_MCAP_HISTORY,28506240000.0,26750000000.0,0.0616089670191509
HAL,2022-09-30,22404200000.0,EULERPOOL_VENDOR_MCAP_HISTORY,22404200000.0,21001000000.0,0.06263111380901795
HAL,2022-12-30,35808500000.0,EULERPOOL_VENDOR_MCAP_HISTORY,35808500000.0,33566000000.0,0.06262479578870939
HLMN,2020-03-31,,UNRESOLVED,,,
HLMN,2020-06-30,,UNRESOLVED,,,
HLMN,2020-09-30,,UNRESOLVED,,,
HLMN,2020-12-31,,UNRESOLVED,,,
HLMN,2021-03-31,,UNRESOLVED,,,
HLMN,2021-06-30,,UNRESOLVED,,,
HLMN,2021-09-30,2380000000.0,EULERPOOL_OFFICIAL_MCAP_5Y,,2380000000.0,
HLMN,2021-12-31,2144000000.0,EULERPOOL_OFFICIAL_MCAP_5Y,,2144000000.0,
HLMN,2022-03-31,2370000000.0,EULERPOOL_OFFICIAL_MCAP_5Y,,2370000000.0,
HLMN,2022-06-30,1724000000.0,EULERPOOL_OFFICIAL_MCAP_5Y,,1724000000.0,
HLMN,2022-09-30,1504000000.0,EULERPOOL_OFFICIAL_MCAP_5Y,,1504000000.0,
HLMN,2022-12-30,1438000000.0,EULERPOOL_OFFICIAL_MCAP_5Y,,1438000000.0,
HEI,2020-03-31,,UNRESOLVED,,,
HEI,2020-06-30,,UNRESOLVED,,,
HEI,2020-09-30,,UNRESOLVED,,,
HEI,2020-12-31,,UNRESOLVED,,,
HEI,2021-03-31,17327943600.0,EULERPOOL_VENDOR_MCAP_HISTORY,17327943600.0,,
HEI,2021-06-30,19214027880.0,EULERPOOL_VENDOR_MCAP_HISTORY,19214027880.0,,
HEI,2021-09-30,18192389590.0,EULERPOOL_VENDOR_MCAP_HISTORY,18192389590.0,18563000000.0,0.019965006195119324
HEI,2021-12-31,19888659100.0,EULERPOOL_VENDOR_MCAP_HISTORY,19888659100.0,20302000000.0,0.020359614816274258
HEI,2022-03-31,21183299640.0,EULERPOOL_VENDOR_MCAP_HISTORY,21183299640.0,21614000000.0,0.019926915887850467
HEI,2022-06-30,18077121040.0,EULERPOOL_VENDOR_MCAP_HISTORY,18077121040.0,18458000000.0,0.020634898688915375
HEI,2022-09-30,19845771260.0,EULERPOOL_VENDOR_MCAP_HISTORY,19845771260.0,20268000000.0,0.020832284389184923
HEI,2022-12-30,21275759920.0,EULERPOOL_VENDOR_MCAP_HISTORY,21275759920.0,21628000000.0,0.01628629924172369
HOG,2020-03-31,,UNRESOLVED,,,
HOG,2020-06-30,,UNRESOLVED,,,
HOG,2020-09-30,,UNRESOLVED,,,
HOG,2020-12-31,,UNRESOLVED,,,
HOG,2021-03-31,,UNRESOLVED,,,
HOG,2021-06-30,,UNRESOLVED,,,
HOG,2021-09-30,4439000000.0,EULERPOOL_OFFICIAL_MCAP_5Y,,4439000000.0,
HOG,2021-12-31,4570000000.0,EULERPOOL_OFFICIAL_MCAP_5Y,,4570000000.0,
HOG,2022-03-31,4778000000.0,EULERPOOL_OFFICIAL_MCAP_5Y,,4778000000.0,
HOG,2022-06-30,3839000000.0,EULERPOOL_OFFICIAL_MCAP_5Y,,3839000000.0,
HOG,2022-09-30,4229000000.0,EULERPOOL_OFFICIAL_MCAP_5Y,,4229000000.0,
HOG,2022-12-30,5044000000.0,EULERPOOL_OFFICIAL_MCAP_5Y,,5044000000.0,
HGV,2020-03-31,,UNRESOLVED,,,
HGV,2020-06-30,,UNRESOLVED,,,
HGV,2020-09-30,,UNRESOLVED,,,
HGV,2020-12-31,,UNRESOLVED,,,
HGV,2021-03-31,,UNRESOLVED,,,
HGV,2021-06-30,,UNRESOLVED,,,
HGV,2021-09-30,4069000000.0,EULERPOOL_OFFICIAL_MCAP_5Y,,4069000000.0,
HGV,2021-12-31,4457000000.0,EULERPOOL_OFFICIAL_MCAP_5Y,,4457000000.0,
HGV,2022-03-31,4449000000.0,EULERPOOL_OFFICIAL_MCAP_5Y,,4449000000.0,
HGV,2022-06-30,3056000000.0,EULERPOOL_OFFICIAL_MCAP_5Y,,3056000000.0,
HGV,2022-09-30,2813000000.0,EULERPOOL_OFFICIAL_MCAP_5Y,,2813000000.0,
HGV,2022-12-30,3297000000.0,EULERPOOL_OFFICIAL_MCAP_5Y,,3297000000.0,
HOLX,2020-03-31,,UNRESOLVED,,,
HOLX,2020-06-30,,UNRESOLVED,,,
HOLX,2020-09-30,,UNRESOLVED,,,
HOLX,2020-12-31,,UNRESOLVED,,,
HOLX,2021-03-31,,UNRESOLVED,,,
HOLX,2021-06-30,,UNRESOLVED,,,
HOLX,2021-09-30,16797000000.0,EULERPOOL_OFFICIAL_MCAP_5Y,,16797000000.0,
HOLX,2021-12-31,17423000000.0,EULERPOOL_OFFICIAL_MCAP_5Y,,17423000000.0,
HOLX,2022-03-31,17482000000.0,EULERPOOL_OFFICIAL_MCAP_5Y,,17482000000.0,
HOLX,2022-06-30,15771000000.0,EULERPOOL_OFFICIAL_MCAP_5Y,,15771000000.0,
HOLX,2022-09-30,14683000000.0,EULERPOOL_OFFICIAL_MCAP_5Y,,14683000000.0,
HOLX,2022-12-30,17025000000.0,EULERPOOL_OFFICIAL_MCAP_5Y,,17025000000.0,
HPE,2020-03-31,12768650000.0,EULERPOOL_VENDOR_MCAP_HISTORY,12768650000.0,,
HPE,2020-06-30,12561430000.0,EULERPOOL_VENDOR_MCAP_HISTORY,12561430000.0,,
HPE,2020-09-30,12181000000.0,EULERPOOL_VENDOR_MCAP_HISTORY,12181000000.0,,
HPE,2020-12-31,15250950000.0,EULERPOOL_VENDOR_MCAP_HISTORY,15250950000.0,,
HPE,2021-03-31,20698100000.0,EULERPOOL_VENDOR_MCAP_HISTORY,20698100000.0,,
HPE,2021-06-30,19405980000.0,EULERPOOL_VENDOR_MCAP_HISTORY,19405980000.0,,
HPE,2021-09-30,19066500000.0,EULERPOOL_VENDOR_MCAP_HISTORY,19066500000.0,18867000000.0,0.01046337817638266
HPE,2021-12-31,21052950000.0,EULERPOOL_VENDOR_MCAP_HISTORY,21052950000.0,20879000000.0,0.00826250002968705
HPE,2022-03-31,22140750000.0,EULERPOOL_VENDOR_MCAP_HISTORY,22140750000.0,22124000000.0,0.0007565236046656053
HPE,2022-06-30,17622540000.0,EULERPOOL_VENDOR_MCAP_HISTORY,17622540000.0,17556000000.0,0.003775846160655615
HPE,2022-09-30,15849540000.0,EULERPOOL_VENDOR_MCAP_HISTORY,15849540000.0,15862000000.0,0.0007855251544571933
HPE,2022-12-30,20684160000.0,EULERPOOL_VENDOR_MCAP_HISTORY,20684160000.0,21131000000.0,0.021146183332544602
HP,2020-03-31,,UNRESOLVED,,,
HP,2020-06-30,,UNRESOLVED,,,
HP,2020-09-30,,UNRESOLVED,,,
HP,2020-12-31,,UNRESOLVED,,,
HP,2021-03-31,,UNRESOLVED,,,
HP,2021-06-30,,UNRESOLVED,,,
HP,2021-09-30,2721000000.0,EULERPOOL_OFFICIAL_MCAP_5Y,,2721000000.0,
HP,2021-12-31,2353000000.0,EULERPOOL_OFFICIAL_MCAP_5Y,,2353000000.0,
HP,2022-03-31,4247000000.0,EULERPOOL_OFFICIAL_MCAP_5Y,,4247000000.0,
HP,2022-06-30,4275000000.0,EULERPOOL_OFFICIAL_MCAP_5Y,,4275000000.0,
HP,2022-09-30,3670000000.0,EULERPOOL_OFFICIAL_MCAP_5Y,,3670000000.0,
HP,2022-12-30,4921000000.0,EULERPOOL_OFFICIAL_MCAP_5Y,,4921000000.0,
HRB,2020-03-31,,UNRESOLVED,,,
HRB,2020-06-30,,UNRESOLVED,,,
HRB,2020-09-30,,UNRESOLVED,,,
HRB,2020-12-31,,UNRESOLVED,,,
HRB,2021-03-31,,UNRESOLVED,,,
HRB,2021-06-30,,UNRESOLVED,,,
HRB,2021-09-30,3434000000.0,EULERPOOL_OFFICIAL_MCAP_5Y,,3434000000.0,
HRB,2021-12-31,3236000000.0,EULERPOOL_OFFICIAL_MCAP_5Y,,3236000000.0,
HRB,2022-03-31,3576000000.0,EULERPOOL_OFFICIAL_MCAP_5Y,,3576000000.0,
HRB,2022-06-30,4851000000.0,EULERPOOL_OFFICIAL_MCAP_5Y,,4851000000.0,
HRB,2022-09-30,5842000000.0,EULERPOOL_OFFICIAL_MCAP_5Y,,5842000000.0,
HRB,2022-12-30,5014000000.0,EULERPOOL_OFFICIAL_MCAP_5Y,,5014000000.0,
HLT,2020-03-31,19107200000.0,EULERPOOL_VENDOR_MCAP_HISTORY,19107200000.0,,
HLT,2020-06-30,20345650000.0,EULERPOOL_VENDOR_MCAP_HISTORY,20345650000.0,,
HLT,2020-09-30,23804280000.0,EULERPOOL_VENDOR_MCAP_HISTORY,23804280000.0,,
HLT,2020-12-31,31041540000.0,EULERPOOL_VENDOR_MCAP_HISTORY,31041540000.0,,
HLT,2021-03-31,33615760000.0,EULERPOOL_VENDOR_MCAP_HISTORY,33615760000.0,,
HLT,2021-06-30,33894220000.0,EULERPOOL_VENDOR_MCAP_HISTORY,33894220000.0,,
HLT,2021-09-30,37122910000.0,EULERPOOL_VENDOR_MCAP_HISTORY,37122910000.0,30708000000.0,0.17280191666008943
HLT,2021-12-31,43989180000.0,EULERPOOL_VENDOR_MCAP_HISTORY,43989180000.0,36258000000.0,0.17575185534260926
HLT,2022-03-31,42790680000.0,EULERPOOL_VENDOR_MCAP_HISTORY,42790680000.0,35270000000.0,0.17575509433362593
HLT,2022-06-30,31203200000.0,EULERPOOL_VENDOR_MCAP_HISTORY,31203200000.0,25903000000.0,0.16986078350938366
HLT,2022-09-30,33170500000.0,EULERPOOL_VENDOR_MCAP_HISTORY,33170500000.0,28037000000.0,0.1547610075217437
HLT,2022-12-30,34749000000.0,EULERPOOL_VENDOR_MCAP_HISTORY,34749000000.0,29371000000.0,0.15476704365593255
HPQ,2020-03-31,25345600000.0,EULERPOOL_VENDOR_MCAP_HISTORY,25345600000.0,,
HPQ,2020-06-30,25099200000.0,EULERPOOL_VENDOR_MCAP_HISTORY,25099200000.0,,
HPQ,2020-09-30,27022770000.0,EULERPOOL_VENDOR_MCAP_HISTORY,27022770000.0,,
HPQ,2020-12-31,33344040000.0,EULERPOOL_VENDOR_MCAP_HISTORY,33344040000.0,,
HPQ,2021-03-31,41052750000.0,EULERPOOL_VENDOR_MCAP_HISTORY,41052750000.0,,
HPQ,2021-06-30,37646930000.0,EULERPOOL_VENDOR_MCAP_HISTORY,37646930000.0,,
HPQ,2021-09-30,32804640000.0,EULERPOOL_VENDOR_MCAP_HISTORY,32804640000.0,26074000000.0,0.20517341449258397
HPQ,2021-12-31,43019140000.0,EULERPOOL_VENDOR_MCAP_HISTORY,43019140000.0,35900000000.0,0.16548773406441877
HPQ,2022-03-31,39712200000.0,EULERPOOL_VENDOR_MCAP_HISTORY,39712200000.0,34594000000.0,0.12888230820755334
HPQ,2022-06-30,34812360000.0,EULERPOOL_VENDOR_MCAP_HISTORY,34812360000.0,31239000000.0,0.10264630148602392
HPQ,2022-09-30,25792200000.0,EULERPOOL_VENDOR_MCAP_HISTORY,25792200000.0,23749000000.0,0.07921774800133374
HPQ,2022-12-30,26329080030.0,EULERPOOL_VENDOR_MCAP_HISTORY,26329080030.0,25607000000.0,0.027425190290630903
HRC,2020-03-31,,UNRESOLVED,,,
HRC,2020-06-30,,UNRESOLVED,,,
HRC,2020-09-30,,UNRESOLVED,,,
HRC,2020-12-31,,UNRESOLVED,,,
HRC,2021-03-31,,UNRESOLVED,,,
HRC,2021-06-30,,UNRESOLVED,,,
HRC,2021-09-30,9884000000.0,EULERPOOL_OFFICIAL_MCAP_5Y,,9884000000.0,
HRC,2021-12-31,,UNRESOLVED,,,
HRC,2022-03-31,,UNRESOLVED,,,
HRC,2022-06-30,,UNRESOLVED,,,
HRC,2022-09-30,,UNRESOLVED,,,
HRC,2022-12-30,,UNRESOLVED,,,
HUN,2020-03-31,,UNRESOLVED,,,
HUN,2020-06-30,,UNRESOLVED,,,
HUN,2020-09-30,,UNRESOLVED,,,
HUN,2020-12-31,,UNRESOLVED,,,
HUN,2021-03-31,,UNRESOLVED,,,
HUN,2021-06-30,,UNRESOLVED,,,
HUN,2021-09-30,5141000000.0,EULERPOOL_OFFICIAL_MCAP_5Y,,5141000000.0,
HUN,2021-12-31,6060000000.0,EULERPOOL_OFFICIAL_MCAP_5Y,,6060000000.0,
HUN,2022-03-31,6517000000.0,EULERPOOL_OFFICIAL_MCAP_5Y,,6517000000.0,
HUN,2022-06-30,4926000000.0,EULERPOOL_OFFICIAL_MCAP_5Y,,4926000000.0,
HUN,2022-09-30,4264000000.0,EULERPOOL_OFFICIAL_MCAP_5Y,,4264000000.0,
HUN,2022-12-30,4775000000.0,EULERPOOL_OFFICIAL_MCAP_5Y,,4775000000.0,
HSY,2020-03-31,27844477500.0,EULERPOOL_VENDOR_MCAP_HISTORY,27844477500.0,,
HSY,2020-06-30,27099653400.0,EULERPOOL_VENDOR_MCAP_HISTORY,27099653400.0,,
HSY,2020-09-30,29978127600.0,EULERPOOL_VENDOR_MCAP_HISTORY,29978127600.0,,
HSY,2020-12-31,41128795340.0,EULERPOOL_VENDOR_MCAP_HISTORY,41128795340.0,,
HSY,2021-03-31,32986482240.0,EULERPOOL_VENDOR_MCAP_HISTORY,32986482240.0,,
HSY,2021-06-30,36172134780.0,EULERPOOL_VENDOR_MCAP_HISTORY,36172134780.0,,
HSY,2021-09-30,35106850500.0,EULERPOOL_VENDOR_MCAP_HISTORY,35106850500.0,34422000000.0,0.01950760293920413
HSY,2021-12-31,40134771090.0,EULERPOOL_VENDOR_MCAP_HISTORY,40134771090.0,39348000000.0,0.019603228538060163
HSY,2022-03-31,44900900100.0,EULERPOOL_VENDOR_MCAP_HISTORY,44900900100.0,44058000000.0,0.018772454407879453
HSY,2022-06-30,44419566840.0,EULERPOOL_VENDOR_MCAP_HISTORY,44419566840.0,43759000000.0,0.014871077927872923
HSY,2022-09-30,45477228780.0,EULERPOOL_VENDOR_MCAP_HISTORY,45477228780.0,44839000000.0,0.014034029713804387
HSY,2022-12-30,47766870180.0,EULERPOOL_VENDOR_MCAP_HISTORY,47766870180.0,47096000000.0,0.014044675262832974
HURN,2020-03-31,,UNRESOLVED,,,
HURN,2020-06-30,,UNRESOLVED,,,
HURN,2020-09-30,,UNRESOLVED,,,
HURN,2020-12-31,,UNRESOLVED,,,
HURN,2021-03-31,,UNRESOLVED,,,
HURN,2021-06-30,,UNRESOLVED,,,
HURN,2021-09-30,896000000.0,EULERPOOL_OFFICIAL_MCAP_5Y,,896000000.0,
HURN,2021-12-31,860000000.0,EULERPOOL_OFFICIAL_MCAP_5Y,,860000000.0,
HURN,2022-03-31,790000000.0,EULERPOOL_OFFICIAL_MCAP_5Y,,790000000.0,
HURN,2022-06-30,1120000000.0,EULERPOOL_OFFICIAL_MCAP_5Y,,1120000000.0,
HURN,2022-09-30,1142000000.0,EULERPOOL_OFFICIAL_MCAP_5Y,,1142000000.0,
HURN,2022-12-30,1252000000.0,EULERPOOL_OFFICIAL_MCAP_5Y,,1252000000.0,
HUBB,2020-03-31,6310700000.0,EULERPOOL_VENDOR_MCAP_HISTORY,6310700000.0,,
HUBB,2020-06-30,6769440000.0,EULERPOOL_VENDOR_MCAP_HISTORY,6769440000.0,,
HUBB,2020-09-30,7526200000.0,EULERPOOL_VENDOR_MCAP_HISTORY,7526200000.0,,
HUBB,2020-12-31,8623450000.0,EULERPOOL_VENDOR_MCAP_HISTORY,8623450000.0,,
HUBB,2021-03-31,10278950000.0,EULERPOOL_VENDOR_MCAP_HISTORY,10278950000.0,,
HUBB,2021-06-30,10276200000.0,EULERPOOL_VENDOR_MCAP_HISTORY,10276200000.0,,
HUBB,2021-09-30,9936850000.0,EULERPOOL_VENDOR_MCAP_HISTORY,9936850000.0,9666000000.0,0.027257128768171
HUBB,2021-12-31,11454850000.0,EULERPOOL_VENDOR_MCAP_HISTORY,11454850000.0,11142000000.0,0.027311575446208373
HUBB,2022-03-31,9923580000.0,EULERPOOL_VENDOR_MCAP_HISTORY,9923580000.0,9832000000.0,0.009228524383337464
HUBB,2022-06-30,9643320000.0,EULERPOOL_VENDOR_MCAP_HISTORY,9643320000.0,9554000000.0,0.009262370221044204
HUBB,2022-09-30,12042000000.0,EULERPOOL_VENDOR_MCAP_HISTORY,12042000000.0,11931000000.0,0.009217737917289488
HUBB,2022-12-30,12672720000.0,EULERPOOL_VENDOR_MCAP_HISTORY,12672720000.0,12555000000.0,0.009289244929265382
HWM,2020-03-31,5416400000.0,EULERPOOL_VENDOR_MCAP_HISTORY,5416400000.0,,
HWM,2020-06-30,6910600000.0,EULERPOOL_VENDOR_MCAP_HISTORY,6910600000.0,,
HWM,2020-09-30,7340080000.0,EULERPOOL_VENDOR_MCAP_HISTORY,7340080000.0,,
HWM,2020-12-31,12500520000.0,EULERPOOL_VENDOR_MCAP_HISTORY,12500520000.0,,
HWM,2021-03-31,14105070000.0,EULERPOOL_VENDOR_MCAP_HISTORY,14105070000.0,,
HWM,2021-06-30,15063390000.0,EULERPOOL_VENDOR_MCAP_HISTORY,15063390000.0,,
HWM,2021-09-30,13540800000.0,EULERPOOL_VENDOR_MCAP_HISTORY,13540800000.0,12667000000.0,0.06453089920831856
HWM,2021-12-31,13846050000.0,EULERPOOL_VENDOR_MCAP_HISTORY,13846050000.0,12923000000.0,0.0666652222113888
HWM,2022-03-31,15274500000.0,EULERPOOL_VENDOR_MCAP_HISTORY,15274500000.0,14592000000.0,0.04468231366002161
HWM,2022-06-30,13271900000.0,EULERPOOL_VENDOR_MCAP_HISTORY,13271900000.0,12769000000.0,0.03789208779451322
HWM,2022-09-30,12990600000.0,EULERPOOL_VENDOR_MCAP_HISTORY,12990600000.0,12558000000.0,0.03330100226317491
HWM,2022-12-30,16552200000.0,EULERPOOL_VENDOR_MCAP_HISTORY,16552200000.0,16000000000.0,0.03336112420101255
IART,2020-03-31,,UNRESOLVED,,,
IART,2020-06-30,,UNRESOLVED,,,
IART,2020-09-30,,UNRESOLVED,,,
IART,2020-12-31,,UNRESOLVED,,,
IART,2021-03-31,,UNRESOLVED,,,
IART,2021-06-30,,UNRESOLVED,,,
IART,2021-09-30,5334000000.0,EULERPOOL_OFFICIAL_MCAP_5Y,,5334000000.0,
IART,2021-12-31,5218000000.0,EULERPOOL_OFFICIAL_MCAP_5Y,,5218000000.0,
IART,2022-03-31,5005000000.0,EULERPOOL_OFFICIAL_MCAP_5Y,,5005000000.0,
IART,2022-06-30,4208000000.0,EULERPOOL_OFFICIAL_MCAP_5Y,,4208000000.0,
IART,2022-09-30,3299000000.0,EULERPOOL_OFFICIAL_MCAP_5Y,,3299000000.0,
IART,2022-12-30,4367000000.0,EULERPOOL_OFFICIAL_MCAP_5Y,,4367000000.0,
IEP,2020-03-31,,UNRESOLVED,,,
IEP,2020-06-30,,UNRESOLVED,,,
IEP,2020-09-30,,UNRESOLVED,,,
IEP,2020-12-31,,UNRESOLVED,,,
IEP,2021-03-31,,UNRESOLVED,,,
IEP,2021-06-30,,UNRESOLVED,,,
IEP,2021-09-30,23277000000.0,EULERPOOL_OFFICIAL_MCAP_5Y,,23277000000.0,
IEP,2021-12-31,23109000000.0,EULERPOOL_OFFICIAL_MCAP_5Y,,23109000000.0,
IEP,2022-03-31,24199000000.0,EULERPOOL_OFFICIAL_MCAP_5Y,,24199000000.0,
IEP,2022-06-30,22424000000.0,EULERPOOL_OFFICIAL_MCAP_5Y,,22424000000.0,
IEP,2022-09-30,23146000000.0,EULERPOOL_OFFICIAL_MCAP_5Y,,23146000000.0,
IEP,2022-12-30,23603000000.0,EULERPOOL_OFFICIAL_MCAP_5Y,,23603000000.0,
IDA,2020-03-31,,UNRESOLVED,,,
IDA,2020-06-30,,UNRESOLVED,,,
IDA,2020-09-30,,UNRESOLVED,,,
IDA,2020-12-31,,UNRESOLVED,,,
IDA,2021-03-31,,UNRESOLVED,,,
IDA,2021-06-30,,UNRESOLVED,,,
IDA,2021-09-30,5439000000.0,EULERPOOL_OFFICIAL_MCAP_5Y,,5439000000.0,
IDA,2021-12-31,5962000000.0,EULERPOOL_OFFICIAL_MCAP_5Y,,5962000000.0,
IDA,2022-03-31,6070000000.0,EULERPOOL_OFFICIAL_MCAP_5Y,,6070000000.0,
IDA,2022-06-30,5573000000.0,EULERPOOL_OFFICIAL_MCAP_5Y,,5573000000.0,
IDA,2022-09-30,5209000000.0,EULERPOOL_OFFICIAL_MCAP_5Y,,5209000000.0,
IDA,2022-12-30,5675000000.0,EULERPOOL_OFFICIAL_MCAP_5Y,,5675000000.0,
IMVT,2020-03-31,,UNRESOLVED,,,
IMVT,2020-06-30,,UNRESOLVED,,,
IMVT,2020-09-30,,UNRESOLVED,,,
IMVT,2020-12-31,,UNRESOLVED,,,
IMVT,2021-03-31,,UNRESOLVED,,,
IMVT,2021-06-30,,UNRESOLVED,,,
IMVT,2021-09-30,1769000000.0,EULERPOOL_OFFICIAL_MCAP_5Y,,1769000000.0,
IMVT,2021-12-31,1734000000.0,EULERPOOL_OFFICIAL_MCAP_5Y,,1734000000.0,
IMVT,2022-03-31,1121000000.0,EULERPOOL_OFFICIAL_MCAP_5Y,,1121000000.0,
IMVT,2022-06-30,794000000.0,EULERPOOL_OFFICIAL_MCAP_5Y,,794000000.0,
IMVT,2022-09-30,1136000000.0,EULERPOOL_OFFICIAL_MCAP_5Y,,1136000000.0,
IMVT,2022-12-30,3613000000.0,EULERPOOL_OFFICIAL_MCAP_5Y,,3613000000.0,
IMXI,2020-03-31,,UNRESOLVED,,,
IMXI,2020-06-30,,UNRESOLVED,,,
IMXI,2020-09-30,,UNRESOLVED,,,
IMXI,2020-12-31,,UNRESOLVED,,,
IMXI,2021-03-31,,UNRESOLVED,,,
IMXI,2021-06-30,,UNRESOLVED,,,
IMXI,2021-09-30,504000000.0,EULERPOOL_OFFICIAL_MCAP_5Y,,504000000.0,
IMXI,2021-12-31,482000000.0,EULERPOOL_OFFICIAL_MCAP_5Y,,482000000.0,
IMXI,2022-03-31,622000000.0,EULERPOOL_OFFICIAL_MCAP_5Y,,622000000.0,
IMXI,2022-06-30,618000000.0,EULERPOOL_OFFICIAL_MCAP_5Y,,618000000.0,
IMXI,2022-09-30,688000000.0,EULERPOOL_OFFICIAL_MCAP_5Y,,688000000.0,
IMXI,2022-12-30,736000000.0,EULERPOOL_OFFICIAL_MCAP_5Y,,736000000.0,
IBM,2020-03-31,94916204588.91,EULERPOOL_VENDOR_MCAP_HISTORY,94916204588.91,,
IBM,2020-06-30,103324161567.878,EULERPOOL_VENDOR_MCAP_HISTORY,103324161567.878,,
IBM,2020-09-30,104372411065.01,EULERPOOL_VENDOR_MCAP_HISTORY,104372411065.01,,
IBM,2020-12-31,108189407265.774,EULERPOOL_VENDOR_MCAP_HISTORY,108189407265.774,,
IBM,2021-03-31,114882108304.015,EULERPOOL_VENDOR_MCAP_HISTORY,114882108304.015,,
IBM,2021-06-30,126717665391.969,EULERPOOL_VENDOR_MCAP_HISTORY,126717665391.969,,
IBM,2021-09-30,120335162523.901,EULERPOOL_VENDOR_MCAP_HISTORY,120335162523.901,131803000000.0,0.08700740860298323
IBM,2021-12-31,121176156000.0,EULERPOOL_VENDOR_MCAP_HISTORY,121176156000.0,126803000000.0,0.044374691450517735
IBM,2022-03-31,118217577522.0,EULERPOOL_VENDOR_MCAP_HISTORY,118217577522.0,123350000000.0,0.04160861352249696
IBM,2022-06-30,128581733000.0,EULERPOOL_VENDOR_MCAP_HISTORY,128581733000.0,133947000000.0,0.040055148678208544
IBM,2022-09-30,107416121000.0,EULERPOOL_VENDOR_MCAP_HISTORY,107416121000.0,112715000000.0,0.04701130284345473
IBM,2022-12-30,127378649000.0,EULERPOOL_VENDOR_MCAP_HISTORY,127378649000.0,133662000000.0,0.047009254687196064
INGR,2020-03-31,,UNRESOLVED,,,
INGR,2020-06-30,,UNRESOLVED,,,
INGR,2020-09-30,,UNRESOLVED,,,
INGR,2020-12-31,,UNRESOLVED,,,
INGR,2021-03-31,,UNRESOLVED,,,
INGR,2021-06-30,,UNRESOLVED,,,
INGR,2021-09-30,5803000000.0,EULERPOOL_OFFICIAL_MCAP_5Y,,5803000000.0,
INGR,2021-12-31,6301000000.0,EULERPOOL_OFFICIAL_MCAP_5Y,,6301000000.0,
INGR,2022-03-31,5682000000.0,EULERPOOL_OFFICIAL_MCAP_5Y,,5682000000.0,
INGR,2022-06-30,5748000000.0,EULERPOOL_OFFICIAL_MCAP_5Y,,5748000000.0,
INGR,2022-09-30,5250000000.0,EULERPOOL_OFFICIAL_MCAP_5Y,,5250000000.0,
INGR,2022-12-30,6385000000.0,EULERPOOL_OFFICIAL_MCAP_5Y,,6385000000.0,
IT,2020-03-31,,UNRESOLVED,,,
IT,2020-06-30,,UNRESOLVED,,,
IT,2020-09-30,,UNRESOLVED,,,
IT,2020-12-31,,UNRESOLVED,,,
IT,2021-03-31,,UNRESOLVED,,,
IT,2021-06-30,,UNRESOLVED,,,
IT,2021-09-30,22975000000.0,EULERPOOL_OFFICIAL_MCAP_5Y,,22975000000.0,
IT,2021-12-31,25276000000.0,EULERPOOL_OFFICIAL_MCAP_5Y,,25276000000.0,
IT,2022-03-31,22489000000.0,EULERPOOL_OFFICIAL_MCAP_5Y,,22489000000.0,
IT,2022-06-30,18284000000.0,EULERPOOL_OFFICIAL_MCAP_5Y,,18284000000.0,
IT,2022-09-30,20919000000.0,EULERPOOL_OFFICIAL_MCAP_5Y,,20919000000.0,
IT,2022-12-30,25414000000.0,EULERPOOL_OFFICIAL_MCAP_5Y,,25414000000.0,
IONS,2020-03-31,,UNRESOLVED,,,
IONS,2020-06-30,,UNRESOLVED,,,
IONS,2020-09-30,,UNRESOLVED,,,
IONS,2020-12-31,,UNRESOLVED,,,
IONS,2021-03-31,,UNRESOLVED,,,
IONS,2021-06-30,,UNRESOLVED,,,
IONS,2021-09-30,5367000000.0,EULERPOOL_OFFICIAL_MCAP_5Y,,5367000000.0,
IONS,2021-12-31,4869000000.0,EULERPOOL_OFFICIAL_MCAP_5Y,,4869000000.0,
IONS,2022-03-31,5927000000.0,EULERPOOL_OFFICIAL_MCAP_5Y,,5927000000.0,
IONS,2022-06-30,5924000000.0,EULERPOOL_OFFICIAL_MCAP_5Y,,5924000000.0,
IONS,2022-09-30,7077000000.0,EULERPOOL_OFFICIAL_MCAP_5Y,,7077000000.0,
IONS,2022-12-30,6044000000.0,EULERPOOL_OFFICIAL_MCAP_5Y,,6044000000.0,
IQV,2020-03-31,21140560000.0,EULERPOOL_VENDOR_MCAP_HISTORY,21140560000.0,,
IQV,2020-06-30,27099080000.0,EULERPOOL_VENDOR_MCAP_HISTORY,27099080000.0,,
IQV,2020-09-30,30737850000.0,EULERPOOL_VENDOR_MCAP_HISTORY,30737850000.0,,
IQV,2020-12-31,34938150000.0,EULERPOOL_VENDOR_MCAP_HISTORY,34938150000.0,,
IQV,2021-03-31,37662300000.0,EULERPOOL_VENDOR_MCAP_HISTORY,37662300000.0,,
IQV,2021-06-30,47252400000.0,EULERPOOL_VENDOR_MCAP_HISTORY,47252400000.0,,
IQV,2021-09-30,46710300000.0,EULERPOOL_VENDOR_MCAP_HISTORY,46710300000.0,41560000000.0,0.11026047788175199
IQV,2021-12-31,55017300000.0,EULERPOOL_VENDOR_MCAP_HISTORY,55017300000.0,48951000000.0,0.1102616813256921
IQV,2022-03-31,44623530000.0,EULERPOOL_VENDOR_MCAP_HISTORY,44623530000.0,40115000000.0,0.10103481279943563
IQV,2022-06-30,41445090000.0,EULERPOOL_VENDOR_MCAP_HISTORY,41445090000.0,37648000000.0,0.09161736649624841
IQV,2022-09-30,34235460000.0,EULERPOOL_VENDOR_MCAP_HISTORY,34235460000.0,31428000000.0,0.08200444801968486
IQV,2022-12-30,38724210000.0,EULERPOOL_VENDOR_MCAP_HISTORY,38724210000.0,35548000000.0,0.08202129882055696
IOSP,2020-03-31,,UNRESOLVED,,,
IOSP,2020-06-30,,UNRESOLVED,,,
IOSP,2020-09-30,,UNRESOLVED,,,
IOSP,2020-12-31,,UNRESOLVED,,,
IOSP,2021-03-31,,UNRESOLVED,,,
IOSP,2021-06-30,,UNRESOLVED,,,
IOSP,2021-09-30,2116000000.0,EULERPOOL_OFFICIAL_MCAP_5Y,,2116000000.0,
IOSP,2021-12-31,2269000000.0,EULERPOOL_OFFICIAL_MCAP_5Y,,2269000000.0,
IOSP,2022-03-31,2325000000.0,EULERPOOL_OFFICIAL_MCAP_5Y,,2325000000.0,
IOSP,2022-06-30,2406000000.0,EULERPOOL_OFFICIAL_MCAP_5Y,,2406000000.0,
IOSP,2022-09-30,2152000000.0,EULERPOOL_OFFICIAL_MCAP_5Y,,2152000000.0,
IOSP,2022-12-30,2584000000.0,EULERPOOL_OFFICIAL_MCAP_5Y,,2584000000.0,
JBSS,2020-03-31,,UNRESOLVED,,,
JBSS,2020-06-30,,UNRESOLVED,,,
JBSS,2020-09-30,,UNRESOLVED,,,
JBSS,2020-12-31,,UNRESOLVED,,,
JBSS,2021-03-31,,UNRESOLVED,,,
JBSS,2021-06-30,,UNRESOLVED,,,
JBSS,2021-09-30,958000000.0,EULERPOOL_OFFICIAL_MCAP_5Y,,958000000.0,
JBSS,2021-12-31,1057000000.0,EULERPOOL_OFFICIAL_MCAP_5Y,,1057000000.0,
JBSS,2022-03-31,978000000.0,EULERPOOL_OFFICIAL_MCAP_5Y,,978000000.0,
JBSS,2022-06-30,850000000.0,EULERPOOL_OFFICIAL_MCAP_5Y,,850000000.0,
JBSS,2022-09-30,888000000.0,EULERPOOL_OFFICIAL_MCAP_5Y,,888000000.0,
JBSS,2022-12-30,953000000.0,EULERPOOL_OFFICIAL_MCAP_5Y,,953000000.0,
JBLU,2020-03-31,,UNRESOLVED,,,
JBLU,2020-06-30,,UNRESOLVED,,,
JBLU,2020-09-30,,UNRESOLVED,,,
JBLU,2020-12-31,,UNRESOLVED,,,
JBLU,2021-03-31,,UNRESOLVED,,,
JBLU,2021-06-30,,UNRESOLVED,,,
JBLU,2021-09-30,5537000000.0,EULERPOOL_OFFICIAL_MCAP_5Y,,5537000000.0,
JBLU,2021-12-31,5156000000.0,EULERPOOL_OFFICIAL_MCAP_5Y,,5156000000.0,
JBLU,2022-03-31,5413000000.0,EULERPOOL_OFFICIAL_MCAP_5Y,,5413000000.0,
JBLU,2022-06-30,3031000000.0,EULERPOOL_OFFICIAL_MCAP_5Y,,3031000000.0,
JBLU,2022-09-30,2401000000.0,EULERPOOL_OFFICIAL_MCAP_5Y,,2401000000.0,
JBLU,2022-12-30,2346000000.0,EULERPOOL_OFFICIAL_MCAP_5Y,,2346000000.0,
JCI,2020-03-31,20411416000.0,EULERPOOL_VENDOR_MCAP_HISTORY,20411416000.0,,
JCI,2020-06-30,25400160000.0,EULERPOOL_VENDOR_MCAP_HISTORY,25400160000.0,,
JCI,2020-09-30,30151385000.0,EULERPOOL_VENDOR_MCAP_HISTORY,30151385000.0,,
JCI,2020-12-31,33847635000.0,EULERPOOL_VENDOR_MCAP_HISTORY,33847635000.0,,
JCI,2021-03-31,43039971000.0,EULERPOOL_VENDOR_MCAP_HISTORY,43039971000.0,,
JCI,2021-06-30,49393011000.0,EULERPOOL_VENDOR_MCAP_HISTORY,49393011000.0,,
JCI,2021-09-30,48813360000.0,EULERPOOL_VENDOR_MCAP_HISTORY,48813360000.0,44531000000.0,0.08772926100559356
JCI,2021-12-31,57689445000.0,EULERPOOL_VENDOR_MCAP_HISTORY,57689445000.0,53185000000.0,0.07808092104196877
JCI,2022-03-31,46076039000.0,EULERPOOL_VENDOR_MCAP_HISTORY,46076039000.0,42889000000.0,0.0691691184652396
JCI,2022-06-30,33271812000.0,EULERPOOL_VENDOR_MCAP_HISTORY,33271812000.0,31318000000.0,0.058722741039772645
JCI,2022-09-30,34020864000.0,EULERPOOL_VENDOR_MCAP_HISTORY,34020864000.0,32195000000.0,0.05366894856050687
JCI,2022-12-30,44236800000.0,EULERPOOL_VENDOR_MCAP_HISTORY,44236800000.0,41862000000.0,0.05368381076388889
KD,2020-03-31,,UNRESOLVED,,,
KD,2020-06-30,,UNRESOLVED,,,
KD,2020-09-30,,UNRESOLVED,,,
KD,2020-12-31,,UNRESOLVED,,,
KD,2021-03-31,,UNRESOLVED,,,
KD,2021-06-30,,UNRESOLVED,,,
KD,2021-09-30,,UNRESOLVED,,,
KD,2021-12-31,4081000000.0,EULERPOOL_OFFICIAL_MCAP_5Y,,4081000000.0,
KD,2022-03-31,2958000000.0,EULERPOOL_OFFICIAL_MCAP_5Y,,2958000000.0,
KD,2022-06-30,2205000000.0,EULERPOOL_OFFICIAL_MCAP_5Y,,2205000000.0,
KD,2022-09-30,1864000000.0,EULERPOOL_OFFICIAL_MCAP_5Y,,1864000000.0,
KD,2022-12-30,2507000000.0,EULERPOOL_OFFICIAL_MCAP_5Y,,2507000000.0,
JNJ,2020-03-31,350248230000.0,EULERPOOL_VENDOR_MCAP_HISTORY,350248230000.0,,
JNJ,2020-06-30,374919580000.0,EULERPOOL_VENDOR_MCAP_HISTORY,374919580000.0,,
JNJ,2020-09-30,397360720000.0,EULERPOOL_VENDOR_MCAP_HISTORY,397360720000.0,,
JNJ,2020-12-31,420361980000.0,EULERPOOL_VENDOR_MCAP_HISTORY,420361980000.0,,
JNJ,2021-03-31,439307550000.0,EULERPOOL_VENDOR_MCAP_HISTORY,439307550000.0,,
JNJ,2021-06-30,440185280000.0,EULERPOOL_VENDOR_MCAP_HISTORY,440185280000.0,,
JNJ,2021-09-30,432012500000.0,EULERPOOL_VENDOR_MCAP_HISTORY,432012500000.0,392348000000.0,0.09181331558693324
JNJ,2021-12-31,457441180000.0,EULERPOOL_VENDOR_MCAP_HISTORY,457441180000.0,415597000000.0,0.09147444923957218
JNJ,2022-03-31,472672410000.0,EULERPOOL_VENDOR_MCAP_HISTORY,472672410000.0,430563000000.0,0.08908793724600934
JNJ,2022-06-30,473596680000.0,EULERPOOL_VENDOR_MCAP_HISTORY,473596680000.0,431243000000.0,0.08942984988830581
JNJ,2022-09-30,434700960000.0,EULERPOOL_VENDOR_MCAP_HISTORY,434700960000.0,396867000000.0,0.08703445237388019
JNJ,2022-12-30,470065650000.0,EULERPOOL_VENDOR_MCAP_HISTORY,470065650000.0,429153000000.0,0.08703603422202835
JOBY,2020-03-31,,UNRESOLVED,,,
JOBY,2020-06-30,,UNRESOLVED,,,
JOBY,2020-09-30,,UNRESOLVED,,,
JOBY,2020-12-31,,UNRESOLVED,,,
JOBY,2021-03-31,,UNRESOLVED,,,
JOBY,2021-06-30,,UNRESOLVED,,,
JOBY,2021-09-30,9680000000.0,EULERPOOL_OFFICIAL_MCAP_5Y,,9680000000.0,
JOBY,2021-12-31,7024000000.0,EULERPOOL_OFFICIAL_MCAP_5Y,,7024000000.0,
JOBY,2022-03-31,6370000000.0,EULERPOOL_OFFICIAL_MCAP_5Y,,6370000000.0,
JOBY,2022-06-30,4725000000.0,EULERPOOL_OFFICIAL_MCAP_5Y,,4725000000.0,
JOBY,2022-09-30,4166000000.0,EULERPOOL_OFFICIAL_MCAP_5Y,,4166000000.0,
JOBY,2022-12-30,3223000000.0,EULERPOOL_OFFICIAL_MCAP_5Y,,3223000000.0,
KMT,2020-03-31,,UNRESOLVED,,,
KMT,2020-06-30,,UNRESOLVED,,,
KMT,2020-09-30,,UNRESOLVED,,,
KMT,2020-12-31,,UNRESOLVED,,,
KMT,2021-03-31,,UNRESOLVED,,,
KMT,2021-06-30,,UNRESOLVED,,,
KMT,2021-09-30,2608000000.0,EULERPOOL_OFFICIAL_MCAP_5Y,,2608000000.0,
KMT,2021-12-31,2736000000.0,EULERPOOL_OFFICIAL_MCAP_5Y,,2736000000.0,
KMT,2022-03-31,2180000000.0,EULERPOOL_OFFICIAL_MCAP_5Y,,2180000000.0,
KMT,2022-06-30,1770000000.0,EULERPOOL_OFFICIAL_MCAP_5Y,,1770000000.0,
KMT,2022-09-30,1568000000.0,EULERPOOL_OFFICIAL_MCAP_5Y,,1568000000.0,
KMT,2022-12-30,1833000000.0,EULERPOOL_OFFICIAL_MCAP_5Y,,1833000000.0,
KMB,2020-03-31,44000067000.0,EULERPOOL_VENDOR_MCAP_HISTORY,44000067000.0,,
KMB,2020-06-30,48327565000.0,EULERPOOL_VENDOR_MCAP_HISTORY,48327565000.0,,
KMB,2020-09-30,50544018000.0,EULERPOOL_VENDOR_MCAP_HISTORY,50544018000.0,,
KMB,2020-12-31,45990513000.0,EULERPOOL_VENDOR_MCAP_HISTORY,45990513000.0,,
KMB,2021-03-31,47193570000.0,EULERPOOL_VENDOR_MCAP_HISTORY,47193570000.0,,
KMB,2021-06-30,45257774000.0,EULERPOOL_VENDOR_MCAP_HISTORY,45257774000.0,,
KMB,2021-09-30,44698500000.0,EULERPOOL_VENDOR_MCAP_HISTORY,44698500000.0,43957000000.0,0.01658892356566775
KMB,2021-12-31,48335544000.0,EULERPOOL_VENDOR_MCAP_HISTORY,48335544000.0,47435000000.0,0.018631092679954116
KMB,2022-03-31,41652712000.0,EULERPOOL_VENDOR_MCAP_HISTORY,41652712000.0,40877000000.0,0.018623325175081036
KMB,2022-06-30,45721245000.0,EULERPOOL_VENDOR_MCAP_HISTORY,45721245000.0,44856000000.0,0.018924353437882104
KMB,2022-09-30,38072282000.0,EULERPOOL_VENDOR_MCAP_HISTORY,38072282000.0,37352000000.0,0.0189188029233446
KMB,2022-12-30,45924225000.0,EULERPOOL_VENDOR_MCAP_HISTORY,45924225000.0,45055000000.0,0.01892737438682961
KMX,2020-03-31,,UNRESOLVED,,,
KMX,2020-06-30,,UNRESOLVED,,,
KMX,2020-09-30,,UNRESOLVED,,,
KMX,2020-12-31,,UNRESOLVED,,,
KMX,2021-03-31,,UNRESOLVED,,,
KMX,2021-06-30,,UNRESOLVED,,,
KMX,2021-09-30,19970000000.0,EULERPOOL_OFFICIAL_MCAP_5Y,,19970000000.0,
KMX,2021-12-31,20324000000.0,EULERPOOL_OFFICIAL_MCAP_5Y,,20324000000.0,
KMX,2022-03-31,15057000000.0,EULERPOOL_OFFICIAL_MCAP_5Y,,15057000000.0,
KMX,2022-06-30,14120000000.0,EULERPOOL_OFFICIAL_MCAP_5Y,,14120000000.0,
KMX,2022-09-30,10303000000.0,EULERPOOL_OFFICIAL_MCAP_5Y,,10303000000.0,
KMX,2022-12-30,9503000000.0,EULERPOOL_OFFICIAL_MCAP_5Y,,9503000000.0,
KOS,2020-03-31,,UNRESOLVED,,,
KOS,2020-06-30,,UNRESOLVED,,,
KOS,2020-09-30,,UNRESOLVED,,,
KOS,2020-12-31,,UNRESOLVED,,,
KOS,2021-03-31,,UNRESOLVED,,,
KOS,2021-06-30,,UNRESOLVED,,,
KOS,2021-09-30,1411000000.0,EULERPOOL_OFFICIAL_MCAP_5Y,,1411000000.0,
KOS,2021-12-31,1649000000.0,EULERPOOL_OFFICIAL_MCAP_5Y,,1649000000.0,
KOS,2022-03-31,3427000000.0,EULERPOOL_OFFICIAL_MCAP_5Y,,3427000000.0,
KOS,2022-06-30,2951000000.0,EULERPOOL_OFFICIAL_MCAP_5Y,,2951000000.0,
KOS,2022-09-30,2464000000.0,EULERPOOL_OFFICIAL_MCAP_5Y,,2464000000.0,
KOS,2022-12-30,3032000000.0,EULERPOOL_OFFICIAL_MCAP_5Y,,3032000000.0,
KPLT,2020-03-31,,UNRESOLVED,,,
KPLT,2020-06-30,,UNRESOLVED,,,
KPLT,2020-09-30,,UNRESOLVED,,,
KPLT,2020-12-31,,UNRESOLVED,,,
KPLT,2021-03-31,,UNRESOLVED,,,
KPLT,2021-06-30,,UNRESOLVED,,,
KPLT,2021-09-30,682000000.0,EULERPOOL_OFFICIAL_MCAP_5Y,,682000000.0,
KPLT,2021-12-31,424000000.0,EULERPOOL_OFFICIAL_MCAP_5Y,,424000000.0,
KPLT,2022-03-31,299000000.0,EULERPOOL_OFFICIAL_MCAP_5Y,,299000000.0,
KPLT,2022-06-30,134000000.0,EULERPOOL_OFFICIAL_MCAP_5Y,,134000000.0,
KPLT,2022-09-30,121000000.0,EULERPOOL_OFFICIAL_MCAP_5Y,,121000000.0,
KPLT,2022-12-30,120000000.0,EULERPOOL_OFFICIAL_MCAP_5Y,,120000000.0,
KRP,2020-03-31,,UNRESOLVED,,,
KRP,2020-06-30,,UNRESOLVED,,,
KRP,2020-09-30,,UNRESOLVED,,,
KRP,2020-12-31,,UNRESOLVED,,,
KRP,2021-03-31,,UNRESOLVED,,,
KRP,2021-06-30,,UNRESOLVED,,,
KRP,2021-09-30,,UNRESOLVED,,,
KRP,2021-12-31,,UNRESOLVED,,,
KRP,2022-03-31,,UNRESOLVED,,,
KRP,2022-06-30,,UNRESOLVED,,,
KRP,2022-09-30,,UNRESOLVED,,,
KRP,2022-12-30,,UNRESOLVED,,,
KODK,2020-03-31,,UNRESOLVED,,,
KODK,2020-06-30,,UNRESOLVED,,,
KODK,2020-09-30,,UNRESOLVED,,,
KODK,2020-12-31,,UNRESOLVED,,,
KODK,2021-03-31,,UNRESOLVED,,,
KODK,2021-06-30,,UNRESOLVED,,,
KODK,2021-09-30,656000000.0,EULERPOOL_OFFICIAL_MCAP_5Y,,656000000.0,
KODK,2021-12-31,451000000.0,EULERPOOL_OFFICIAL_MCAP_5Y,,451000000.0,
KODK,2022-03-31,631000000.0,EULERPOOL_OFFICIAL_MCAP_5Y,,631000000.0,
KODK,2022-06-30,447000000.0,EULERPOOL_OFFICIAL_MCAP_5Y,,447000000.0,
KODK,2022-09-30,442000000.0,EULERPOOL_OFFICIAL_MCAP_5Y,,442000000.0,
KODK,2022-12-30,294000000.0,EULERPOOL_OFFICIAL_MCAP_5Y,,294000000.0,
KTOS,2020-03-31,,UNRESOLVED,,,
KTOS,2020-06-30,,UNRESOLVED,,,
KTOS,2020-09-30,,UNRESOLVED,,,
KTOS,2020-12-31,,UNRESOLVED,,,
KTOS,2021-03-31,,UNRESOLVED,,,
KTOS,2021-06-30,,UNRESOLVED,,,
KTOS,2021-09-30,3767000000.0,EULERPOOL_OFFICIAL_MCAP_5Y,,3767000000.0,
KTOS,2021-12-31,3275000000.0,EULERPOOL_OFFICIAL_MCAP_5Y,,3275000000.0,
KTOS,2022-03-31,3458000000.0,EULERPOOL_OFFICIAL_MCAP_5Y,,3458000000.0,
KTOS,2022-06-30,2343000000.0,EULERPOOL_OFFICIAL_MCAP_5Y,,2343000000.0,
KTOS,2022-09-30,1715000000.0,EULERPOOL_OFFICIAL_MCAP_5Y,,1715000000.0,
KTOS,2022-12-30,1742000000.0,EULERPOOL_OFFICIAL_MCAP_5Y,,1742000000.0,
KR,2020-03-31,24216480000.0,EULERPOOL_VENDOR_MCAP_HISTORY,24216480000.0,,
KR,2020-06-30,26673800000.0,EULERPOOL_VENDOR_MCAP_HISTORY,26673800000.0,,
KR,2020-09-30,26653260000.0,EULERPOOL_VENDOR_MCAP_HISTORY,26653260000.0,,
KR,2020-12-31,24772800000.0,EULERPOOL_VENDOR_MCAP_HISTORY,24772800000.0,,
KR,2021-03-31,27388390000.0,EULERPOOL_VENDOR_MCAP_HISTORY,27388390000.0,,
KR,2021-06-30,29115600000.0,EULERPOOL_VENDOR_MCAP_HISTORY,29115600000.0,,
KR,2021-09-30,30524650000.0,EULERPOOL_VENDOR_MCAP_HISTORY,30524650000.0,29110000000.0,0.046344511730683234
KR,2021-12-31,34035520000.0,EULERPOOL_VENDOR_MCAP_HISTORY,34035520000.0,32587000000.0,0.04255906770338752
KR,2022-03-31,42625910000.0,EULERPOOL_VENDOR_MCAP_HISTORY,42625910000.0,41306000000.0,0.030964969428218657
KR,2022-06-30,34692890000.0,EULERPOOL_VENDOR_MCAP_HISTORY,34692890000.0,34078000000.0,0.01772380450288229
KR,2022-09-30,31718750000.0,EULERPOOL_VENDOR_MCAP_HISTORY,31718750000.0,31500000000.0,0.006896551724137931
KR,2022-12-30,32275920000.0,EULERPOOL_VENDOR_MCAP_HISTORY,32275920000.0,32098000000.0,0.005512468738303974
LAUR,2020-03-31,,UNRESOLVED,,,
LAUR,2020-06-30,,UNRESOLVED,,,
LAUR,2020-09-30,,UNRESOLVED,,,
LAUR,2020-12-31,,UNRESOLVED,,,
LAUR,2021-03-31,,UNRESOLVED,,,
LAUR,2021-06-30,,UNRESOLVED,,,
LAUR,2021-09-30,2526000000.0,EULERPOOL_OFFICIAL_MCAP_5Y,,2526000000.0,
LAUR,2021-12-31,1820000000.0,EULERPOOL_OFFICIAL_MCAP_5Y,,1820000000.0,
LAUR,2022-03-31,1762000000.0,EULERPOOL_OFFICIAL_MCAP_5Y,,1762000000.0,
LAUR,2022-06-30,1720000000.0,EULERPOOL_OFFICIAL_MCAP_5Y,,1720000000.0,
LAUR,2022-09-30,1568000000.0,EULERPOOL_OFFICIAL_MCAP_5Y,,1568000000.0,
LAUR,2022-12-30,1430000000.0,EULERPOOL_OFFICIAL_MCAP_5Y,,1430000000.0,
LCID,2020-03-31,,UNRESOLVED,,,
LCID,2020-06-30,,UNRESOLVED,,,
LCID,2020-09-30,,UNRESOLVED,,,
LCID,2020-12-31,,UNRESOLVED,,,
LCID,2021-03-31,,UNRESOLVED,,,
LCID,2021-06-30,,UNRESOLVED,,,
LCID,2021-09-30,82274000000.0,EULERPOOL_OFFICIAL_MCAP_5Y,,82274000000.0,
LCID,2021-12-31,123347000000.0,EULERPOOL_OFFICIAL_MCAP_5Y,,123347000000.0,
LCID,2022-03-31,82339000000.0,EULERPOOL_OFFICIAL_MCAP_5Y,,82339000000.0,
LCID,2022-06-30,55628000000.0,EULERPOOL_OFFICIAL_MCAP_5Y,,55628000000.0,
LCID,2022-09-30,45287000000.0,EULERPOOL_OFFICIAL_MCAP_5Y,,45287000000.0,
LCID,2022-12-30,22141000000.0,EULERPOOL_OFFICIAL_MCAP_5Y,,22141000000.0,
KTB,2020-03-31,,UNRESOLVED,,,
KTB,2020-06-30,,UNRESOLVED,,,
KTB,2020-09-30,,UNRESOLVED,,,
KTB,2020-12-31,,UNRESOLVED,,,
KTB,2021-03-31,,UNRESOLVED,,,
KTB,2021-06-30,,UNRESOLVED,,,
KTB,2021-09-30,2803000000.0,EULERPOOL_OFFICIAL_MCAP_5Y,,2803000000.0,
KTB,2021-12-31,2876000000.0,EULERPOOL_OFFICIAL_MCAP_5Y,,2876000000.0,
KTB,2022-03-31,2320000000.0,EULERPOOL_OFFICIAL_MCAP_5Y,,2320000000.0,
KTB,2022-06-30,1872000000.0,EULERPOOL_OFFICIAL_MCAP_5Y,,1872000000.0,
KTB,2022-09-30,1886000000.0,EULERPOOL_OFFICIAL_MCAP_5Y,,1886000000.0,
KTB,2022-12-30,2244000000.0,EULERPOOL_OFFICIAL_MCAP_5Y,,2244000000.0,
LECO,2020-03-31,,UNRESOLVED,,,
LECO,2020-06-30,,UNRESOLVED,,,
LECO,2020-09-30,,UNRESOLVED,,,
LECO,2020-12-31,,UNRESOLVED,,,
LECO,2021-03-31,,UNRESOLVED,,,
LECO,2021-06-30,,UNRESOLVED,,,
LECO,2021-09-30,7196000000.0,EULERPOOL_OFFICIAL_MCAP_5Y,,7196000000.0,
LECO,2021-12-31,7793000000.0,EULERPOOL_OFFICIAL_MCAP_5Y,,7793000000.0,
LECO,2022-03-31,7700000000.0,EULERPOOL_OFFICIAL_MCAP_5Y,,7700000000.0,
LECO,2022-06-30,6893000000.0,EULERPOOL_OFFICIAL_MCAP_5Y,,6893000000.0,
LECO,2022-09-30,7025000000.0,EULERPOOL_OFFICIAL_MCAP_5Y,,7025000000.0,
LECO,2022-12-30,8073000000.0,EULERPOOL_OFFICIAL_MCAP_5Y,,8073000000.0,
LCII,2020-03-31,,UNRESOLVED,,,
LCII,2020-06-30,,UNRESOLVED,,,
LCII,2020-09-30,,UNRESOLVED,,,
LCII,2020-12-31,,UNRESOLVED,,,
LCII,2021-03-31,,UNRESOLVED,,,
LCII,2021-06-30,,UNRESOLVED,,,
LCII,2021-09-30,3346000000.0,EULERPOOL_OFFICIAL_MCAP_5Y,,3346000000.0,
LCII,2021-12-31,3874000000.0,EULERPOOL_OFFICIAL_MCAP_5Y,,3874000000.0,
LCII,2022-03-31,2580000000.0,EULERPOOL_OFFICIAL_MCAP_5Y,,2580000000.0,
LCII,2022-06-30,2781000000.0,EULERPOOL_OFFICIAL_MCAP_5Y,,2781000000.0,
LCII,2022-09-30,2522000000.0,EULERPOOL_OFFICIAL_MCAP_5Y,,2522000000.0,
LCII,2022-12-30,2298000000.0,EULERPOOL_OFFICIAL_MCAP_5Y,,2298000000.0,
LEA,2020-03-31,,UNRESOLVED,,,
LEA,2020-06-30,,UNRESOLVED,,,
LEA,2020-09-30,,UNRESOLVED,,,
LEA,2020-12-31,,UNRESOLVED,,,
LEA,2021-03-31,,UNRESOLVED,,,
LEA,2021-06-30,,UNRESOLVED,,,
LEA,2021-09-30,8387000000.0,EULERPOOL_OFFICIAL_MCAP_5Y,,8387000000.0,
LEA,2021-12-31,9806000000.0,EULERPOOL_OFFICIAL_MCAP_5Y,,9806000000.0,
LEA,2022-03-31,7643000000.0,EULERPOOL_OFFICIAL_MCAP_5Y,,7643000000.0,
LEA,2022-06-30,6748000000.0,EULERPOOL_OFFICIAL_MCAP_5Y,,6748000000.0,
LEA,2022-09-30,6415000000.0,EULERPOOL_OFFICIAL_MCAP_5Y,,6415000000.0,
LEA,2022-12-30,6647000000.0,EULERPOOL_OFFICIAL_MCAP_5Y,,6647000000.0,
LLY,2020-03-31,126512640000.0,EULERPOOL_VENDOR_MCAP_HISTORY,126512640000.0,,
LLY,2020-06-30,149567980000.0,EULERPOOL_VENDOR_MCAP_HISTORY,149567980000.0,,
LLY,2020-09-30,134846220000.0,EULERPOOL_VENDOR_MCAP_HISTORY,134846220000.0,,
LLY,2020-12-31,154150920000.0,EULERPOOL_VENDOR_MCAP_HISTORY,154150920000.0,,
LLY,2021-03-31,170379840000.0,EULERPOOL_VENDOR_MCAP_HISTORY,170379840000.0,,
LLY,2021-06-30,208863200000.0,EULERPOOL_VENDOR_MCAP_HISTORY,208863200000.0,,
LLY,2021-09-30,210486550000.0,EULERPOOL_VENDOR_MCAP_HISTORY,210486550000.0,207783000000.0,0.012844288625567761
LLY,2021-12-31,251912640000.0,EULERPOOL_VENDOR_MCAP_HISTORY,251912640000.0,248405000000.0,0.01392403334743346
LLY,2022-03-31,259451220000.0,EULERPOOL_VENDOR_MCAP_HISTORY,259451220000.0,257533000000.0,0.007393374369178145
LLY,2022-06-30,292779690000.0,EULERPOOL_VENDOR_MCAP_HISTORY,292779690000.0,291580000000.0,0.0040975861406233475
LLY,2022-09-30,292308400000.0,EULERPOOL_VENDOR_MCAP_HISTORY,292308400000.0,290789000000.0,0.005197934783947365
LLY,2022-12-30,330719360000.0,EULERPOOL_VENDOR_MCAP_HISTORY,330719360000.0,329000000000.0,0.005198848957617722
LSTR,2020-03-31,,UNRESOLVED,,,
LSTR,2020-06-30,,UNRESOLVED,,,
LSTR,2020-09-30,,UNRESOLVED,,,
LSTR,2020-12-31,,UNRESOLVED,,,
LSTR,2021-03-31,,UNRESOLVED,,,
LSTR,2021-06-30,,UNRESOLVED,,,
LSTR,2021-09-30,5479000000.0,EULERPOOL_OFFICIAL_MCAP_5Y,,5479000000.0,
LSTR,2021-12-31,6215000000.0,EULERPOOL_OFFICIAL_MCAP_5Y,,6215000000.0,
LSTR,2022-03-31,5236000000.0,EULERPOOL_OFFICIAL_MCAP_5Y,,5236000000.0,
LSTR,2022-06-30,5049000000.0,EULERPOOL_OFFICIAL_MCAP_5Y,,5049000000.0,
LSTR,2022-09-30,5012000000.0,EULERPOOL_OFFICIAL_MCAP_5Y,,5012000000.0,
LSTR,2022-12-30,5655000000.0,EULERPOOL_OFFICIAL_MCAP_5Y,,5655000000.0,
LPX,2020-03-31,,UNRESOLVED,,,
LPX,2020-06-30,,UNRESOLVED,,,
LPX,2020-09-30,,UNRESOLVED,,,
LPX,2020-12-31,,UNRESOLVED,,,
LPX,2021-03-31,,UNRESOLVED,,,
LPX,2021-06-30,,UNRESOLVED,,,
LPX,2021-09-30,4357000000.0,EULERPOOL_OFFICIAL_MCAP_5Y,,4357000000.0,
LPX,2021-12-31,5563000000.0,EULERPOOL_OFFICIAL_MCAP_5Y,,5563000000.0,
LPX,2022-03-31,4411000000.0,EULERPOOL_OFFICIAL_MCAP_5Y,,4411000000.0,
LPX,2022-06-30,3721000000.0,EULERPOOL_OFFICIAL_MCAP_5Y,,3721000000.0,
LPX,2022-09-30,3634000000.0,EULERPOOL_OFFICIAL_MCAP_5Y,,3634000000.0,
LPX,2022-12-30,4203000000.0,EULERPOOL_OFFICIAL_MCAP_5Y,,4203000000.0,
LII,2020-03-31,7089810000.0,EULERPOOL_VENDOR_MCAP_HISTORY,7089810000.0,,
LII,2020-06-30,8853620000.0,EULERPOOL_VENDOR_MCAP_HISTORY,8853620000.0,,
LII,2020-09-30,10631790000.0,EULERPOOL_VENDOR_MCAP_HISTORY,10631790000.0,,
LII,2020-12-31,10684830000.0,EULERPOOL_VENDOR_MCAP_HISTORY,10684830000.0,,
LII,2021-03-31,11840420000.0,EULERPOOL_VENDOR_MCAP_HISTORY,11840420000.0,,
LII,2021-06-30,13330400000.0,EULERPOOL_VENDOR_MCAP_HISTORY,13330400000.0,,
LII,2021-09-30,10884290000.0,EULERPOOL_VENDOR_MCAP_HISTORY,10884290000.0,10414000000.0,0.04320814678770962
LII,2021-12-31,12325680000.0,EULERPOOL_VENDOR_MCAP_HISTORY,12325680000.0,11482000000.0,0.06844896184226752
LII,2022-03-31,9540820000.0,EULERPOOL_VENDOR_MCAP_HISTORY,9540820000.0,9128000000.0,0.04326881756494725
LII,2022-06-30,7437240000.0,EULERPOOL_VENDOR_MCAP_HISTORY,7437240000.0,7313000000.0,0.016705121792492915
LII,2022-09-30,8016120000.0,EULERPOOL_VENDOR_MCAP_HISTORY,8016120000.0,7883000000.0,0.016606537826280045
LII,2022-12-30,8612280000.0,EULERPOOL_VENDOR_MCAP_HISTORY,8612280000.0,8469000000.0,0.016636709442795636
LMT,2020-03-31,95922850000.0,EULERPOOL_VENDOR_MCAP_HISTORY,95922850000.0,,
LMT,2020-06-30,102542520000.0,EULERPOOL_VENDOR_MCAP_HISTORY,102542520000.0,,
LMT,2020-09-30,107701680000.0,EULERPOOL_VENDOR_MCAP_HISTORY,107701680000.0,,
LMT,2020-12-31,99749380000.0,EULERPOOL_VENDOR_MCAP_HISTORY,99749380000.0,,
LMT,2021-03-31,103460000000.0,EULERPOOL_VENDOR_MCAP_HISTORY,103460000000.0,,
LMT,2021-06-30,105181300000.0,EULERPOOL_VENDOR_MCAP_HISTORY,105181300000.0,,
LMT,2021-09-30,95592700000.0,EULERPOOL_VENDOR_MCAP_HISTORY,95592700000.0,80581000000.0,0.15703814203385824
LMT,2021-12-31,98448570000.0,EULERPOOL_VENDOR_MCAP_HISTORY,98448570000.0,82988000000.0,0.15704209822448412
LMT,2022-03-31,118736600000.0,EULERPOOL_VENDOR_MCAP_HISTORY,118736600000.0,103067000000.0,0.1319694180227495
LMT,2022-06-30,114799320000.0,EULERPOOL_VENDOR_MCAP_HISTORY,114799320000.0,100396000000.0,0.1254652031039905
LMT,2022-09-30,102366850000.0,EULERPOOL_VENDOR_MCAP_HISTORY,102366850000.0,90199000000.0,0.11886514042387746
LMT,2022-12-30,128919850000.0,EULERPOOL_VENDOR_MCAP_HISTORY,128919850000.0,113595000000.0,0.1188711435826213
LIN,2020-03-31,92555000000.0,EULERPOOL_VENDOR_MCAP_HISTORY,92555000000.0,,
LIN,2020-06-30,112206190000.0,EULERPOOL_VENDOR_MCAP_HISTORY,112206190000.0,,
LIN,2020-09-30,126208900000.0,EULERPOOL_VENDOR_MCAP_HISTORY,126208900000.0,,
LIN,2020-12-31,139923810000.0,EULERPOOL_VENDOR_MCAP_HISTORY,139923810000.0,,
LIN,2021-03-31,147633780000.0,EULERPOOL_VENDOR_MCAP_HISTORY,147633780000.0,,
LIN,2021-06-30,151488400000.0,EULERPOOL_VENDOR_MCAP_HISTORY,151488400000.0,,
LIN,2021-09-30,152557600000.0,EULERPOOL_VENDOR_MCAP_HISTORY,152557600000.0,136994000000.0,0.10201786079487354
LIN,2021-12-31,180836460000.0,EULERPOOL_VENDOR_MCAP_HISTORY,180836460000.0,161765000000.0,0.10546247145072404
LIN,2022-03-31,163228730000.0,EULERPOOL_VENDOR_MCAP_HISTORY,163228730000.0,149158000000.0,0.08620253309573628
LIN,2022-06-30,145202650000.0,EULERPOOL_VENDOR_MCAP_HISTORY,145202650000.0,134262000000.0,0.07534745405817318
LIN,2022-09-30,135064590000.0,EULERPOOL_VENDOR_MCAP_HISTORY,135064590000.0,125885000000.0,0.06796444575147342
LIN,2022-12-30,163416180000.0,EULERPOOL_VENDOR_MCAP_HISTORY,163416180000.0,152310000000.0,0.06796254813935805
MAN,2020-03-31,,UNRESOLVED,,,
MAN,2020-06-30,,UNRESOLVED,,,
MAN,2020-09-30,,UNRESOLVED,,,
MAN,2020-12-31,,UNRESOLVED,,,
MAN,2021-03-31,,UNRESOLVED,,,
MAN,2021-06-30,,UNRESOLVED,,,
MAN,2021-09-30,5046000000.0,EULERPOOL_OFFICIAL_MCAP_5Y,,5046000000.0,
MAN,2021-12-31,4536000000.0,EULERPOOL_OFFICIAL_MCAP_5Y,,4536000000.0,
MAN,2022-03-31,4377000000.0,EULERPOOL_OFFICIAL_MCAP_5Y,,4377000000.0,
MAN,2022-06-30,3561000000.0,EULERPOOL_OFFICIAL_MCAP_5Y,,3561000000.0,
MAN,2022-09-30,3015000000.0,EULERPOOL_OFFICIAL_MCAP_5Y,,3015000000.0,
MAN,2022-12-30,3878000000.0,EULERPOOL_OFFICIAL_MCAP_5Y,,3878000000.0,
LYEL,2020-03-31,,UNRESOLVED,,,
LYEL,2020-06-30,,UNRESOLVED,,,
LYEL,2020-09-30,,UNRESOLVED,,,
LYEL,2020-12-31,,UNRESOLVED,,,
LYEL,2021-03-31,,UNRESOLVED,,,
LYEL,2021-06-30,,UNRESOLVED,,,
LYEL,2021-09-30,5060000000.0,EULERPOOL_OFFICIAL_MCAP_5Y,,5060000000.0,
LYEL,2021-12-31,2646000000.0,EULERPOOL_OFFICIAL_MCAP_5Y,,2646000000.0,
LYEL,2022-03-31,1726000000.0,EULERPOOL_OFFICIAL_MCAP_5Y,,1726000000.0,
LYEL,2022-06-30,2229000000.0,EULERPOOL_OFFICIAL_MCAP_5Y,,2229000000.0,
LYEL,2022-09-30,2506000000.0,EULERPOOL_OFFICIAL_MCAP_5Y,,2506000000.0,
LYEL,2022-12-30,1186000000.0,EULERPOOL_OFFICIAL_MCAP_5Y,,1186000000.0,
MCS,2020-03-31,,UNRESOLVED,,,
MCS,2020-06-30,,UNRESOLVED,,,
MCS,2020-09-30,,UNRESOLVED,,,
MCS,2020-12-31,,UNRESOLVED,,,
MCS,2021-03-31,,UNRESOLVED,,,
MCS,2021-06-30,,UNRESOLVED,,,
MCS,2021-09-30,546000000.0,EULERPOOL_OFFICIAL_MCAP_5Y,,546000000.0,
MCS,2021-12-31,559000000.0,EULERPOOL_OFFICIAL_MCAP_5Y,,559000000.0,
MCS,2022-03-31,554000000.0,EULERPOOL_OFFICIAL_MCAP_5Y,,554000000.0,
MCS,2022-06-30,462000000.0,EULERPOOL_OFFICIAL_MCAP_5Y,,462000000.0,
MCS,2022-09-30,434000000.0,EULERPOOL_OFFICIAL_MCAP_5Y,,434000000.0,
MCS,2022-12-30,450000000.0,EULERPOOL_OFFICIAL_MCAP_5Y,,450000000.0,
LUV,2020-03-31,18339150000.0,EULERPOOL_VENDOR_MCAP_HISTORY,18339150000.0,,
LUV,2020-06-30,19243340000.0,EULERPOOL_VENDOR_MCAP_HISTORY,19243340000.0,,
LUV,2020-09-30,22125000000.0,EULERPOOL_VENDOR_MCAP_HISTORY,22125000000.0,,
LUV,2020-12-31,26334650000.0,EULERPOOL_VENDOR_MCAP_HISTORY,26334650000.0,,
LUV,2021-03-31,37185540000.0,EULERPOOL_VENDOR_MCAP_HISTORY,37185540000.0,,
LUV,2021-06-30,32650350000.0,EULERPOOL_VENDOR_MCAP_HISTORY,32650350000.0,,
LUV,2021-09-30,31218010000.0,EULERPOOL_VENDOR_MCAP_HISTORY,31218010000.0,25269000000.0,0.19056339593715294
LUV,2021-12-31,26089560000.0,EULERPOOL_VENDOR_MCAP_HISTORY,26089560000.0,21048000000.0,0.19324051459664326
LUV,2022-03-31,27113600000.0,EULERPOOL_VENDOR_MCAP_HISTORY,27113600000.0,22502000000.0,0.17008438569573942
LUV,2022-06-30,22936200000.0,EULERPOOL_VENDOR_MCAP_HISTORY,22936200000.0,17746000000.0,0.22628857439331712
LUV,2022-09-30,19706760000.0,EULERPOOL_VENDOR_MCAP_HISTORY,19706760000.0,15152000000.0,0.23112678086098373
LUV,2022-12-30,21515130000.0,EULERPOOL_VENDOR_MCAP_HISTORY,21515130000.0,16543000000.0,0.2310992310992311
MDT,2020-03-31,121878270000.0,EULERPOOL_VENDOR_MCAP_HISTORY,121878270000.0,,
MDT,2020-06-30,123749150000.0,EULERPOOL_VENDOR_MCAP_HISTORY,123749150000.0,,
MDT,2020-09-30,140292000000.0,EULERPOOL_VENDOR_MCAP_HISTORY,140292000000.0,,
MDT,2020-12-31,158384994000.0,EULERPOOL_VENDOR_MCAP_HISTORY,158384994000.0,,
MDT,2021-03-31,160184280000.0,EULERPOOL_VENDOR_MCAP_HISTORY,160184280000.0,,
MDT,2021-06-30,168618192000.0,EULERPOOL_VENDOR_MCAP_HISTORY,168618192000.0,,
MDT,2021-09-30,170024740000.0,EULERPOOL_VENDOR_MCAP_HISTORY,170024740000.0,161689000000.0,0.04902662988927376
MDT,2021-12-31,140205785000.0,EULERPOOL_VENDOR_MCAP_HISTORY,140205785000.0,133440000000.0,0.0482561044110983
MDT,2022-03-31,149815785000.0,EULERPOOL_VENDOR_MCAP_HISTORY,149815785000.0,143114000000.0,0.04473350388278512
MDT,2022-06-30,120704775000.0,EULERPOOL_VENDOR_MCAP_HISTORY,120704775000.0,115769000000.0,0.040891298625095815
MDT,2022-09-30,107760875000.0,EULERPOOL_VENDOR_MCAP_HISTORY,107760875000.0,104159000000.0,0.0334247007552602
MDT,2022-12-30,103523040000.0,EULERPOOL_VENDOR_MCAP_HISTORY,103523040000.0,100251000000.0,0.031606877077798336
MDU,2020-03-31,,UNRESOLVED,,,
MDU,2020-06-30,,UNRESOLVED,,,
MDU,2020-09-30,,UNRESOLVED,,,
MDU,2020-12-31,,UNRESOLVED,,,
MDU,2021-03-31,,UNRESOLVED,,,
MDU,2021-06-30,,UNRESOLVED,,,
MDU,2021-09-30,6064000000.0,EULERPOOL_OFFICIAL_MCAP_5Y,,6064000000.0,
MDU,2021-12-31,6303000000.0,EULERPOOL_OFFICIAL_MCAP_5Y,,6303000000.0,
MDU,2022-03-31,5447000000.0,EULERPOOL_OFFICIAL_MCAP_5Y,,5447000000.0,
MDU,2022-06-30,5516000000.0,EULERPOOL_OFFICIAL_MCAP_5Y,,5516000000.0,
MDU,2022-09-30,5590000000.0,EULERPOOL_OFFICIAL_MCAP_5Y,,5590000000.0,
MDU,2022-12-30,6201000000.0,EULERPOOL_OFFICIAL_MCAP_5Y,,6201000000.0,
MGLN,2020-03-31,,UNRESOLVED,,,
MGLN,2020-06-30,,UNRESOLVED,,,
MGLN,2020-09-30,,UNRESOLVED,,,
MGLN,2020-12-31,,UNRESOLVED,,,
MGLN,2021-03-31,,UNRESOLVED,,,
MGLN,2021-06-30,,UNRESOLVED,,,
MGLN,2021-09-30,2448000000.0,EULERPOOL_OFFICIAL_MCAP_5Y,,2448000000.0,
MGLN,2021-12-31,2459000000.0,EULERPOOL_OFFICIAL_MCAP_5Y,,2459000000.0,
MGLN,2022-03-31,,UNRESOLVED,,,
MGLN,2022-06-30,,UNRESOLVED,,,
MGLN,2022-09-30,,UNRESOLVED,,,
MGLN,2022-12-30,,UNRESOLVED,,,
LVS,2020-03-31,32447080000.0,EULERPOOL_VENDOR_MCAP_HISTORY,32447080000.0,,
LVS,2020-06-30,34792560000.0,EULERPOOL_VENDOR_MCAP_HISTORY,34792560000.0,,
LVS,2020-09-30,35648240000.0,EULERPOOL_VENDOR_MCAP_HISTORY,35648240000.0,,
LVS,2020-12-31,45534400000.0,EULERPOOL_VENDOR_MCAP_HISTORY,45534400000.0,,
LVS,2021-03-31,46420640000.0,EULERPOOL_VENDOR_MCAP_HISTORY,46420640000.0,,
LVS,2021-06-30,40255160000.0,EULERPOOL_VENDOR_MCAP_HISTORY,40255160000.0,,
LVS,2021-09-30,27962400000.0,EULERPOOL_VENDOR_MCAP_HISTORY,27962400000.0,24592000000.0,0.12053328755757732
LVS,2021-12-31,28756960000.0,EULERPOOL_VENDOR_MCAP_HISTORY,28756960000.0,25291000000.0,0.12052595267371795
LVS,2022-03-31,29696680000.0,EULERPOOL_VENDOR_MCAP_HISTORY,29696680000.0,26117000000.0,0.12054142079181915
LVS,2022-06-30,25662760000.0,EULERPOOL_VENDOR_MCAP_HISTORY,25662760000.0,22569000000.0,0.12055445322326983
LVS,2022-09-30,28665280000.0,EULERPOOL_VENDOR_MCAP_HISTORY,28665280000.0,25210000000.0,0.12053885397247123
LVS,2022-12-30,36725480000.0,EULERPOOL_VENDOR_MCAP_HISTORY,36725480000.0,32299000000.0,0.1205288535371083
MGM,2020-03-31,,UNRESOLVED,,,
MGM,2020-06-30,,UNRESOLVED,,,
MGM,2020-09-30,,UNRESOLVED,,,
MGM,2020-12-31,,UNRESOLVED,,,
MGM,2021-03-31,,UNRESOLVED,,,
MGM,2021-06-30,,UNRESOLVED,,,
MGM,2021-09-30,11964000000.0,EULERPOOL_OFFICIAL_MCAP_5Y,,11964000000.0,
MGM,2021-12-31,12444000000.0,EULERPOOL_OFFICIAL_MCAP_5Y,,12444000000.0,
MGM,2022-03-31,11629000000.0,EULERPOOL_OFFICIAL_MCAP_5Y,,11629000000.0,
MGM,2022-06-30,8027000000.0,EULERPOOL_OFFICIAL_MCAP_5Y,,8027000000.0,
MGM,2022-09-30,8241000000.0,EULERPOOL_OFFICIAL_MCAP_5Y,,8241000000.0,
MGM,2022-12-30,9297000000.0,EULERPOOL_OFFICIAL_MCAP_5Y,,9297000000.0,
MGNI,2020-03-31,,UNRESOLVED,,,
MGNI,2020-06-30,,UNRESOLVED,,,
MGNI,2020-09-30,,UNRESOLVED,,,
MGNI,2020-12-31,,UNRESOLVED,,,
MGNI,2021-03-31,,UNRESOLVED,,,
MGNI,2021-06-30,,UNRESOLVED,,,
MGNI,2021-09-30,4022000000.0,EULERPOOL_OFFICIAL_MCAP_5Y,,4022000000.0,
MGNI,2021-12-31,2514000000.0,EULERPOOL_OFFICIAL_MCAP_5Y,,2514000000.0,
MGNI,2022-03-31,1898000000.0,EULERPOOL_OFFICIAL_MCAP_5Y,,1898000000.0,
MGNI,2022-06-30,1276000000.0,EULERPOOL_OFFICIAL_MCAP_5Y,,1276000000.0,
MGNI,2022-09-30,944000000.0,EULERPOOL_OFFICIAL_MCAP_5Y,,944000000.0,
MGNI,2022-12-30,1521000000.0,EULERPOOL_OFFICIAL_MCAP_5Y,,1521000000.0,
MIDD,2020-03-31,,UNRESOLVED,,,
MIDD,2020-06-30,,UNRESOLVED,,,
MIDD,2020-09-30,,UNRESOLVED,,,
MIDD,2020-12-31,,UNRESOLVED,,,
MIDD,2021-03-31,,UNRESOLVED,,,
MIDD,2021-06-30,,UNRESOLVED,,,
MIDD,2021-09-30,8808000000.0,EULERPOOL_OFFICIAL_MCAP_5Y,,8808000000.0,
MIDD,2021-12-31,10164000000.0,EULERPOOL_OFFICIAL_MCAP_5Y,,10164000000.0,
MIDD,2022-03-31,8468000000.0,EULERPOOL_OFFICIAL_MCAP_5Y,,8468000000.0,
MIDD,2022-06-30,6475000000.0,EULERPOOL_OFFICIAL_MCAP_5Y,,6475000000.0,
MIDD,2022-09-30,6621000000.0,EULERPOOL_OFFICIAL_MCAP_5Y,,6621000000.0,
MIDD,2022-12-30,6917000000.0,EULERPOOL_OFFICIAL_MCAP_5Y,,6917000000.0,
MIME,2020-03-31,,UNRESOLVED,,,
MIME,2020-06-30,,UNRESOLVED,,,
MIME,2020-09-30,,UNRESOLVED,,,
MIME,2020-12-31,,UNRESOLVED,,,
MIME,2021-03-31,,UNRESOLVED,,,
MIME,2021-06-30,,UNRESOLVED,,,
MIME,2021-09-30,4258000000.0,EULERPOOL_OFFICIAL_MCAP_5Y,,4258000000.0,
MIME,2021-12-31,5327000000.0,EULERPOOL_OFFICIAL_MCAP_5Y,,5327000000.0,
MIME,2022-03-31,5327000000.0,EULERPOOL_OFFICIAL_MCAP_5Y,,5327000000.0,
MIME,2022-06-30,,UNRESOLVED,,,
MIME,2022-09-30,,UNRESOLVED,,,
MIME,2022-12-30,,UNRESOLVED,,,
MITK,2020-03-31,,UNRESOLVED,,,
MITK,2020-06-30,,UNRESOLVED,,,
MITK,2020-09-30,,UNRESOLVED,,,
MITK,2020-12-31,,UNRESOLVED,,,
MITK,2021-03-31,,UNRESOLVED,,,
MITK,2021-06-30,,UNRESOLVED,,,
MITK,2021-09-30,868000000.0,EULERPOOL_OFFICIAL_MCAP_5Y,,868000000.0,
MITK,2021-12-31,833000000.0,EULERPOOL_OFFICIAL_MCAP_5Y,,833000000.0,
MITK,2022-03-31,688000000.0,EULERPOOL_OFFICIAL_MCAP_5Y,,688000000.0,
MITK,2022-06-30,434000000.0,EULERPOOL_OFFICIAL_MCAP_5Y,,434000000.0,
MITK,2022-09-30,430000000.0,EULERPOOL_OFFICIAL_MCAP_5Y,,430000000.0,
MITK,2022-12-30,455000000.0,EULERPOOL_OFFICIAL_MCAP_5Y,,455000000.0,
MOD,2020-03-31,,UNRESOLVED,,,
MOD,2020-06-30,,UNRESOLVED,,,
MOD,2020-09-30,,UNRESOLVED,,,
MOD,2020-12-31,,UNRESOLVED,,,
MOD,2021-03-31,,UNRESOLVED,,,
MOD,2021-06-30,,UNRESOLVED,,,
MOD,2021-09-30,611000000.0,EULERPOOL_OFFICIAL_MCAP_5Y,,611000000.0,
MOD,2021-12-31,544000000.0,EULERPOOL_OFFICIAL_MCAP_5Y,,544000000.0,
MOD,2022-03-31,486000000.0,EULERPOOL_OFFICIAL_MCAP_5Y,,486000000.0,
MOD,2022-06-30,568000000.0,EULERPOOL_OFFICIAL_MCAP_5Y,,568000000.0,
MOD,2022-09-30,697000000.0,EULERPOOL_OFFICIAL_MCAP_5Y,,697000000.0,
MOD,2022-12-30,1070000000.0,EULERPOOL_OFFICIAL_MCAP_5Y,,1070000000.0,
MLAB,2020-03-31,,UNRESOLVED,,,
MLAB,2020-06-30,,UNRESOLVED,,,
MLAB,2020-09-30,,UNRESOLVED,,,
MLAB,2020-12-31,,UNRESOLVED,,,
MLAB,2021-03-31,,UNRESOLVED,,,
MLAB,2021-06-30,,UNRESOLVED,,,
MLAB,2021-09-30,1669000000.0,EULERPOOL_OFFICIAL_MCAP_5Y,,1669000000.0,
MLAB,2021-12-31,1811000000.0,EULERPOOL_OFFICIAL_MCAP_5Y,,1811000000.0,
MLAB,2022-03-31,1407000000.0,EULERPOOL_OFFICIAL_MCAP_5Y,,1407000000.0,
MLAB,2022-06-30,1126000000.0,EULERPOOL_OFFICIAL_MCAP_5Y,,1126000000.0,
MLAB,2022-09-30,777000000.0,EULERPOOL_OFFICIAL_MCAP_5Y,,777000000.0,
MLAB,2022-12-30,917000000.0,EULERPOOL_OFFICIAL_MCAP_5Y,,917000000.0,
MMP,2020-03-31,,UNRESOLVED,,,
MMP,2020-06-30,,UNRESOLVED,,,
MMP,2020-09-30,,UNRESOLVED,,,
MMP,2020-12-31,,UNRESOLVED,,,
MMP,2021-03-31,,UNRESOLVED,,,
MMP,2021-06-30,,UNRESOLVED,,,
MMP,2021-09-30,9554000000.0,EULERPOOL_OFFICIAL_MCAP_5Y,,9554000000.0,
MMP,2021-12-31,9734000000.0,EULERPOOL_OFFICIAL_MCAP_5Y,,9734000000.0,
MMP,2022-03-31,10285000000.0,EULERPOOL_OFFICIAL_MCAP_5Y,,10285000000.0,
MMP,2022-06-30,10010000000.0,EULERPOOL_OFFICIAL_MCAP_5Y,,10010000000.0,
MMP,2022-09-30,9958000000.0,EULERPOOL_OFFICIAL_MCAP_5Y,,9958000000.0,
MMP,2022-12-30,10524000000.0,EULERPOOL_OFFICIAL_MCAP_5Y,,10524000000.0,
MO,2020-03-31,71848860000.0,EULERPOOL_VENDOR_MCAP_HISTORY,71848860000.0,,
MO,2020-06-30,72965750000.0,EULERPOOL_VENDOR_MCAP_HISTORY,72965750000.0,,
MO,2020-09-30,71831760000.0,EULERPOOL_VENDOR_MCAP_HISTORY,71831760000.0,,
MO,2020-12-31,76219000000.0,EULERPOOL_VENDOR_MCAP_HISTORY,76219000000.0,,
MO,2021-03-31,95004120000.0,EULERPOOL_VENDOR_MCAP_HISTORY,95004120000.0,,
MO,2021-06-30,88160320000.0,EULERPOOL_VENDOR_MCAP_HISTORY,88160320000.0,,
MO,2021-09-30,83847840000.0,EULERPOOL_VENDOR_MCAP_HISTORY,83847840000.0,76610000000.0,0.08632112645954863
MO,2021-12-31,87434550000.0,EULERPOOL_VENDOR_MCAP_HISTORY,87434550000.0,79757000000.0,0.08780910978554816
MO,2022-03-31,94990500000.0,EULERPOOL_VENDOR_MCAP_HISTORY,94990500000.0,87937000000.0,0.07425479390044268
MO,2022-06-30,75561930000.0,EULERPOOL_VENDOR_MCAP_HISTORY,75561930000.0,70299000000.0,0.06965055021755003
MO,2022-09-30,72643620000.0,EULERPOOL_VENDOR_MCAP_HISTORY,72643620000.0,67960000000.0,0.06447393453134632
MO,2022-12-30,82232290000.0,EULERPOOL_VENDOR_MCAP_HISTORY,82232290000.0,76930000000.0,0.06447941556777757
MOS,2020-03-31,,UNRESOLVED,,,
MOS,2020-06-30,,UNRESOLVED,,,
MOS,2020-09-30,,UNRESOLVED,,,
MOS,2020-12-31,,UNRESOLVED,,,
MOS,2021-03-31,,UNRESOLVED,,,
MOS,2021-06-30,,UNRESOLVED,,,
MOS,2021-09-30,11338000000.0,EULERPOOL_OFFICIAL_MCAP_5Y,,11338000000.0,
MOS,2021-12-31,12471000000.0,EULERPOOL_OFFICIAL_MCAP_5Y,,12471000000.0,
MOS,2022-03-31,21108000000.0,EULERPOOL_OFFICIAL_MCAP_5Y,,21108000000.0,
MOS,2022-06-30,14991000000.0,EULERPOOL_OFFICIAL_MCAP_5Y,,14991000000.0,
MOS,2022-09-30,15340000000.0,EULERPOOL_OFFICIAL_MCAP_5Y,,15340000000.0,
MOS,2022-12-30,13925000000.0,EULERPOOL_OFFICIAL_MCAP_5Y,,13925000000.0,
MOV,2020-03-31,,UNRESOLVED,,,
MOV,2020-06-30,,UNRESOLVED,,,
MOV,2020-09-30,,UNRESOLVED,,,
MOV,2020-12-31,,UNRESOLVED,,,
MOV,2021-03-31,,UNRESOLVED,,,
MOV,2021-06-30,,UNRESOLVED,,,
MOV,2021-09-30,712000000.0,EULERPOOL_OFFICIAL_MCAP_5Y,,712000000.0,
MOV,2021-12-31,945000000.0,EULERPOOL_OFFICIAL_MCAP_5Y,,945000000.0,
MOV,2022-03-31,883000000.0,EULERPOOL_OFFICIAL_MCAP_5Y,,883000000.0,
MOV,2022-06-30,699000000.0,EULERPOOL_OFFICIAL_MCAP_5Y,,699000000.0,
MOV,2022-09-30,637000000.0,EULERPOOL_OFFICIAL_MCAP_5Y,,637000000.0,
MOV,2022-12-30,729000000.0,EULERPOOL_OFFICIAL_MCAP_5Y,,729000000.0,
MRCY,2020-03-31,,UNRESOLVED,,,
MRCY,2020-06-30,,UNRESOLVED,,,
MRCY,2020-09-30,,UNRESOLVED,,,
MRCY,2020-12-31,,UNRESOLVED,,,
MRCY,2021-03-31,,UNRESOLVED,,,
MRCY,2021-06-30,,UNRESOLVED,,,
MRCY,2021-09-30,2786000000.0,EULERPOOL_OFFICIAL_MCAP_5Y,,2786000000.0,
MRCY,2021-12-31,3235000000.0,EULERPOOL_OFFICIAL_MCAP_5Y,,3235000000.0,
MRCY,2022-03-31,3786000000.0,EULERPOOL_OFFICIAL_MCAP_5Y,,3786000000.0,
MRCY,2022-06-30,3779000000.0,EULERPOOL_OFFICIAL_MCAP_5Y,,3779000000.0,
MRCY,2022-09-30,2385000000.0,EULERPOOL_OFFICIAL_MCAP_5Y,,2385000000.0,
MRCY,2022-12-30,2628000000.0,EULERPOOL_OFFICIAL_MCAP_5Y,,2628000000.0,
MRC,2020-03-31,,UNRESOLVED,,,
MRC,2020-06-30,,UNRESOLVED,,,
MRC,2020-09-30,,UNRESOLVED,,,
MRC,2020-12-31,,UNRESOLVED,,,
MRC,2021-03-31,,UNRESOLVED,,,
MRC,2021-06-30,,UNRESOLVED,,,
MRC,2021-09-30,624000000.0,EULERPOOL_OFFICIAL_MCAP_5Y,,624000000.0,
MRC,2021-12-31,585000000.0,EULERPOOL_OFFICIAL_MCAP_5Y,,585000000.0,
MRC,2022-03-31,1013000000.0,EULERPOOL_OFFICIAL_MCAP_5Y,,1013000000.0,
MRC,2022-06-30,847000000.0,EULERPOOL_OFFICIAL_MCAP_5Y,,847000000.0,
MRC,2022-09-30,612000000.0,EULERPOOL_OFFICIAL_MCAP_5Y,,612000000.0,
MRC,2022-12-30,985000000.0,EULERPOOL_OFFICIAL_MCAP_5Y,,985000000.0,
MRTN,2020-03-31,,UNRESOLVED,,,
MRTN,2020-06-30,,UNRESOLVED,,,
MRTN,2020-09-30,,UNRESOLVED,,,
MRTN,2020-12-31,,UNRESOLVED,,,
MRTN,2021-03-31,,UNRESOLVED,,,
MRTN,2021-06-30,,UNRESOLVED,,,
MRTN,2021-09-30,1279000000.0,EULERPOOL_OFFICIAL_MCAP_5Y,,1279000000.0,
MRTN,2021-12-31,1399000000.0,EULERPOOL_OFFICIAL_MCAP_5Y,,1399000000.0,
MRTN,2022-03-31,1448000000.0,EULERPOOL_OFFICIAL_MCAP_5Y,,1448000000.0,
MRTN,2022-06-30,1371000000.0,EULERPOOL_OFFICIAL_MCAP_5Y,,1371000000.0,
MRTN,2022-09-30,1562000000.0,EULERPOOL_OFFICIAL_MCAP_5Y,,1562000000.0,
MRTN,2022-12-30,1612000000.0,EULERPOOL_OFFICIAL_MCAP_5Y,,1612000000.0,
MPC,2020-03-31,15305760000.0,EULERPOOL_VENDOR_MCAP_HISTORY,15305760000.0,,
MPC,2020-06-30,24297000000.0,EULERPOOL_VENDOR_MCAP_HISTORY,24297000000.0,,
MPC,2020-09-30,19071000000.0,EULERPOOL_VENDOR_MCAP_HISTORY,19071000000.0,,
MPC,2020-12-31,26842640000.0,EULERPOOL_VENDOR_MCAP_HISTORY,26842640000.0,,
MPC,2021-03-31,34821990000.0,EULERPOOL_VENDOR_MCAP_HISTORY,34821990000.0,,
MPC,2021-06-30,39514680000.0,EULERPOOL_VENDOR_MCAP_HISTORY,39514680000.0,,
MPC,2021-09-30,39372970000.0,EULERPOOL_VENDOR_MCAP_HISTORY,39372970000.0,21077000000.0,0.46468351257220375
MPC,2021-12-31,40825620000.0,EULERPOOL_VENDOR_MCAP_HISTORY,40825620000.0,21821000000.0,0.46550719866593576
MPC,2022-03-31,48564000000.0,EULERPOOL_VENDOR_MCAP_HISTORY,48564000000.0,29156000000.0,0.3996375916316613
MPC,2022-06-30,44064560000.0,EULERPOOL_VENDOR_MCAP_HISTORY,44064560000.0,28034000000.0,0.3637971194992075
MPC,2022-09-30,49069020000.0,EULERPOOL_VENDOR_MCAP_HISTORY,49069020000.0,33872000000.0,0.30970702084533175
MPC,2022-12-30,57496660000.0,EULERPOOL_VENDOR_MCAP_HISTORY,57496660000.0,39689000000.0,0.3097164252671373
MSA,2020-03-31,,UNRESOLVED,,,
MSA,2020-06-30,,UNRESOLVED,,,
MSA,2020-09-30,,UNRESOLVED,,,
MSA,2020-12-31,,UNRESOLVED,,,
MSA,2021-03-31,,UNRESOLVED,,,
MSA,2021-06-30,,UNRESOLVED,,,
MSA,2021-09-30,5733000000.0,EULERPOOL_OFFICIAL_MCAP_5Y,,5733000000.0,
MSA,2021-12-31,5940000000.0,EULERPOOL_OFFICIAL_MCAP_5Y,,5940000000.0,
MSA,2022-03-31,5221000000.0,EULERPOOL_OFFICIAL_MCAP_5Y,,5221000000.0,
MSA,2022-06-30,4764000000.0,EULERPOOL_OFFICIAL_MCAP_5Y,,4764000000.0,
MSA,2022-09-30,4300000000.0,EULERPOOL_OFFICIAL_MCAP_5Y,,4300000000.0,
MSA,2022-12-30,5673000000.0,EULERPOOL_OFFICIAL_MCAP_5Y,,5673000000.0,
MPLX,2020-03-31,12293960000.0,EULERPOOL_VENDOR_MCAP_HISTORY,12293960000.0,,
MPLX,2020-06-30,18299520000.0,EULERPOOL_VENDOR_MCAP_HISTORY,18299520000.0,,
MPLX,2020-09-30,16479780000.0,EULERPOOL_VENDOR_MCAP_HISTORY,16479780000.0,,
MPLX,2020-12-31,22516000000.0,EULERPOOL_VENDOR_MCAP_HISTORY,22516000000.0,,
MPLX,2021-03-31,26578310000.0,EULERPOOL_VENDOR_MCAP_HISTORY,26578310000.0,,
MPLX,2021-06-30,30468690000.0,EULERPOOL_VENDOR_MCAP_HISTORY,30468690000.0,,
MPLX,2021-09-30,29181750000.0,EULERPOOL_VENDOR_MCAP_HISTORY,29181750000.0,28433000000.0,0.025658159637444635
MPLX,2021-12-31,30152210000.0,EULERPOOL_VENDOR_MCAP_HISTORY,30152210000.0,30093000000.0,0.0019637034897276185
MPLX,2022-03-31,33677700000.0,EULERPOOL_VENDOR_MCAP_HISTORY,33677700000.0,33744000000.0,0.001964793741109531
MPLX,2022-06-30,29499800000.0,EULERPOOL_VENDOR_MCAP_HISTORY,29499800000.0,29646000000.0,0.00493152533225393
MPLX,2022-09-30,30340110000.0,EULERPOOL_VENDOR_MCAP_HISTORY,30340110000.0,30520000000.0,0.005894167758846658
MPLX,2022-12-30,33201240000.0,EULERPOOL_VENDOR_MCAP_HISTORY,33201240000.0,33398000000.0,0.00589137074076292
MTDR,2020-03-31,,UNRESOLVED,,,
MTDR,2020-06-30,,UNRESOLVED,,,
MTDR,2020-09-30,,UNRESOLVED,,,
MTDR,2020-12-31,,UNRESOLVED,,,
MTDR,2021-03-31,,UNRESOLVED,,,
MTDR,2021-06-30,,UNRESOLVED,,,
MTDR,2021-09-30,4720000000.0,EULERPOOL_OFFICIAL_MCAP_5Y,,4720000000.0,
MTDR,2021-12-31,4581000000.0,EULERPOOL_OFFICIAL_MCAP_5Y,,4581000000.0,
MTDR,2022-03-31,6574000000.0,EULERPOOL_OFFICIAL_MCAP_5Y,,6574000000.0,
MTDR,2022-06-30,5781000000.0,EULERPOOL_OFFICIAL_MCAP_5Y,,5781000000.0,
MTDR,2022-09-30,6070000000.0,EULERPOOL_OFFICIAL_MCAP_5Y,,6070000000.0,
MTDR,2022-12-30,7102000000.0,EULERPOOL_OFFICIAL_MCAP_5Y,,7102000000.0,
MTD,2020-03-31,16816335285.0,EULERPOOL_VENDOR_MCAP_HISTORY,16816335285.0,,
MTD,2020-06-30,19517670950.0,EULERPOOL_VENDOR_MCAP_HISTORY,19517670950.0,,
MTD,2020-09-30,23395486900.0,EULERPOOL_VENDOR_MCAP_HISTORY,23395486900.0,,
MTD,2020-12-31,27313456912.0,EULERPOOL_VENDOR_MCAP_HISTORY,27313456912.0,,
MTD,2021-03-31,27373326633.0,EULERPOOL_VENDOR_MCAP_HISTORY,27373326633.0,,
MTD,2021-06-30,32585690412.0,EULERPOOL_VENDOR_MCAP_HISTORY,32585690412.0,,
MTD,2021-09-30,32221408896.0,EULERPOOL_VENDOR_MCAP_HISTORY,32221408896.0,28472000000.0,0.1163639028976618
MTD,2021-12-31,39410404247.0,EULERPOOL_VENDOR_MCAP_HISTORY,39410404247.0,35084000000.0,0.10977822556411192
MTD,2022-03-31,31638572238.0,EULERPOOL_VENDOR_MCAP_HISTORY,31638572238.0,28386000000.0,0.10280401446476929
MTD,2022-06-30,26216884309.0,EULERPOOL_VENDOR_MCAP_HISTORY,26216884309.0,23747000000.0,0.09420968105474352
MTD,2022-09-30,24511953200.0,EULERPOOL_VENDOR_MCAP_HISTORY,24511953200.0,22411000000.0,0.08571137448157334
MTD,2022-12-30,32681624500.0,EULERPOOL_VENDOR_MCAP_HISTORY,32681624500.0,29880000000.0,0.0857247625496707
MRK,2020-03-31,186990629770.992,EULERPOOL_VENDOR_MCAP_HISTORY,186990629770.992,,
MRK,2020-06-30,187126793893.13,EULERPOOL_VENDOR_MCAP_HISTORY,187126793893.13,,
MRK,2020-09-30,200884637404.58,EULERPOOL_VENDOR_MCAP_HISTORY,200884637404.58,,
MRK,2020-12-31,198333778625.954,EULERPOOL_VENDOR_MCAP_HISTORY,198333778625.954,,
MRK,2021-03-31,186913826335.878,EULERPOOL_VENDOR_MCAP_HISTORY,186913826335.878,,
MRK,2021-06-30,197535800000.0,EULERPOOL_VENDOR_MCAP_HISTORY,197535800000.0,,
MRK,2021-09-30,190478960000.0,EULERPOOL_VENDOR_MCAP_HISTORY,190478960000.0,188301000000.0,0.011434123747840707
MRK,2021-12-31,194512320000.0,EULERPOOL_VENDOR_MCAP_HISTORY,194512320000.0,192136000000.0,0.012216809711590506
MRK,2022-03-31,208160850000.0,EULERPOOL_VENDOR_MCAP_HISTORY,208160850000.0,205699000000.0,0.011826671537899658
MRK,2022-06-30,231571800000.0,EULERPOOL_VENDOR_MCAP_HISTORY,231571800000.0,228563000000.0,0.012992946464120416
MRK,2022-09-30,218917040000.0,EULERPOOL_VENDOR_MCAP_HISTORY,218917040000.0,215903000000.0,0.01376795520348713
MRK,2022-12-30,282034900000.0,EULERPOOL_VENDOR_MCAP_HISTORY,282034900000.0,278152000000.0,0.013767445092788162
MTN,2020-03-31,,UNRESOLVED,,,
MTN,2020-06-30,,UNRESOLVED,,,
MTN,2020-09-30,,UNRESOLVED,,,
MTN,2020-12-31,,UNRESOLVED,,,
MTN,2021-03-31,,UNRESOLVED,,,
MTN,2021-06-30,,UNRESOLVED,,,
MTN,2021-09-30,12428000000.0,EULERPOOL_OFFICIAL_MCAP_5Y,,12428000000.0,
MTN,2021-12-31,12199000000.0,EULERPOOL_OFFICIAL_MCAP_5Y,,12199000000.0,
MTN,2022-03-31,9683000000.0,EULERPOOL_OFFICIAL_MCAP_5Y,,9683000000.0,
MTN,2022-06-30,8112000000.0,EULERPOOL_OFFICIAL_MCAP_5Y,,8112000000.0,
MTN,2022-09-30,8023000000.0,EULERPOOL_OFFICIAL_MCAP_5Y,,8023000000.0,
MTN,2022-12-30,8868000000.0,EULERPOOL_OFFICIAL_MCAP_5Y,,8868000000.0,
MTRN,2020-03-31,,UNRESOLVED,,,
MTRN,2020-06-30,,UNRESOLVED,,,
MTRN,2020-09-30,,UNRESOLVED,,,
MTRN,2020-12-31,,UNRESOLVED,,,
MTRN,2021-03-31,,UNRESOLVED,,,
MTRN,2021-06-30,,UNRESOLVED,,,
MTRN,2021-09-30,1435000000.0,EULERPOOL_OFFICIAL_MCAP_5Y,,1435000000.0,
MTRN,2021-12-31,1923000000.0,EULERPOOL_OFFICIAL_MCAP_5Y,,1923000000.0,
MTRN,2022-03-31,1793000000.0,EULERPOOL_OFFICIAL_MCAP_5Y,,1793000000.0,
MTRN,2022-06-30,1542000000.0,EULERPOOL_OFFICIAL_MCAP_5Y,,1542000000.0,
MTRN,2022-09-30,1673000000.0,EULERPOOL_OFFICIAL_MCAP_5Y,,1673000000.0,
MTRN,2022-12-30,1830000000.0,EULERPOOL_OFFICIAL_MCAP_5Y,,1830000000.0,
MTX,2020-03-31,,UNRESOLVED,,,
MTX,2020-06-30,,UNRESOLVED,,,
MTX,2020-09-30,,UNRESOLVED,,,
MTX,2020-12-31,,UNRESOLVED,,,
MTX,2021-03-31,,UNRESOLVED,,,
MTX,2021-06-30,,UNRESOLVED,,,
MTX,2021-09-30,2174000000.0,EULERPOOL_OFFICIAL_MCAP_5Y,,2174000000.0,
MTX,2021-12-31,2277000000.0,EULERPOOL_OFFICIAL_MCAP_5Y,,2277000000.0,
MTX,2022-03-31,2059000000.0,EULERPOOL_OFFICIAL_MCAP_5Y,,2059000000.0,
MTX,2022-06-30,1910000000.0,EULERPOOL_OFFICIAL_MCAP_5Y,,1910000000.0,
MTX,2022-09-30,1538000000.0,EULERPOOL_OFFICIAL_MCAP_5Y,,1538000000.0,
MTX,2022-12-30,1890000000.0,EULERPOOL_OFFICIAL_MCAP_5Y,,1890000000.0,
MXIM,2020-03-31,,UNRESOLVED,,,
MXIM,2020-06-30,,UNRESOLVED,,,
MXIM,2020-09-30,,UNRESOLVED,,,
MXIM,2020-12-31,,UNRESOLVED,,,
MXIM,2021-03-31,,UNRESOLVED,,,
MXIM,2021-06-30,,UNRESOLVED,,,
MXIM,2021-09-30,,UNRESOLVED,,,
MXIM,2021-12-31,,UNRESOLVED,,,
MXIM,2022-03-31,,UNRESOLVED,,,
MXIM,2022-06-30,,UNRESOLVED,,,
MXIM,2022-09-30,,UNRESOLVED,,,
MXIM,2022-12-30,,UNRESOLVED,,,
MUR,2020-03-31,,UNRESOLVED,,,
MUR,2020-06-30,,UNRESOLVED,,,
MUR,2020-09-30,,UNRESOLVED,,,
MUR,2020-12-31,,UNRESOLVED,,,
MUR,2021-03-31,,UNRESOLVED,,,
MUR,2021-06-30,,UNRESOLVED,,,
MUR,2021-09-30,3596000000.0,EULERPOOL_OFFICIAL_MCAP_5Y,,3596000000.0,
MUR,2021-12-31,3760000000.0,EULERPOOL_OFFICIAL_MCAP_5Y,,3760000000.0,
MUR,2022-03-31,5817000000.0,EULERPOOL_OFFICIAL_MCAP_5Y,,5817000000.0,
MUR,2022-06-30,4348000000.0,EULERPOOL_OFFICIAL_MCAP_5Y,,4348000000.0,
MUR,2022-09-30,5065000000.0,EULERPOOL_OFFICIAL_MCAP_5Y,,5065000000.0,
MUR,2022-12-30,6195000000.0,EULERPOOL_OFFICIAL_MCAP_5Y,,6195000000.0,
NABL,2020-03-31,,UNRESOLVED,,,
NABL,2020-06-30,,UNRESOLVED,,,
NABL,2020-09-30,,UNRESOLVED,,,
NABL,2020-12-31,,UNRESOLVED,,,
NABL,2021-03-31,,UNRESOLVED,,,
NABL,2021-06-30,,UNRESOLVED,,,
NABL,2021-09-30,2331000000.0,EULERPOOL_OFFICIAL_MCAP_5Y,,2331000000.0,
NABL,2021-12-31,2085000000.0,EULERPOOL_OFFICIAL_MCAP_5Y,,2085000000.0,
NABL,2022-03-31,1709000000.0,EULERPOOL_OFFICIAL_MCAP_5Y,,1709000000.0,
NABL,2022-06-30,1690000000.0,EULERPOOL_OFFICIAL_MCAP_5Y,,1690000000.0,
NABL,2022-09-30,1734000000.0,EULERPOOL_OFFICIAL_MCAP_5Y,,1734000000.0,
NABL,2022-12-30,1931000000.0,EULERPOOL_OFFICIAL_MCAP_5Y,,1931000000.0,
NAV,2020-03-31,,UNRESOLVED,,,
NAV,2020-06-30,,UNRESOLVED,,,
NAV,2020-09-30,,UNRESOLVED,,,
NAV,2020-12-31,,UNRESOLVED,,,
NAV,2021-03-31,,UNRESOLVED,,,
NAV,2021-06-30,,UNRESOLVED,,,
NAV,2021-09-30,,UNRESOLVED,,,
NAV,2021-12-31,,UNRESOLVED,,,
NAV,2022-03-31,,UNRESOLVED,,,
NAV,2022-06-30,,UNRESOLVED,,,
NAV,2022-09-30,,UNRESOLVED,,,
NAV,2022-12-30,,UNRESOLVED,,,
MTZ,2020-03-31,,UNRESOLVED,,,
MTZ,2020-06-30,,UNRESOLVED,,,
MTZ,2020-09-30,,UNRESOLVED,,,
MTZ,2020-12-31,5011298180.0,EULERPOOL_VENDOR_MCAP_HISTORY,5011298180.0,,
MTZ,2021-03-31,6919370200.0,EULERPOOL_VENDOR_MCAP_HISTORY,6919370200.0,,
MTZ,2021-06-30,7848853600.0,EULERPOOL_VENDOR_MCAP_HISTORY,7848853600.0,,
MTZ,2021-09-30,6382735560.0,EULERPOOL_VENDOR_MCAP_HISTORY,6382735560.0,6806000000.0,0.0621898971495739
MTZ,2021-12-31,7279000000.0,EULERPOOL_OFFICIAL_MCAP_5Y,,7279000000.0,
MTZ,2022-03-31,6514121900.0,EULERPOOL_VENDOR_MCAP_HISTORY,6514121900.0,6870000000.0,0.051801761280931585
MTZ,2022-06-30,5412981420.0,EULERPOOL_VENDOR_MCAP_HISTORY,5412981420.0,5653000000.0,0.042458620201662835
MTZ,2022-09-30,4767135500.0,EULERPOOL_VENDOR_MCAP_HISTORY,4767135500.0,5009000000.0,0.04828598522659214
MTZ,2022-12-30,6405979090.0,EULERPOOL_VENDOR_MCAP_HISTORY,6405979090.0,6731000000.0,0.04828716535433071
NBR,2020-03-31,,UNRESOLVED,,,
NBR,2020-06-30,,UNRESOLVED,,,
NBR,2020-09-30,,UNRESOLVED,,,
NBR,2020-12-31,,UNRESOLVED,,,
NBR,2021-03-31,,UNRESOLVED,,,
NBR,2021-06-30,,UNRESOLVED,,,
NBR,2021-09-30,1391000000.0,EULERPOOL_OFFICIAL_MCAP_5Y,,1391000000.0,
NBR,2021-12-31,1169000000.0,EULERPOOL_OFFICIAL_MCAP_5Y,,1169000000.0,
NBR,2022-03-31,2202000000.0,EULERPOOL_OFFICIAL_MCAP_5Y,,2202000000.0,
NBR,2022-06-30,1930000000.0,EULERPOOL_OFFICIAL_MCAP_5Y,,1930000000.0,
NBR,2022-09-30,1463000000.0,EULERPOOL_OFFICIAL_MCAP_5Y,,1463000000.0,
NBR,2022-12-30,2233000000.0,EULERPOOL_OFFICIAL_MCAP_5Y,,2233000000.0,
NDSN,2020-03-31,,UNRESOLVED,,,
NDSN,2020-06-30,,UNRESOLVED,,,
NDSN,2020-09-30,,UNRESOLVED,,,
NDSN,2020-12-31,,UNRESOLVED,,,
NDSN,2021-03-31,,UNRESOLVED,,,
NDSN,2021-06-30,,UNRESOLVED,,,
NDSN,2021-09-30,13555000000.0,EULERPOOL_OFFICIAL_MCAP_5Y,,13555000000.0,
NDSN,2021-12-31,14529000000.0,EULERPOOL_OFFICIAL_MCAP_5Y,,14529000000.0,
NDSN,2022-03-31,12924000000.0,EULERPOOL_OFFICIAL_MCAP_5Y,,12924000000.0,
NDSN,2022-06-30,11522000000.0,EULERPOOL_OFFICIAL_MCAP_5Y,,11522000000.0,
NDSN,2022-09-30,12082000000.0,EULERPOOL_OFFICIAL_MCAP_5Y,,12082000000.0,
NDSN,2022-12-30,13530000000.0,EULERPOOL_OFFICIAL_MCAP_5Y,,13530000000.0,
NEOG,2020-03-31,,UNRESOLVED,,,
NEOG,2020-06-30,,UNRESOLVED,,,
NEOG,2020-09-30,,UNRESOLVED,,,
NEOG,2020-12-31,,UNRESOLVED,,,
NEOG,2021-03-31,,UNRESOLVED,,,
NEOG,2021-06-30,,UNRESOLVED,,,
NEOG,2021-09-30,9420000000.0,EULERPOOL_OFFICIAL_MCAP_5Y,,9420000000.0,
NEOG,2021-12-31,9849000000.0,EULERPOOL_OFFICIAL_MCAP_5Y,,9849000000.0,
NEOG,2022-03-31,6689000000.0,EULERPOOL_OFFICIAL_MCAP_5Y,,6689000000.0,
NEOG,2022-06-30,5225000000.0,EULERPOOL_OFFICIAL_MCAP_5Y,,5225000000.0,
NEOG,2022-09-30,3030000000.0,EULERPOOL_OFFICIAL_MCAP_5Y,,3030000000.0,
NEOG,2022-12-30,3303000000.0,EULERPOOL_OFFICIAL_MCAP_5Y,,3303000000.0,
NFG,2020-03-31,,UNRESOLVED,,,
NFG,2020-06-30,,UNRESOLVED,,,
NFG,2020-09-30,,UNRESOLVED,,,
NFG,2020-12-31,,UNRESOLVED,,,
NFG,2021-03-31,,UNRESOLVED,,,
NFG,2021-06-30,,UNRESOLVED,,,
NFG,2021-09-30,4791000000.0,EULERPOOL_OFFICIAL_MCAP_5Y,,4791000000.0,
NFG,2021-12-31,5833000000.0,EULERPOOL_OFFICIAL_MCAP_5Y,,5833000000.0,
NFG,2022-03-31,6267000000.0,EULERPOOL_OFFICIAL_MCAP_5Y,,6267000000.0,
NFG,2022-06-30,6026000000.0,EULERPOOL_OFFICIAL_MCAP_5Y,,6026000000.0,
NFG,2022-09-30,5615000000.0,EULERPOOL_OFFICIAL_MCAP_5Y,,5615000000.0,
NFG,2022-12-30,5775000000.0,EULERPOOL_OFFICIAL_MCAP_5Y,,5775000000.0,
NJR,2020-03-31,,UNRESOLVED,,,
NJR,2020-06-30,,UNRESOLVED,,,
NJR,2020-09-30,,UNRESOLVED,,,
NJR,2020-12-31,,UNRESOLVED,,,
NJR,2021-03-31,,UNRESOLVED,,,
NJR,2021-06-30,,UNRESOLVED,,,
NJR,2021-09-30,3507000000.0,EULERPOOL_OFFICIAL_MCAP_5Y,,3507000000.0,
NJR,2021-12-31,4137000000.0,EULERPOOL_OFFICIAL_MCAP_5Y,,4137000000.0,
NJR,2022-03-31,4620000000.0,EULERPOOL_OFFICIAL_MCAP_5Y,,4620000000.0,
NJR,2022-06-30,4486000000.0,EULERPOOL_OFFICIAL_MCAP_5Y,,4486000000.0,
NJR,2022-09-30,3899000000.0,EULERPOOL_OFFICIAL_MCAP_5Y,,3899000000.0,
NJR,2022-12-30,4999000000.0,EULERPOOL_OFFICIAL_MCAP_5Y,,4999000000.0,
NS,2020-03-31,,UNRESOLVED,,,
NS,2020-06-30,,UNRESOLVED,,,
NS,2020-09-30,,UNRESOLVED,,,
NS,2020-12-31,,UNRESOLVED,,,
NS,2021-03-31,,UNRESOLVED,,,
NS,2021-06-30,,UNRESOLVED,,,
NS,2021-09-30,1839000000.0,EULERPOOL_OFFICIAL_MCAP_5Y,,1839000000.0,
NS,2021-12-31,1856000000.0,EULERPOOL_OFFICIAL_MCAP_5Y,,1856000000.0,
NS,2022-03-31,1685000000.0,EULERPOOL_OFFICIAL_MCAP_5Y,,1685000000.0,
NS,2022-06-30,1636000000.0,EULERPOOL_OFFICIAL_MCAP_5Y,,1636000000.0,
NS,2022-09-30,1577000000.0,EULERPOOL_OFFICIAL_MCAP_5Y,,1577000000.0,
NS,2022-12-30,1870000000.0,EULERPOOL_OFFICIAL_MCAP_5Y,,1870000000.0,
NGVT,2020-03-31,,UNRESOLVED,,,
NGVT,2020-06-30,,UNRESOLVED,,,
NGVT,2020-09-30,,UNRESOLVED,,,
NGVT,2020-12-31,,UNRESOLVED,,,
NGVT,2021-03-31,,UNRESOLVED,,,
NGVT,2021-06-30,,UNRESOLVED,,,
NGVT,2021-09-30,2592000000.0,EULERPOOL_OFFICIAL_MCAP_5Y,,2592000000.0,
NGVT,2021-12-31,2604000000.0,EULERPOOL_OFFICIAL_MCAP_5Y,,2604000000.0,
NGVT,2022-03-31,2327000000.0,EULERPOOL_OFFICIAL_MCAP_5Y,,2327000000.0,
NGVT,2022-06-30,2293000000.0,EULERPOOL_OFFICIAL_MCAP_5Y,,2293000000.0,
NGVT,2022-09-30,2202000000.0,EULERPOOL_OFFICIAL_MCAP_5Y,,2202000000.0,
NGVT,2022-12-30,2559000000.0,EULERPOOL_OFFICIAL_MCAP_5Y,,2559000000.0,
NRGV,2020-03-31,,UNRESOLVED,,,
NRGV,2020-06-30,,UNRESOLVED,,,
NRGV,2020-09-30,,UNRESOLVED,,,
NRGV,2020-12-31,,UNRESOLVED,,,
NRGV,2021-03-31,,UNRESOLVED,,,
NRGV,2021-06-30,,UNRESOLVED,,,
NRGV,2021-09-30,1661000000.0,EULERPOOL_OFFICIAL_MCAP_5Y,,1661000000.0,
NRGV,2021-12-31,1661000000.0,EULERPOOL_OFFICIAL_MCAP_5Y,,1661000000.0,
NRGV,2022-03-31,2668000000.0,EULERPOOL_OFFICIAL_MCAP_5Y,,2668000000.0,
NRGV,2022-06-30,1681000000.0,EULERPOOL_OFFICIAL_MCAP_5Y,,1681000000.0,
NRGV,2022-09-30,886000000.0,EULERPOOL_OFFICIAL_MCAP_5Y,,886000000.0,
NRGV,2022-12-30,524000000.0,EULERPOOL_OFFICIAL_MCAP_5Y,,524000000.0,
NSPR,2020-03-31,,UNRESOLVED,,,
NSPR,2020-06-30,,UNRESOLVED,,,
NSPR,2020-09-30,,UNRESOLVED,,,
NSPR,2020-12-31,,UNRESOLVED,,,
NSPR,2021-03-31,,UNRESOLVED,,,
NSPR,2021-06-30,,UNRESOLVED,,,
NSPR,2021-09-30,172000000.0,EULERPOOL_OFFICIAL_MCAP_5Y,,172000000.0,
NSPR,2021-12-31,127000000.0,EULERPOOL_OFFICIAL_MCAP_5Y,,127000000.0,
NSPR,2022-03-31,134000000.0,EULERPOOL_OFFICIAL_MCAP_5Y,,134000000.0,
NSPR,2022-06-30,84000000.0,EULERPOOL_OFFICIAL_MCAP_5Y,,84000000.0,
NSPR,2022-09-30,62000000.0,EULERPOOL_OFFICIAL_MCAP_5Y,,62000000.0,
NSPR,2022-12-30,36000000.0,EULERPOOL_OFFICIAL_MCAP_5Y,,36000000.0,
NSP,2020-03-31,,UNRESOLVED,,,
NSP,2020-06-30,,UNRESOLVED,,,
NSP,2020-09-30,,UNRESOLVED,,,
NSP,2020-12-31,,UNRESOLVED,,,
NSP,2021-03-31,,UNRESOLVED,,,
NSP,2021-06-30,,UNRESOLVED,,,
NSP,2021-09-30,4175000000.0,EULERPOOL_OFFICIAL_MCAP_5Y,,4175000000.0,
NSP,2021-12-31,4453000000.0,EULERPOOL_OFFICIAL_MCAP_5Y,,4453000000.0,
NSP,2022-03-31,3786000000.0,EULERPOOL_OFFICIAL_MCAP_5Y,,3786000000.0,
NSP,2022-06-30,3764000000.0,EULERPOOL_OFFICIAL_MCAP_5Y,,3764000000.0,
NSP,2022-09-30,3849000000.0,EULERPOOL_OFFICIAL_MCAP_5Y,,3849000000.0,
NSP,2022-12-30,4283000000.0,EULERPOOL_OFFICIAL_MCAP_5Y,,4283000000.0,
NTCT,2020-03-31,,UNRESOLVED,,,
NTCT,2020-06-30,,UNRESOLVED,,,
NTCT,2020-09-30,,UNRESOLVED,,,
NTCT,2020-12-31,,UNRESOLVED,,,
NTCT,2021-03-31,,UNRESOLVED,,,
NTCT,2021-06-30,,UNRESOLVED,,,
NTCT,2021-09-30,1930000000.0,EULERPOOL_OFFICIAL_MCAP_5Y,,1930000000.0,
NTCT,2021-12-31,2369000000.0,EULERPOOL_OFFICIAL_MCAP_5Y,,2369000000.0,
NTCT,2022-03-31,2298000000.0,EULERPOOL_OFFICIAL_MCAP_5Y,,2298000000.0,
NTCT,2022-06-30,2425000000.0,EULERPOOL_OFFICIAL_MCAP_5Y,,2425000000.0,
NTCT,2022-09-30,2243000000.0,EULERPOOL_OFFICIAL_MCAP_5Y,,2243000000.0,
NTCT,2022-12-30,2329000000.0,EULERPOOL_OFFICIAL_MCAP_5Y,,2329000000.0,
NTLA,2020-03-31,,UNRESOLVED,,,
NTLA,2020-06-30,,UNRESOLVED,,,
NTLA,2020-09-30,,UNRESOLVED,,,
NTLA,2020-12-31,,UNRESOLVED,,,
NTLA,2021-03-31,,UNRESOLVED,,,
NTLA,2021-06-30,,UNRESOLVED,,,
NTLA,2021-09-30,14539000000.0,EULERPOOL_OFFICIAL_MCAP_5Y,,14539000000.0,
NTLA,2021-12-31,12814000000.0,EULERPOOL_OFFICIAL_MCAP_5Y,,12814000000.0,
NTLA,2022-03-31,7876000000.0,EULERPOOL_OFFICIAL_MCAP_5Y,,7876000000.0,
NTLA,2022-06-30,5610000000.0,EULERPOOL_OFFICIAL_MCAP_5Y,,5610000000.0,
NTLA,2022-09-30,6065000000.0,EULERPOOL_OFFICIAL_MCAP_5Y,,6065000000.0,
NTLA,2022-12-30,3781000000.0,EULERPOOL_OFFICIAL_MCAP_5Y,,3781000000.0,
NUE,2020-03-31,10911610640.0,EULERPOOL_VENDOR_MCAP_HISTORY,10911610640.0,,
NUE,2020-06-30,12544455530.0,EULERPOOL_VENDOR_MCAP_HISTORY,12544455530.0,,
NUE,2020-09-30,13612363260.0,EULERPOOL_VENDOR_MCAP_HISTORY,13612363260.0,,
NUE,2020-12-31,16159441140.0,EULERPOOL_VENDOR_MCAP_HISTORY,16159441140.0,,
NUE,2021-03-31,24283119860.0,EULERPOOL_VENDOR_MCAP_HISTORY,24283119860.0,,
NUE,2021-06-30,28541956970.0,EULERPOOL_VENDOR_MCAP_HISTORY,28541956970.0,,
NUE,2021-09-30,28675560480.0,EULERPOOL_VENDOR_MCAP_HISTORY,28675560480.0,22751000000.0,0.20660661486048834
NUE,2021-12-31,32081400900.0,EULERPOOL_VENDOR_MCAP_HISTORY,32081400900.0,26369000000.0,0.17805958405014663
NUE,2022-03-31,40446773100.0,EULERPOOL_VENDOR_MCAP_HISTORY,40446773100.0,34338000000.0,0.15103239719264527
NUE,2022-06-30,27534900790.0,EULERPOOL_VENDOR_MCAP_HISTORY,27534900790.0,24119000000.0,0.1240571308410369
NUE,2022-09-30,27766686740.0,EULERPOOL_VENDOR_MCAP_HISTORY,27766686740.0,24715000000.0,0.10990460506056042
NUE,2022-12-30,34208122060.0,EULERPOOL_VENDOR_MCAP_HISTORY,34208122060.0,30448000000.0,0.10991898512887849
NWL,2020-03-31,,UNRESOLVED,,,
NWL,2020-06-30,,UNRESOLVED,,,
NWL,2020-09-30,,UNRESOLVED,,,
NWL,2020-12-31,,UNRESOLVED,,,
NWL,2021-03-31,,UNRESOLVED,,,
NWL,2021-06-30,,UNRESOLVED,,,
NWL,2021-09-30,9259000000.0,EULERPOOL_OFFICIAL_MCAP_5Y,,9259000000.0,
NWL,2021-12-31,9133000000.0,EULERPOOL_OFFICIAL_MCAP_5Y,,9133000000.0,
NWL,2022-03-31,8954000000.0,EULERPOOL_OFFICIAL_MCAP_5Y,,8954000000.0,
NWL,2022-06-30,7963000000.0,EULERPOOL_OFFICIAL_MCAP_5Y,,7963000000.0,
NWL,2022-09-30,5809000000.0,EULERPOOL_OFFICIAL_MCAP_5Y,,5809000000.0,
NWL,2022-12-30,5470000000.0,EULERPOOL_OFFICIAL_MCAP_5Y,,5470000000.0,
NVTS,2020-03-31,,UNRESOLVED,,,
NVTS,2020-06-30,,UNRESOLVED,,,
NVTS,2020-09-30,,UNRESOLVED,,,
NVTS,2020-12-31,,UNRESOLVED,,,
NVTS,2021-03-31,,UNRESOLVED,,,
NVTS,2021-06-30,,UNRESOLVED,,,
NVTS,2021-09-30,,UNRESOLVED,,,
NVTS,2021-12-31,3921000000.0,EULERPOOL_OFFICIAL_MCAP_5Y,,3921000000.0,
NVTS,2022-03-31,2370000000.0,EULERPOOL_OFFICIAL_MCAP_5Y,,2370000000.0,
NVTS,2022-06-30,890000000.0,EULERPOOL_OFFICIAL_MCAP_5Y,,890000000.0,
NVTS,2022-09-30,1118000000.0,EULERPOOL_OFFICIAL_MCAP_5Y,,1118000000.0,
NVTS,2022-12-30,809000000.0,EULERPOOL_OFFICIAL_MCAP_5Y,,809000000.0,
NXST,2020-03-31,,UNRESOLVED,,,
NXST,2020-06-30,,UNRESOLVED,,,
NXST,2020-09-30,,UNRESOLVED,,,
NXST,2020-12-31,,UNRESOLVED,,,
NXST,2021-03-31,,UNRESOLVED,,,
NXST,2021-06-30,,UNRESOLVED,,,
NXST,2021-09-30,4666000000.0,EULERPOOL_OFFICIAL_MCAP_5Y,,4666000000.0,
NXST,2021-12-31,4636000000.0,EULERPOOL_OFFICIAL_MCAP_5Y,,4636000000.0,
NXST,2022-03-31,5788000000.0,EULERPOOL_OFFICIAL_MCAP_5Y,,5788000000.0,
NXST,2022-06-30,5002000000.0,EULERPOOL_OFFICIAL_MCAP_5Y,,5002000000.0,
NXST,2022-09-30,5123000000.0,EULERPOOL_OFFICIAL_MCAP_5Y,,5123000000.0,
NXST,2022-12-30,5375000000.0,EULERPOOL_OFFICIAL_MCAP_5Y,,5375000000.0,
NXH,2020-03-31,,UNRESOLVED,,,
NXH,2020-06-30,,UNRESOLVED,,,
NXH,2020-09-30,,UNRESOLVED,,,
NXH,2020-12-31,,UNRESOLVED,,,
NXH,2021-03-31,,UNRESOLVED,,,
NXH,2021-06-30,,UNRESOLVED,,,
NXH,2021-09-30,,UNRESOLVED,,,
NXH,2021-12-31,,UNRESOLVED,,,
NXH,2022-03-31,,UNRESOLVED,,,
NXH,2022-06-30,,UNRESOLVED,,,
NXH,2022-09-30,,UNRESOLVED,,,
NXH,2022-12-30,,UNRESOLVED,,,
NVR,2020-03-31,10276440000.0,EULERPOOL_VENDOR_MCAP_HISTORY,10276440000.0,,
NVR,2020-06-30,13035000000.0,EULERPOOL_VENDOR_MCAP_HISTORY,13035000000.0,,
NVR,2020-09-30,16332480000.0,EULERPOOL_VENDOR_MCAP_HISTORY,16332480000.0,,
NVR,2020-12-31,16319440000.0,EULERPOOL_VENDOR_MCAP_HISTORY,16319440000.0,,
NVR,2021-03-31,18843720000.0,EULERPOOL_VENDOR_MCAP_HISTORY,18843720000.0,,
NVR,2021-06-30,19893200000.0,EULERPOOL_VENDOR_MCAP_HISTORY,19893200000.0,,
NVR,2021-09-30,19176320000.0,EULERPOOL_VENDOR_MCAP_HISTORY,19176320000.0,13423000000.0,0.30002211060307715
NVR,2021-12-31,23635480000.0,EULERPOOL_VENDOR_MCAP_HISTORY,23635480000.0,16545000000.0,0.2999930612790601
NVR,2022-03-31,17869080000.0,EULERPOOL_VENDOR_MCAP_HISTORY,17869080000.0,12508000000.0,0.3000199226820855
NVR,2022-06-30,16016560000.0,EULERPOOL_VENDOR_MCAP_HISTORY,16016560000.0,11212000000.0,0.299974526365212
NVR,2022-09-30,11961240000.0,EULERPOOL_VENDOR_MCAP_HISTORY,11961240000.0,11164000000.0,0.06665195247315496
NVR,2022-12-30,13837740000.0,EULERPOOL_VENDOR_MCAP_HISTORY,13837740000.0,12915000000.0,0.06668285428111816
OIS,2020-03-31,,UNRESOLVED,,,
OIS,2020-06-30,,UNRESOLVED,,,
OIS,2020-09-30,,UNRESOLVED,,,
OIS,2020-12-31,,UNRESOLVED,,,
OIS,2021-03-31,,UNRESOLVED,,,
OIS,2021-06-30,,UNRESOLVED,,,
OIS,2021-09-30,396000000.0,EULERPOOL_OFFICIAL_MCAP_5Y,,396000000.0,
OIS,2021-12-31,308000000.0,EULERPOOL_OFFICIAL_MCAP_5Y,,308000000.0,
OIS,2022-03-31,431000000.0,EULERPOOL_OFFICIAL_MCAP_5Y,,431000000.0,
OIS,2022-06-30,336000000.0,EULERPOOL_OFFICIAL_MCAP_5Y,,336000000.0,
OIS,2022-09-30,241000000.0,EULERPOOL_OFFICIAL_MCAP_5Y,,241000000.0,
OIS,2022-12-30,463000000.0,EULERPOOL_OFFICIAL_MCAP_5Y,,463000000.0,
OII,2020-03-31,,UNRESOLVED,,,
OII,2020-06-30,,UNRESOLVED,,,
OII,2020-09-30,,UNRESOLVED,,,
OII,2020-12-31,,UNRESOLVED,,,
OII,2021-03-31,,UNRESOLVED,,,
OII,2021-06-30,,UNRESOLVED,,,
OII,2021-09-30,1349000000.0,EULERPOOL_OFFICIAL_MCAP_5Y,,1349000000.0,
OII,2021-12-31,1145000000.0,EULERPOOL_OFFICIAL_MCAP_5Y,,1145000000.0,
OII,2022-03-31,1535000000.0,EULERPOOL_OFFICIAL_MCAP_5Y,,1535000000.0,
OII,2022-06-30,1081000000.0,EULERPOOL_OFFICIAL_MCAP_5Y,,1081000000.0,
OII,2022-09-30,806000000.0,EULERPOOL_OFFICIAL_MCAP_5Y,,806000000.0,
OII,2022-12-30,1771000000.0,EULERPOOL_OFFICIAL_MCAP_5Y,,1771000000.0,
OMCL,2020-03-31,,UNRESOLVED,,,
OMCL,2020-06-30,,UNRESOLVED,,,
OMCL,2020-09-30,,UNRESOLVED,,,
OMCL,2020-12-31,,UNRESOLVED,,,
OMCL,2021-03-31,,UNRESOLVED,,,
OMCL,2021-06-30,,UNRESOLVED,,,
OMCL,2021-09-30,6745000000.0,EULERPOOL_OFFICIAL_MCAP_5Y,,6745000000.0,
OMCL,2021-12-31,8199000000.0,EULERPOOL_OFFICIAL_MCAP_5Y,,8199000000.0,
OMCL,2022-03-31,5884000000.0,EULERPOOL_OFFICIAL_MCAP_5Y,,5884000000.0,
OMCL,2022-06-30,5169000000.0,EULERPOOL_OFFICIAL_MCAP_5Y,,5169000000.0,
OMCL,2022-09-30,3955000000.0,EULERPOOL_OFFICIAL_MCAP_5Y,,3955000000.0,
OMCL,2022-12-30,2291000000.0,EULERPOOL_OFFICIAL_MCAP_5Y,,2291000000.0,
ORGN,2020-03-31,,UNRESOLVED,,,
ORGN,2020-06-30,,UNRESOLVED,,,
ORGN,2020-09-30,,UNRESOLVED,,,
ORGN,2020-12-31,,UNRESOLVED,,,
ORGN,2021-03-31,,UNRESOLVED,,,
ORGN,2021-06-30,,UNRESOLVED,,,
ORGN,2021-09-30,975000000.0,EULERPOOL_OFFICIAL_MCAP_5Y,,975000000.0,
ORGN,2021-12-31,923000000.0,EULERPOOL_OFFICIAL_MCAP_5Y,,923000000.0,
ORGN,2022-03-31,942000000.0,EULERPOOL_OFFICIAL_MCAP_5Y,,942000000.0,
ORGN,2022-06-30,733000000.0,EULERPOOL_OFFICIAL_MCAP_5Y,,733000000.0,
ORGN,2022-09-30,739000000.0,EULERPOOL_OFFICIAL_MCAP_5Y,,739000000.0,
ORGN,2022-12-30,660000000.0,EULERPOOL_OFFICIAL_MCAP_5Y,,660000000.0,
ON,2020-03-31,5107864000.0,EULERPOOL_VENDOR_MCAP_HISTORY,5107864000.0,,
ON,2020-06-30,8128182000.0,EULERPOOL_VENDOR_MCAP_HISTORY,8128182000.0,,
ON,2020-09-30,9072927000.0,EULERPOOL_VENDOR_MCAP_HISTORY,9072927000.0,,
ON,2020-12-31,14126268000.0,EULERPOOL_VENDOR_MCAP_HISTORY,14126268000.0,,
ON,2021-03-31,18533094000.0,EULERPOOL_VENDOR_MCAP_HISTORY,18533094000.0,,
ON,2021-06-30,16981008000.0,EULERPOOL_VENDOR_MCAP_HISTORY,16981008000.0,,
ON,2021-09-30,20170839000.0,EULERPOOL_VENDOR_MCAP_HISTORY,20170839000.0,18848000000.0,0.0655817539369582
ON,2021-12-31,30244776000.0,EULERPOOL_VENDOR_MCAP_HISTORY,30244776000.0,27969000000.0,0.07524525888371598
ON,2022-03-31,28105629000.0,EULERPOOL_VENDOR_MCAP_HISTORY,28105629000.0,25783000000.0,0.08263928197444007
ON,2022-06-30,22488570000.0,EULERPOOL_VENDOR_MCAP_HISTORY,22488570000.0,20718000000.0,0.07873199585389377
ON,2022-09-30,27967471000.0,EULERPOOL_VENDOR_MCAP_HISTORY,27967471000.0,25667000000.0,0.08225523859486615
ON,2022-12-30,27985419000.0,EULERPOOL_VENDOR_MCAP_HISTORY,27985419000.0,25684000000.0,0.08223636029891138
OSK,2020-03-31,,UNRESOLVED,,,
OSK,2020-06-30,,UNRESOLVED,,,
OSK,2020-09-30,,UNRESOLVED,,,
OSK,2020-12-31,,UNRESOLVED,,,
OSK,2021-03-31,,UNRESOLVED,,,
OSK,2021-06-30,,UNRESOLVED,,,
OSK,2021-09-30,6608000000.0,EULERPOOL_OFFICIAL_MCAP_5Y,,6608000000.0,
OSK,2021-12-31,7276000000.0,EULERPOOL_OFFICIAL_MCAP_5Y,,7276000000.0,
OSK,2022-03-31,6497000000.0,EULERPOOL_OFFICIAL_MCAP_5Y,,6497000000.0,
OSK,2022-06-30,5302000000.0,EULERPOOL_OFFICIAL_MCAP_5Y,,5302000000.0,
OSK,2022-09-30,4538000000.0,EULERPOOL_OFFICIAL_MCAP_5Y,,4538000000.0,
OSK,2022-12-30,5693000000.0,EULERPOOL_OFFICIAL_MCAP_5Y,,5693000000.0,
ORLY,2020-03-31,22879800000.0,EULERPOOL_VENDOR_MCAP_HISTORY,22879800000.0,,
ORLY,2020-06-30,31625250000.0,EULERPOOL_VENDOR_MCAP_HISTORY,31625250000.0,,
ORLY,2020-09-30,34581000000.0,EULERPOOL_VENDOR_MCAP_HISTORY,34581000000.0,,
ORLY,2020-12-31,33490180000.0,EULERPOOL_VENDOR_MCAP_HISTORY,33490180000.0,,
ORLY,2021-03-31,36014750000.0,EULERPOOL_VENDOR_MCAP_HISTORY,36014750000.0,,
ORLY,2021-06-30,39634700000.0,EULERPOOL_VENDOR_MCAP_HISTORY,39634700000.0,,
ORLY,2021-09-30,42163140000.0,EULERPOOL_VENDOR_MCAP_HISTORY,42163140000.0,34868000000.0,0.17302174363674053
ORLY,2021-12-31,49436100000.0,EULERPOOL_VENDOR_MCAP_HISTORY,49436100000.0,40298000000.0,0.18484670109494883
ORLY,2022-03-31,45892320000.0,EULERPOOL_VENDOR_MCAP_HISTORY,45892320000.0,39085000000.0,0.14833244429569042
ORLY,2022-06-30,41696160000.0,EULERPOOL_VENDOR_MCAP_HISTORY,41696160000.0,36049000000.0,0.13543597300087107
ORLY,2022-09-30,45014400000.0,EULERPOOL_VENDOR_MCAP_HISTORY,45014400000.0,40134000000.0,0.10841863936873533
ORLY,2022-12-30,54017920000.0,EULERPOOL_VENDOR_MCAP_HISTORY,54017920000.0,48161000000.0,0.10842550027842612
OXM,2020-03-31,,UNRESOLVED,,,
OXM,2020-06-30,,UNRESOLVED,,,
OXM,2020-09-30,,UNRESOLVED,,,
OXM,2020-12-31,,UNRESOLVED,,,
OXM,2021-03-31,,UNRESOLVED,,,
OXM,2021-06-30,,UNRESOLVED,,,
OXM,2021-09-30,1427000000.0,EULERPOOL_OFFICIAL_MCAP_5Y,,1427000000.0,
OXM,2021-12-31,1607000000.0,EULERPOOL_OFFICIAL_MCAP_5Y,,1607000000.0,
OXM,2022-03-31,1432000000.0,EULERPOOL_OFFICIAL_MCAP_5Y,,1432000000.0,
OXM,2022-06-30,1404000000.0,EULERPOOL_OFFICIAL_MCAP_5Y,,1404000000.0,
OXM,2022-09-30,1421000000.0,EULERPOOL_OFFICIAL_MCAP_5Y,,1421000000.0,
OXM,2022-12-30,1475000000.0,EULERPOOL_OFFICIAL_MCAP_5Y,,1475000000.0,
OTIS,2020-03-31,21655000000.0,EULERPOOL_VENDOR_MCAP_HISTORY,21655000000.0,,
OTIS,2020-06-30,24682926000.0,EULERPOOL_VENDOR_MCAP_HISTORY,24682926000.0,,
OTIS,2020-09-30,27158942000.0,EULERPOOL_VENDOR_MCAP_HISTORY,27158942000.0,,
OTIS,2020-12-31,29438290000.0,EULERPOOL_VENDOR_MCAP_HISTORY,29438290000.0,,
OTIS,2021-03-31,29686765000.0,EULERPOOL_VENDOR_MCAP_HISTORY,29686765000.0,,
OTIS,2021-06-30,35291932000.0,EULERPOOL_VENDOR_MCAP_HISTORY,35291932000.0,,
OTIS,2021-09-30,35429768000.0,EULERPOOL_VENDOR_MCAP_HISTORY,35429768000.0,31984000000.0,0.09725629589220003
OTIS,2021-12-31,37361737000.0,EULERPOOL_VENDOR_MCAP_HISTORY,37361737000.0,33846000000.0,0.09409993437938927
OTIS,2022-03-31,32911515000.0,EULERPOOL_VENDOR_MCAP_HISTORY,32911515000.0,29912000000.0,0.09113877012346591
OTIS,2022-06-30,29978214000.0,EULERPOOL_VENDOR_MCAP_HISTORY,29978214000.0,27471000000.0,0.08363453539960719
OTIS,2022-09-30,26872560000.0,EULERPOOL_VENDOR_MCAP_HISTORY,26872560000.0,24800000000.0,0.0771255139071231
OTIS,2022-12-30,32984172000.0,EULERPOOL_VENDOR_MCAP_HISTORY,32984172000.0,30441000000.0,0.07710279948819088
PAR,2020-03-31,,UNRESOLVED,,,
PAR,2020-06-30,,UNRESOLVED,,,
PAR,2020-09-30,,UNRESOLVED,,,
PAR,2020-12-31,,UNRESOLVED,,,
PAR,2021-03-31,,UNRESOLVED,,,
PAR,2021-06-30,,UNRESOLVED,,,
PAR,2021-09-30,2497000000.0,EULERPOOL_OFFICIAL_MCAP_5Y,,2497000000.0,
PAR,2021-12-31,2142000000.0,EULERPOOL_OFFICIAL_MCAP_5Y,,2142000000.0,
PAR,2022-03-31,1637000000.0,EULERPOOL_OFFICIAL_MCAP_5Y,,1637000000.0,
PAR,2022-06-30,1522000000.0,EULERPOOL_OFFICIAL_MCAP_5Y,,1522000000.0,
PAR,2022-09-30,1199000000.0,EULERPOOL_OFFICIAL_MCAP_5Y,,1199000000.0,
PAR,2022-12-30,1058000000.0,EULERPOOL_OFFICIAL_MCAP_5Y,,1058000000.0,
PAA,2020-03-31,,UNRESOLVED,,,
PAA,2020-06-30,,UNRESOLVED,,,
PAA,2020-09-30,,UNRESOLVED,,,
PAA,2020-12-31,,UNRESOLVED,,,
PAA,2021-03-31,,UNRESOLVED,,,
PAA,2021-06-30,,UNRESOLVED,,,
PAA,2021-09-30,7160000000.0,EULERPOOL_OFFICIAL_MCAP_5Y,,7160000000.0,
PAA,2021-12-31,6575000000.0,EULERPOOL_OFFICIAL_MCAP_5Y,,6575000000.0,
PAA,2022-03-31,7575000000.0,EULERPOOL_OFFICIAL_MCAP_5Y,,7575000000.0,
PAA,2022-06-30,6913000000.0,EULERPOOL_OFFICIAL_MCAP_5Y,,6913000000.0,
PAA,2022-09-30,7406000000.0,EULERPOOL_OFFICIAL_MCAP_5Y,,7406000000.0,
PAA,2022-12-30,8279000000.0,EULERPOOL_OFFICIAL_MCAP_5Y,,8279000000.0,
PCAR,2020-03-31,21230449000.0,EULERPOOL_VENDOR_MCAP_HISTORY,21230449000.0,,
PCAR,2020-06-30,25957980000.0,EULERPOOL_VENDOR_MCAP_HISTORY,25957980000.0,,
PCAR,2020-09-30,29643328000.0,EULERPOOL_VENDOR_MCAP_HISTORY,29643328000.0,,
PCAR,2020-12-31,30025440000.0,EULERPOOL_VENDOR_MCAP_HISTORY,30025440000.0,,
PCAR,2021-03-31,32373328000.0,EULERPOOL_VENDOR_MCAP_HISTORY,32373328000.0,,
PCAR,2021-06-30,31103625000.0,EULERPOOL_VENDOR_MCAP_HISTORY,31103625000.0,,
PCAR,2021-09-30,27487836000.0,EULERPOOL_VENDOR_MCAP_HISTORY,27487836000.0,27717000000.0,0.008267994371685248
PCAR,2021-12-31,30758610000.0,EULERPOOL_VENDOR_MCAP_HISTORY,30758610000.0,30997000000.0,0.007690744265574088
PCAR,2022-03-31,30718816000.0,EULERPOOL_VENDOR_MCAP_HISTORY,30718816000.0,30930000000.0,0.006827804720336243
PCAR,2022-06-30,28720192000.0,EULERPOOL_VENDOR_MCAP_HISTORY,28720192000.0,28918000000.0,0.00684030707517809
PCAR,2022-09-30,29199441000.0,EULERPOOL_VENDOR_MCAP_HISTORY,29199441000.0,29392000000.0,0.006551408546543277
PCAR,2022-12-30,34530633000.0,EULERPOOL_VENDOR_MCAP_HISTORY,34530633000.0,34758000000.0,0.006541429311237701
PATK,2020-03-31,,UNRESOLVED,,,
PATK,2020-06-30,,UNRESOLVED,,,
PATK,2020-09-30,,UNRESOLVED,,,
PATK,2020-12-31,,UNRESOLVED,,,
PATK,2021-03-31,,UNRESOLVED,,,
PATK,2021-06-30,,UNRESOLVED,,,
PATK,2021-09-30,1848000000.0,EULERPOOL_OFFICIAL_MCAP_5Y,,1848000000.0,
PATK,2021-12-31,1790000000.0,EULERPOOL_OFFICIAL_MCAP_5Y,,1790000000.0,
PATK,2022-03-31,1338000000.0,EULERPOOL_OFFICIAL_MCAP_5Y,,1338000000.0,
PATK,2022-06-30,1150000000.0,EULERPOOL_OFFICIAL_MCAP_5Y,,1150000000.0,
PATK,2022-09-30,973000000.0,EULERPOOL_OFFICIAL_MCAP_5Y,,973000000.0,
PATK,2022-12-30,1345000000.0,EULERPOOL_OFFICIAL_MCAP_5Y,,1345000000.0,
PCG,2020-03-31,5825520000.0,EULERPOOL_VENDOR_MCAP_HISTORY,5825520000.0,,
PCG,2020-06-30,4692230000.0,EULERPOOL_VENDOR_MCAP_HISTORY,4692230000.0,,
PCG,2020-09-30,20094600000.0,EULERPOOL_VENDOR_MCAP_HISTORY,20094600000.0,,
PCG,2020-12-31,24508820000.0,EULERPOOL_VENDOR_MCAP_HISTORY,24508820000.0,,
PCG,2021-03-31,24954010000.0,EULERPOOL_VENDOR_MCAP_HISTORY,24954010000.0,,
PCG,2021-06-30,21824820000.0,EULERPOOL_VENDOR_MCAP_HISTORY,21824820000.0,,
PCG,2021-09-30,19056000000.0,EULERPOOL_VENDOR_MCAP_HISTORY,19056000000.0,21139000000.0,0.09853824684232934
PCG,2021-12-31,24097900000.0,EULERPOOL_VENDOR_MCAP_HISTORY,24097900000.0,26732000000.0,0.09853733353284454
PCG,2022-03-31,25479960000.0,EULERPOOL_VENDOR_MCAP_HISTORY,25479960000.0,26292000000.0,0.03088544043815609
PCG,2022-06-30,21367180000.0,EULERPOOL_VENDOR_MCAP_HISTORY,21367180000.0,21976000000.0,0.02770385875500546
PCG,2022-09-30,26650000000.0,EULERPOOL_VENDOR_MCAP_HISTORY,26650000000.0,27525000000.0,0.03178928247048138
PCG,2022-12-30,34666320000.0,EULERPOOL_VENDOR_MCAP_HISTORY,34666320000.0,35805000000.0,0.031802262253875155
PCT,2020-03-31,,UNRESOLVED,,,
PCT,2020-06-30,,UNRESOLVED,,,
PCT,2020-09-30,,UNRESOLVED,,,
PCT,2020-12-31,,UNRESOLVED,,,
PCT,2021-03-31,,UNRESOLVED,,,
PCT,2021-06-30,,UNRESOLVED,,,
PCT,2021-09-30,2393000000.0,EULERPOOL_OFFICIAL_MCAP_5Y,,2393000000.0,
PCT,2021-12-31,1725000000.0,EULERPOOL_OFFICIAL_MCAP_5Y,,1725000000.0,
PCT,2022-03-31,1442000000.0,EULERPOOL_OFFICIAL_MCAP_5Y,,1442000000.0,
PCT,2022-06-30,1337000000.0,EULERPOOL_OFFICIAL_MCAP_5Y,,1337000000.0,
PCT,2022-09-30,1454000000.0,EULERPOOL_OFFICIAL_MCAP_5Y,,1454000000.0,
PCT,2022-12-30,1218000000.0,EULERPOOL_OFFICIAL_MCAP_5Y,,1218000000.0,
PDCE,2020-03-31,,UNRESOLVED,,,
PDCE,2020-06-30,,UNRESOLVED,,,
PDCE,2020-09-30,,UNRESOLVED,,,
PDCE,2020-12-31,,UNRESOLVED,,,
PDCE,2021-03-31,,UNRESOLVED,,,
PDCE,2021-06-30,,UNRESOLVED,,,
PDCE,2021-09-30,4558000000.0,EULERPOOL_OFFICIAL_MCAP_5Y,,4558000000.0,
PDCE,2021-12-31,4691000000.0,EULERPOOL_OFFICIAL_MCAP_5Y,,4691000000.0,
PDCE,2022-03-31,6990000000.0,EULERPOOL_OFFICIAL_MCAP_5Y,,6990000000.0,
PDCE,2022-06-30,5925000000.0,EULERPOOL_OFFICIAL_MCAP_5Y,,5925000000.0,
PDCE,2022-09-30,5558000000.0,EULERPOOL_OFFICIAL_MCAP_5Y,,5558000000.0,
PDCE,2022-12-30,6105000000.0,EULERPOOL_OFFICIAL_MCAP_5Y,,6105000000.0,
PGNY,2020-03-31,,UNRESOLVED,,,
PGNY,2020-06-30,,UNRESOLVED,,,
PGNY,2020-09-30,,UNRESOLVED,,,
PGNY,2020-12-31,,UNRESOLVED,,,
PGNY,2021-03-31,,UNRESOLVED,,,
PGNY,2021-06-30,,UNRESOLVED,,,
PGNY,2021-09-30,4828000000.0,EULERPOOL_OFFICIAL_MCAP_5Y,,4828000000.0,
PGNY,2021-12-31,4341000000.0,EULERPOOL_OFFICIAL_MCAP_5Y,,4341000000.0,
PGNY,2022-03-31,4431000000.0,EULERPOOL_OFFICIAL_MCAP_5Y,,4431000000.0,
PGNY,2022-06-30,2504000000.0,EULERPOOL_OFFICIAL_MCAP_5Y,,2504000000.0,
PGNY,2022-09-30,3195000000.0,EULERPOOL_OFFICIAL_MCAP_5Y,,3195000000.0,
PGNY,2022-12-30,2685000000.0,EULERPOOL_OFFICIAL_MCAP_5Y,,2685000000.0,
PFE,2020-03-31,173553533965.844,EULERPOOL_VENDOR_MCAP_HISTORY,173553533965.844,,
PFE,2020-06-30,174058387571.158,EULERPOOL_VENDOR_MCAP_HISTORY,174058387571.158,,
PFE,2020-09-30,195836535958.254,EULERPOOL_VENDOR_MCAP_HISTORY,195836535958.254,,
PFE,2020-12-31,208418220000.0,EULERPOOL_VENDOR_MCAP_HISTORY,208418220000.0,,
PFE,2021-03-31,205134260000.0,EULERPOOL_VENDOR_MCAP_HISTORY,205134260000.0,,
PFE,2021-06-30,222350480000.0,EULERPOOL_VENDOR_MCAP_HISTORY,222350480000.0,,
PFE,2021-09-30,246232250000.0,EULERPOOL_VENDOR_MCAP_HISTORY,246232250000.0,245716000000.0,0.002096597825833131
PFE,2021-12-31,340600400000.0,EULERPOOL_VENDOR_MCAP_HISTORY,340600400000.0,337353000000.0,0.009534339947927248
PFE,2022-03-31,298091660000.0,EULERPOOL_VENDOR_MCAP_HISTORY,298091660000.0,295762000000.0,0.007815247162567379
PFE,2022-06-30,299480160000.0,EULERPOOL_VENDOR_MCAP_HISTORY,299480160000.0,299533000000.0,0.00017640794169590662
PFE,2022-09-30,250219680000.0,EULERPOOL_VENDOR_MCAP_HISTORY,250219680000.0,250001000000.0,0.0008739520408626532
PFE,2022-12-30,292990320000.0,EULERPOOL_VENDOR_MCAP_HISTORY,292990320000.0,292734000000.0,0.0008748411892925336
PENN,2020-03-31,,UNRESOLVED,,,
PENN,2020-06-30,,UNRESOLVED,,,
PENN,2020-09-30,,UNRESOLVED,,,
PENN,2020-12-31,,UNRESOLVED,,,
PENN,2021-03-31,,UNRESOLVED,,,
PENN,2021-06-30,,UNRESOLVED,,,
PENN,2021-09-30,10478000000.0,EULERPOOL_OFFICIAL_MCAP_5Y,,10478000000.0,
PENN,2021-12-31,7498000000.0,EULERPOOL_OFFICIAL_MCAP_5Y,,7498000000.0,
PENN,2022-03-31,6134000000.0,EULERPOOL_OFFICIAL_MCAP_5Y,,6134000000.0,
PENN,2022-06-30,4399000000.0,EULERPOOL_OFFICIAL_MCAP_5Y,,4399000000.0,
PENN,2022-09-30,3978000000.0,EULERPOOL_OFFICIAL_MCAP_5Y,,3978000000.0,
PENN,2022-12-30,4295000000.0,EULERPOOL_OFFICIAL_MCAP_5Y,,4295000000.0,
PLCE,2020-03-31,,UNRESOLVED,,,
PLCE,2020-06-30,,UNRESOLVED,,,
PLCE,2020-09-30,,UNRESOLVED,,,
PLCE,2020-12-31,,UNRESOLVED,,,
PLCE,2021-03-31,,UNRESOLVED,,,
PLCE,2021-06-30,,UNRESOLVED,,,
PLCE,2021-09-30,1669000000.0,EULERPOOL_OFFICIAL_MCAP_5Y,,1669000000.0,
PLCE,2021-12-31,1758000000.0,EULERPOOL_OFFICIAL_MCAP_5Y,,1758000000.0,
PLCE,2022-03-31,1093000000.0,EULERPOOL_OFFICIAL_MCAP_5Y,,1093000000.0,
PLCE,2022-06-30,863000000.0,EULERPOOL_OFFICIAL_MCAP_5Y,,863000000.0,
PLCE,2022-09-30,685000000.0,EULERPOOL_OFFICIAL_MCAP_5Y,,685000000.0,
PLCE,2022-12-30,807000000.0,EULERPOOL_OFFICIAL_MCAP_5Y,,807000000.0,
PK,2020-03-31,,UNRESOLVED,,,
PK,2020-06-30,,UNRESOLVED,,,
PK,2020-09-30,,UNRESOLVED,,,
PK,2020-12-31,,UNRESOLVED,,,
PK,2021-03-31,,UNRESOLVED,,,
PK,2021-06-30,,UNRESOLVED,,,
PK,2021-09-30,4000000000.0,EULERPOOL_OFFICIAL_MCAP_5Y,,4000000000.0,
PK,2021-12-31,3946000000.0,EULERPOOL_OFFICIAL_MCAP_5Y,,3946000000.0,
PK,2022-03-31,4082000000.0,EULERPOOL_OFFICIAL_MCAP_5Y,,4082000000.0,
PK,2022-06-30,2836000000.0,EULERPOOL_OFFICIAL_MCAP_5Y,,2836000000.0,
PK,2022-09-30,2353000000.0,EULERPOOL_OFFICIAL_MCAP_5Y,,2353000000.0,
PK,2022-12-30,2464000000.0,EULERPOOL_OFFICIAL_MCAP_5Y,,2464000000.0,
PH,2020-03-31,16832013445.0,EULERPOOL_VENDOR_MCAP_HISTORY,16832013445.0,,
PH,2020-06-30,23823817110.0,EULERPOOL_VENDOR_MCAP_HISTORY,23823817110.0,,
PH,2020-09-30,26363728428.0,EULERPOOL_VENDOR_MCAP_HISTORY,26363728428.0,,
PH,2020-12-31,35706331437.0,EULERPOOL_VENDOR_MCAP_HISTORY,35706331437.0,,
PH,2021-03-31,41440530997.0,EULERPOOL_VENDOR_MCAP_HISTORY,41440530997.0,,
PH,2021-06-30,40401610362.0,EULERPOOL_VENDOR_MCAP_HISTORY,40401610362.0,,
PH,2021-09-30,36582125360.0,EULERPOOL_VENDOR_MCAP_HISTORY,36582125360.0,36407000000.0,0.004787183857597496
PH,2021-12-31,41540650404.0,EULERPOOL_VENDOR_MCAP_HISTORY,41540650404.0,41419000000.0,0.0029284665217539814
PH,2022-03-31,36986299936.0,EULERPOOL_VENDOR_MCAP_HISTORY,36986299936.0,36946000000.0,0.0010895909044628367
PH,2022-06-30,32028992835.0,EULERPOOL_VENDOR_MCAP_HISTORY,32028992835.0,32036000000.0,0.000218727837432888
PH,2022-09-30,31486342944.0,EULERPOOL_VENDOR_MCAP_HISTORY,31486342944.0,31549000000.0,0.0019860235189704902
PH,2022-12-30,37813238400.0,EULERPOOL_VENDOR_MCAP_HISTORY,37813238400.0,37888000000.0,0.0019732263513513515
POOL,2020-03-31,,UNRESOLVED,,,
POOL,2020-06-30,,UNRESOLVED,,,
POOL,2020-09-30,,UNRESOLVED,,,
POOL,2020-12-31,,UNRESOLVED,,,
POOL,2021-03-31,,UNRESOLVED,,,
POOL,2021-06-30,,UNRESOLVED,,,
POOL,2021-09-30,16198000000.0,EULERPOOL_OFFICIAL_MCAP_5Y,,16198000000.0,
POOL,2021-12-31,21105000000.0,EULERPOOL_OFFICIAL_MCAP_5Y,,21105000000.0,
POOL,2022-03-31,15767000000.0,EULERPOOL_OFFICIAL_MCAP_5Y,,15767000000.0,
POOL,2022-06-30,13097000000.0,EULERPOOL_OFFICIAL_MCAP_5Y,,13097000000.0,
POOL,2022-09-30,11865000000.0,EULERPOOL_OFFICIAL_MCAP_5Y,,11865000000.0,
POOL,2022-12-30,11273000000.0,EULERPOOL_OFFICIAL_MCAP_5Y,,11273000000.0,
PODD,2020-03-31,,UNRESOLVED,,,
PODD,2020-06-30,,UNRESOLVED,,,
PODD,2020-09-30,,UNRESOLVED,,,
PODD,2020-12-31,,UNRESOLVED,,,
PODD,2021-03-31,,UNRESOLVED,,,
PODD,2021-06-30,,UNRESOLVED,,,
PODD,2021-09-30,20432000000.0,EULERPOOL_OFFICIAL_MCAP_5Y,,20432000000.0,
PODD,2021-12-31,19127000000.0,EULERPOOL_OFFICIAL_MCAP_5Y,,19127000000.0,
PODD,2022-03-31,19150000000.0,EULERPOOL_OFFICIAL_MCAP_5Y,,19150000000.0,
PODD,2022-06-30,15667000000.0,EULERPOOL_OFFICIAL_MCAP_5Y,,15667000000.0,
PODD,2022-09-30,16491000000.0,EULERPOOL_OFFICIAL_MCAP_5Y,,16491000000.0,
PODD,2022-12-30,21163000000.0,EULERPOOL_OFFICIAL_MCAP_5Y,,21163000000.0,
PM,2020-03-31,113671680000.0,EULERPOOL_VENDOR_MCAP_HISTORY,113671680000.0,,
PM,2020-06-30,109153480000.0,EULERPOOL_VENDOR_MCAP_HISTORY,109153480000.0,,
PM,2020-09-30,116834420000.0,EULERPOOL_VENDOR_MCAP_HISTORY,116834420000.0,,
PM,2020-12-31,128986820000.0,EULERPOOL_VENDOR_MCAP_HISTORY,128986820000.0,,
PM,2021-03-31,138434400000.0,EULERPOOL_VENDOR_MCAP_HISTORY,138434400000.0,,
PM,2021-06-30,154611600000.0,EULERPOOL_VENDOR_MCAP_HISTORY,154611600000.0,,
PM,2021-09-30,147872400000.0,EULERPOOL_VENDOR_MCAP_HISTORY,147872400000.0,147683000000.0,0.001280834016354641
PM,2021-12-31,147915000000.0,EULERPOOL_VENDOR_MCAP_HISTORY,147915000000.0,148010000000.0,0.0006418485237483953
PM,2022-03-31,145794880000.0,EULERPOOL_VENDOR_MCAP_HISTORY,145794880000.0,146359000000.0,0.00385435811941869
PM,2022-06-30,153244480000.0,EULERPOOL_VENDOR_MCAP_HISTORY,153244480000.0,153837000000.0,0.0038516091707456596
PM,2022-09-30,128831520000.0,EULERPOOL_VENDOR_MCAP_HISTORY,128831520000.0,129330000000.0,0.003854326142426351
PM,2022-12-30,157077920000.0,EULERPOOL_VENDOR_MCAP_HISTORY,157077920000.0,157685000000.0,0.003849954022259568
PLUG,2020-03-31,,UNRESOLVED,,,
PLUG,2020-06-30,,UNRESOLVED,,,
PLUG,2020-09-30,,UNRESOLVED,,,
PLUG,2020-12-31,,UNRESOLVED,,,
PLUG,2021-03-31,,UNRESOLVED,,,
PLUG,2021-06-30,,UNRESOLVED,,,
PLUG,2021-09-30,35542000000.0,EULERPOOL_OFFICIAL_MCAP_5Y,,35542000000.0,
PLUG,2021-12-31,39286000000.0,EULERPOOL_OFFICIAL_MCAP_5Y,,39286000000.0,
PLUG,2022-03-31,39815000000.0,EULERPOOL_OFFICIAL_MCAP_5Y,,39815000000.0,
PLUG,2022-06-30,23059000000.0,EULERPOOL_OFFICIAL_MCAP_5Y,,23059000000.0,
PLUG,2022-09-30,29238000000.0,EULERPOOL_OFFICIAL_MCAP_5Y,,29238000000.0,
PLUG,2022-12-30,17215000000.0,EULERPOOL_OFFICIAL_MCAP_5Y,,17215000000.0,
PNW,2020-03-31,,UNRESOLVED,,,
PNW,2020-06-30,,UNRESOLVED,,,
PNW,2020-09-30,,UNRESOLVED,,,
PNW,2020-12-31,,UNRESOLVED,,,
PNW,2021-03-31,,UNRESOLVED,,,
PNW,2021-06-30,,UNRESOLVED,,,
PNW,2021-09-30,8411000000.0,EULERPOOL_OFFICIAL_MCAP_5Y,,8411000000.0,
PNW,2021-12-31,8205000000.0,EULERPOOL_OFFICIAL_MCAP_5Y,,8205000000.0,
PNW,2022-03-31,9078000000.0,EULERPOOL_OFFICIAL_MCAP_5Y,,9078000000.0,
PNW,2022-06-30,8499000000.0,EULERPOOL_OFFICIAL_MCAP_5Y,,8499000000.0,
PNW,2022-09-30,7498000000.0,EULERPOOL_OFFICIAL_MCAP_5Y,,7498000000.0,
PNW,2022-12-30,8838000000.0,EULERPOOL_OFFICIAL_MCAP_5Y,,8838000000.0,
PPG,2020-03-31,19871720000.0,EULERPOOL_VENDOR_MCAP_HISTORY,19871720000.0,,
PPG,2020-06-30,25199856000.0,EULERPOOL_VENDOR_MCAP_HISTORY,25199856000.0,,
PPG,2020-09-30,29042832000.0,EULERPOOL_VENDOR_MCAP_HISTORY,29042832000.0,,
PPG,2020-12-31,34410892000.0,EULERPOOL_VENDOR_MCAP_HISTORY,34410892000.0,,
PPG,2021-03-31,35912140000.0,EULERPOOL_VENDOR_MCAP_HISTORY,35912140000.0,,
PPG,2021-06-30,40710846000.0,EULERPOOL_VENDOR_MCAP_HISTORY,40710846000.0,,
PPG,2021-09-30,34293798000.0,EULERPOOL_VENDOR_MCAP_HISTORY,34293798000.0,32478000000.0,0.052948291116661966
PPG,2021-12-31,41247648000.0,EULERPOOL_VENDOR_MCAP_HISTORY,41247648000.0,39161000000.0,0.0505882905129524
PPG,2022-03-31,31220874000.0,EULERPOOL_VENDOR_MCAP_HISTORY,31220874000.0,29766000000.0,0.046599400132103924
PPG,2022-06-30,27167184000.0,EULERPOOL_VENDOR_MCAP_HISTORY,27167184000.0,25967000000.0,0.04417771087353036
PPG,2022-09-30,26189254000.0,EULERPOOL_VENDOR_MCAP_HISTORY,26189254000.0,25138000000.0,0.04014066227315982
PPG,2022-12-30,29750084000.0,EULERPOOL_VENDOR_MCAP_HISTORY,29750084000.0,28556000000.0,0.04013716398246136
PRG,2020-03-31,,UNRESOLVED,,,
PRG,2020-06-30,,UNRESOLVED,,,
PRG,2020-09-30,,UNRESOLVED,,,
PRG,2020-12-31,,UNRESOLVED,,,
PRG,2021-03-31,,UNRESOLVED,,,
PRG,2021-06-30,,UNRESOLVED,,,
PRG,2021-09-30,1717000000.0,EULERPOOL_OFFICIAL_MCAP_5Y,,1717000000.0,
PRG,2021-12-31,1843000000.0,EULERPOOL_OFFICIAL_MCAP_5Y,,1843000000.0,
PRG,2022-03-31,1176000000.0,EULERPOOL_OFFICIAL_MCAP_5Y,,1176000000.0,
PRG,2022-06-30,674000000.0,EULERPOOL_OFFICIAL_MCAP_5Y,,674000000.0,
PRG,2022-09-30,612000000.0,EULERPOOL_OFFICIAL_MCAP_5Y,,612000000.0,
PRG,2022-12-30,690000000.0,EULERPOOL_OFFICIAL_MCAP_5Y,,690000000.0,
PRKS,2020-03-31,,UNRESOLVED,,,
PRKS,2020-06-30,,UNRESOLVED,,,
PRKS,2020-09-30,,UNRESOLVED,,,
PRKS,2020-12-31,,UNRESOLVED,,,
PRKS,2021-03-31,,UNRESOLVED,,,
PRKS,2021-06-30,,UNRESOLVED,,,
PRKS,2021-09-30,3018000000.0,EULERPOOL_OFFICIAL_MCAP_5Y,,3018000000.0,
PRKS,2021-12-31,3538000000.0,EULERPOOL_OFFICIAL_MCAP_5Y,,3538000000.0,
PRKS,2022-03-31,4061000000.0,EULERPOOL_OFFICIAL_MCAP_5Y,,4061000000.0,
PRKS,2022-06-30,2410000000.0,EULERPOOL_OFFICIAL_MCAP_5Y,,2410000000.0,
PRKS,2022-09-30,2483000000.0,EULERPOOL_OFFICIAL_MCAP_5Y,,2483000000.0,
PRKS,2022-12-30,2919000000.0,EULERPOOL_OFFICIAL_MCAP_5Y,,2919000000.0,
PRLD,2020-03-31,,UNRESOLVED,,,
PRLD,2020-06-30,,UNRESOLVED,,,
PRLD,2020-09-30,,UNRESOLVED,,,
PRLD,2020-12-31,,UNRESOLVED,,,
PRLD,2021-03-31,,UNRESOLVED,,,
PRLD,2021-06-30,,UNRESOLVED,,,
PRLD,2021-09-30,1965000000.0,EULERPOOL_OFFICIAL_MCAP_5Y,,1965000000.0,
PRLD,2021-12-31,783000000.0,EULERPOOL_OFFICIAL_MCAP_5Y,,783000000.0,
PRLD,2022-03-31,434000000.0,EULERPOOL_OFFICIAL_MCAP_5Y,,434000000.0,
PRLD,2022-06-30,328000000.0,EULERPOOL_OFFICIAL_MCAP_5Y,,328000000.0,
PRLD,2022-09-30,416000000.0,EULERPOOL_OFFICIAL_MCAP_5Y,,416000000.0,
PRLD,2022-12-30,380000000.0,EULERPOOL_OFFICIAL_MCAP_5Y,,380000000.0,
PSMT,2020-03-31,,UNRESOLVED,,,
PSMT,2020-06-30,,UNRESOLVED,,,
PSMT,2020-09-30,,UNRESOLVED,,,
PSMT,2020-12-31,,UNRESOLVED,,,
PSMT,2021-03-31,,UNRESOLVED,,,
PSMT,2021-06-30,,UNRESOLVED,,,
PSMT,2021-09-30,2331000000.0,EULERPOOL_OFFICIAL_MCAP_5Y,,2331000000.0,
PSMT,2021-12-31,2200000000.0,EULERPOOL_OFFICIAL_MCAP_5Y,,2200000000.0,
PSMT,2022-03-31,2371000000.0,EULERPOOL_OFFICIAL_MCAP_5Y,,2371000000.0,
PSMT,2022-06-30,2153000000.0,EULERPOOL_OFFICIAL_MCAP_5Y,,2153000000.0,
PSMT,2022-09-30,1731000000.0,EULERPOOL_OFFICIAL_MCAP_5Y,,1731000000.0,
PSMT,2022-12-30,1827000000.0,EULERPOOL_OFFICIAL_MCAP_5Y,,1827000000.0,
PRAH,2020-03-31,,UNRESOLVED,,,
PRAH,2020-06-30,,UNRESOLVED,,,
PRAH,2020-09-30,,UNRESOLVED,,,
PRAH,2020-12-31,,UNRESOLVED,,,
PRAH,2021-03-31,,UNRESOLVED,,,
PRAH,2021-06-30,,UNRESOLVED,,,
PRAH,2021-09-30,,UNRESOLVED,,,
PRAH,2021-12-31,,UNRESOLVED,,,
PRAH,2022-03-31,,UNRESOLVED,,,
PRAH,2022-06-30,,UNRESOLVED,,,
PRAH,2022-09-30,,UNRESOLVED,,,
PRAH,2022-12-30,,UNRESOLVED,,,
RCUS,2020-03-31,,UNRESOLVED,,,
RCUS,2020-06-30,,UNRESOLVED,,,
RCUS,2020-09-30,,UNRESOLVED,,,
RCUS,2020-12-31,,UNRESOLVED,,,
RCUS,2021-03-31,,UNRESOLVED,,,
RCUS,2021-06-30,,UNRESOLVED,,,
RCUS,2021-09-30,4284000000.0,EULERPOOL_OFFICIAL_MCAP_5Y,,4284000000.0,
RCUS,2021-12-31,4972000000.0,EULERPOOL_OFFICIAL_MCAP_5Y,,4972000000.0,
RCUS,2022-03-31,3877000000.0,EULERPOOL_OFFICIAL_MCAP_5Y,,3877000000.0,
RCUS,2022-06-30,3113000000.0,EULERPOOL_OFFICIAL_MCAP_5Y,,3113000000.0,
RCUS,2022-09-30,3214000000.0,EULERPOOL_OFFICIAL_MCAP_5Y,,3214000000.0,
RCUS,2022-12-30,2541000000.0,EULERPOOL_OFFICIAL_MCAP_5Y,,2541000000.0,
PTC,2020-03-31,7101400570.0,EULERPOOL_VENDOR_MCAP_HISTORY,7101400570.0,,
PTC,2020-06-30,9041453910.0,EULERPOOL_VENDOR_MCAP_HISTORY,9041453910.0,,
PTC,2020-09-30,9617606240.0,EULERPOOL_VENDOR_MCAP_HISTORY,9617606240.0,,
PTC,2020-12-31,14066734050.0,EULERPOOL_VENDOR_MCAP_HISTORY,14066734050.0,,
PTC,2021-03-31,16288262150.0,EULERPOOL_VENDOR_MCAP_HISTORY,16288262150.0,,
PTC,2021-06-30,16754989860.0,EULERPOOL_VENDOR_MCAP_HISTORY,16754989860.0,,
PTC,2021-09-30,14245546590.0,EULERPOOL_VENDOR_MCAP_HISTORY,14245546590.0,14468000000.0,0.015375546723804258
PTC,2021-12-31,14368147700.0,EULERPOOL_VENDOR_MCAP_HISTORY,14368147700.0,14632000000.0,0.01803255194095134
PTC,2022-03-31,12690600920.0,EULERPOOL_VENDOR_MCAP_HISTORY,12690600920.0,13010000000.0,0.024550275172943888
PTC,2022-06-30,12544717120.0,EULERPOOL_VENDOR_MCAP_HISTORY,12544717120.0,12843000000.0,0.02322532741571284
PTC,2022-09-30,12409116400.0,EULERPOOL_VENDOR_MCAP_HISTORY,12409116400.0,12633000000.0,0.017722124594316473
PTC,2022-12-30,14240825360.0,EULERPOOL_VENDOR_MCAP_HISTORY,14240825360.0,14498000000.0,0.01773862877638295
RDW,2020-03-31,,UNRESOLVED,,,
RDW,2020-06-30,,UNRESOLVED,,,
RDW,2020-09-30,,UNRESOLVED,,,
RDW,2020-12-31,,UNRESOLVED,,,
RDW,2021-03-31,,UNRESOLVED,,,
RDW,2021-06-30,,UNRESOLVED,,,
RDW,2021-09-30,1151000000.0,EULERPOOL_OFFICIAL_MCAP_5Y,,1151000000.0,
RDW,2021-12-31,807000000.0,EULERPOOL_OFFICIAL_MCAP_5Y,,807000000.0,
RDW,2022-03-31,1014000000.0,EULERPOOL_OFFICIAL_MCAP_5Y,,1014000000.0,
RDW,2022-06-30,363000000.0,EULERPOOL_OFFICIAL_MCAP_5Y,,363000000.0,
RDW,2022-09-30,285000000.0,EULERPOOL_OFFICIAL_MCAP_5Y,,285000000.0,
RDW,2022-12-30,237000000.0,EULERPOOL_OFFICIAL_MCAP_5Y,,237000000.0,
RES,2020-03-31,,UNRESOLVED,,,
RES,2020-06-30,,UNRESOLVED,,,
RES,2020-09-30,,UNRESOLVED,,,
RES,2020-12-31,,UNRESOLVED,,,
RES,2021-03-31,,UNRESOLVED,,,
RES,2021-06-30,,UNRESOLVED,,,
RES,2021-09-30,1031000000.0,EULERPOOL_OFFICIAL_MCAP_5Y,,1031000000.0,
RES,2021-12-31,963000000.0,EULERPOOL_OFFICIAL_MCAP_5Y,,963000000.0,
RES,2022-03-31,2264000000.0,EULERPOOL_OFFICIAL_MCAP_5Y,,2264000000.0,
RES,2022-06-30,1466000000.0,EULERPOOL_OFFICIAL_MCAP_5Y,,1466000000.0,
RES,2022-09-30,1470000000.0,EULERPOOL_OFFICIAL_MCAP_5Y,,1470000000.0,
RES,2022-12-30,1886000000.0,EULERPOOL_OFFICIAL_MCAP_5Y,,1886000000.0,
PSX,2020-03-31,23659650000.0,EULERPOOL_VENDOR_MCAP_HISTORY,23659650000.0,,
PSX,2020-06-30,31564100000.0,EULERPOOL_VENDOR_MCAP_HISTORY,31564100000.0,,
PSX,2020-09-30,22757760000.0,EULERPOOL_VENDOR_MCAP_HISTORY,22757760000.0,,
PSX,2020-12-31,30773600000.0,EULERPOOL_VENDOR_MCAP_HISTORY,30773600000.0,,
PSX,2021-03-31,35877600000.0,EULERPOOL_VENDOR_MCAP_HISTORY,35877600000.0,,
PSX,2021-06-30,37760800000.0,EULERPOOL_VENDOR_MCAP_HISTORY,37760800000.0,,
PSX,2021-09-30,30813200000.0,EULERPOOL_VENDOR_MCAP_HISTORY,30813200000.0,29545000000.0,0.041157685667181594
PSX,2021-12-31,31882400000.0,EULERPOOL_VENDOR_MCAP_HISTORY,31882400000.0,30570000000.0,0.04116377688003413
PSX,2022-03-31,38875500000.0,EULERPOOL_VENDOR_MCAP_HISTORY,38875500000.0,36447000000.0,0.062468649920901335
PSX,2022-06-30,39765150000.0,EULERPOOL_VENDOR_MCAP_HISTORY,39765150000.0,34591000000.0,0.13011770356706814
PSX,2022-09-30,38987760000.0,EULERPOOL_VENDOR_MCAP_HISTORY,38987760000.0,34055000000.0,0.126520733686675
PSX,2022-12-30,50270640000.0,EULERPOOL_VENDOR_MCAP_HISTORY,50270640000.0,43910000000.0,0.12652792962253911
PWR,2020-03-31,4657551510.0,EULERPOOL_VENDOR_MCAP_HISTORY,4657551510.0,,
PWR,2020-06-30,5630328830.0,EULERPOOL_VENDOR_MCAP_HISTORY,5630328830.0,,
PWR,2020-09-30,7631028180.0,EULERPOOL_VENDOR_MCAP_HISTORY,7631028180.0,,
PWR,2020-12-31,10444340400.0,EULERPOOL_VENDOR_MCAP_HISTORY,10444340400.0,,
PWR,2021-03-31,12708447060.0,EULERPOOL_VENDOR_MCAP_HISTORY,12708447060.0,,
PWR,2021-06-30,13097055990.0,EULERPOOL_VENDOR_MCAP_HISTORY,13097055990.0,,
PWR,2021-09-30,16424681280.0,EULERPOOL_VENDOR_MCAP_HISTORY,16424681280.0,17079000000.0,0.038311301598454243
PWR,2021-12-31,16949729160.0,EULERPOOL_VENDOR_MCAP_HISTORY,16949729160.0,17205000000.0,0.014837014821272886
PWR,2022-03-31,19489072020.0,EULERPOOL_VENDOR_MCAP_HISTORY,19489072020.0,19749000000.0,0.013161576788698162
PWR,2022-06-30,18576766740.0,EULERPOOL_VENDOR_MCAP_HISTORY,18576766740.0,18808000000.0,0.012294409825606124
PWR,2022-09-30,18812700420.0,EULERPOOL_VENDOR_MCAP_HISTORY,18812700420.0,19116000000.0,0.015866268047708725
PWR,2022-12-30,21044115000.0,EULERPOOL_VENDOR_MCAP_HISTORY,21044115000.0,21383000000.0,0.01584833746434083
ROCK,2020-03-31,,UNRESOLVED,,,
ROCK,2020-06-30,,UNRESOLVED,,,
ROCK,2020-09-30,,UNRESOLVED,,,
ROCK,2020-12-31,,UNRESOLVED,,,
ROCK,2021-03-31,,UNRESOLVED,,,
ROCK,2021-06-30,,UNRESOLVED,,,
ROCK,2021-09-30,2057000000.0,EULERPOOL_OFFICIAL_MCAP_5Y,,2057000000.0,
ROCK,2021-12-31,1970000000.0,EULERPOOL_OFFICIAL_MCAP_5Y,,1970000000.0,
ROCK,2022-03-31,1269000000.0,EULERPOOL_OFFICIAL_MCAP_5Y,,1269000000.0,
ROCK,2022-06-30,1145000000.0,EULERPOOL_OFFICIAL_MCAP_5Y,,1145000000.0,
ROCK,2022-09-30,1209000000.0,EULERPOOL_OFFICIAL_MCAP_5Y,,1209000000.0,
ROCK,2022-12-30,1355000000.0,EULERPOOL_OFFICIAL_MCAP_5Y,,1355000000.0,
RKLB,2020-03-31,,UNRESOLVED,,,
RKLB,2020-06-30,,UNRESOLVED,,,
RKLB,2020-09-30,,UNRESOLVED,,,
RKLB,2020-12-31,768360000.0,EULERPOOL_VENDOR_MCAP_HISTORY,768360000.0,,
RKLB,2021-03-31,935360000.0,EULERPOOL_VENDOR_MCAP_HISTORY,935360000.0,,
RKLB,2021-06-30,860310000.0,EULERPOOL_VENDOR_MCAP_HISTORY,860310000.0,,
RKLB,2021-09-30,3677640000.0,EULERPOOL_VENDOR_MCAP_HISTORY,3677640000.0,8616000000.0,0.5731615598885794
RKLB,2021-12-31,2578800000.0,EULERPOOL_VENDOR_MCAP_HISTORY,2578800000.0,6559000000.0,0.6068303094983991
RKLB,2022-03-31,3670800000.0,EULERPOOL_VENDOR_MCAP_HISTORY,3670800000.0,4300000000.0,0.14632558139534885
RKLB,2022-06-30,1762350000.0,EULERPOOL_VENDOR_MCAP_HISTORY,1762350000.0,2024000000.0,0.12927371541501975
RKLB,2022-09-30,1912900000.0,EULERPOOL_VENDOR_MCAP_HISTORY,1912900000.0,2174000000.0,0.12010119595216191
RKLB,2022-12-30,1771900000.0,EULERPOOL_VENDOR_MCAP_HISTORY,1771900000.0,2014000000.0,0.1202085402184707
RRC,2020-03-31,,UNRESOLVED,,,
RRC,2020-06-30,,UNRESOLVED,,,
RRC,2020-09-30,,UNRESOLVED,,,
RRC,2020-12-31,,UNRESOLVED,,,
RRC,2021-03-31,,UNRESOLVED,,,
RRC,2021-06-30,,UNRESOLVED,,,
RRC,2021-09-30,5493000000.0,EULERPOOL_OFFICIAL_MCAP_5Y,,5493000000.0,
RRC,2021-12-31,4328000000.0,EULERPOOL_OFFICIAL_MCAP_5Y,,4328000000.0,
RRC,2022-03-31,7375000000.0,EULERPOOL_OFFICIAL_MCAP_5Y,,7375000000.0,
RRC,2022-06-30,6008000000.0,EULERPOOL_OFFICIAL_MCAP_5Y,,6008000000.0,
RRC,2022-09-30,6132000000.0,EULERPOOL_OFFICIAL_MCAP_5Y,,6132000000.0,
RRC,2022-12-30,6073000000.0,EULERPOOL_OFFICIAL_MCAP_5Y,,6073000000.0,
RMD,2020-03-31,21457207200.0,EULERPOOL_VENDOR_MCAP_HISTORY,21457207200.0,,
RMD,2020-06-30,28006272000.0,EULERPOOL_VENDOR_MCAP_HISTORY,28006272000.0,,
RMD,2020-09-30,25045923000.0,EULERPOOL_VENDOR_MCAP_HISTORY,25045923000.0,,
RMD,2020-12-31,31123247760.0,EULERPOOL_VENDOR_MCAP_HISTORY,31123247760.0,,
RMD,2021-03-31,28232432260.0,EULERPOOL_VENDOR_MCAP_HISTORY,28232432260.0,,
RMD,2021-06-30,36126026880.0,EULERPOOL_VENDOR_MCAP_HISTORY,36126026880.0,,
RMD,2021-09-30,38704953000.0,EULERPOOL_VENDOR_MCAP_HISTORY,38704953000.0,38831000000.0,0.003246040534624398
RMD,2021-12-31,38300979200.0,EULERPOOL_VENDOR_MCAP_HISTORY,38300979200.0,38379000000.0,0.0020329034107194038
RMD,2022-03-31,35639754620.0,EULERPOOL_VENDOR_MCAP_HISTORY,35639754620.0,35731000000.0,0.002553675519856707
RMD,2022-06-30,30815610000.0,EULERPOOL_VENDOR_MCAP_HISTORY,30815610000.0,30887000000.0,0.0023113283905850357
RMD,2022-09-30,32098832000.0,EULERPOOL_VENDOR_MCAP_HISTORY,32098832000.0,32164000000.0,0.002026116154707126
RMD,2022-12-30,30603435200.0,EULERPOOL_VENDOR_MCAP_HISTORY,30603435200.0,30666000000.0,0.002040200873932042
SABR,2020-03-31,,UNRESOLVED,,,
SABR,2020-06-30,,UNRESOLVED,,,
SABR,2020-09-30,,UNRESOLVED,,,
SABR,2020-12-31,,UNRESOLVED,,,
SABR,2021-03-31,,UNRESOLVED,,,
SABR,2021-06-30,,UNRESOLVED,,,
SABR,2021-09-30,4543000000.0,EULERPOOL_OFFICIAL_MCAP_5Y,,4543000000.0,
SABR,2021-12-31,3296000000.0,EULERPOOL_OFFICIAL_MCAP_5Y,,3296000000.0,
SABR,2022-03-31,4386000000.0,EULERPOOL_OFFICIAL_MCAP_5Y,,4386000000.0,
SABR,2022-06-30,2237000000.0,EULERPOOL_OFFICIAL_MCAP_5Y,,2237000000.0,
SABR,2022-09-30,1976000000.0,EULERPOOL_OFFICIAL_MCAP_5Y,,1976000000.0,
SABR,2022-12-30,2371000000.0,EULERPOOL_OFFICIAL_MCAP_5Y,,2371000000.0,
ROK,2020-03-31,17596106000.0,EULERPOOL_VENDOR_MCAP_HISTORY,17596106000.0,,
ROK,2020-06-30,24793200000.0,EULERPOOL_VENDOR_MCAP_HISTORY,24793200000.0,,
ROK,2020-09-30,25797492000.0,EULERPOOL_VENDOR_MCAP_HISTORY,25797492000.0,,
ROK,2020-12-31,29369851000.0,EULERPOOL_VENDOR_MCAP_HISTORY,29369851000.0,,
ROK,2021-03-31,31083024000.0,EULERPOOL_VENDOR_MCAP_HISTORY,31083024000.0,,
ROK,2021-06-30,33464340000.0,EULERPOOL_VENDOR_MCAP_HISTORY,33464340000.0,,
ROK,2021-09-30,34461488000.0,EULERPOOL_VENDOR_MCAP_HISTORY,34461488000.0,33256000000.0,0.034980729793211485
ROK,2021-12-31,40920105000.0,EULERPOOL_VENDOR_MCAP_HISTORY,40920105000.0,39455000000.0,0.035804038137243296
ROK,2022-03-31,32791513000.0,EULERPOOL_VENDOR_MCAP_HISTORY,32791513000.0,31671000000.0,0.03417082340787386
ROK,2022-06-30,23219615000.0,EULERPOOL_VENDOR_MCAP_HISTORY,23219615000.0,22542000000.0,0.029182869741810964
ROK,2022-09-30,24909738000.0,EULERPOOL_VENDOR_MCAP_HISTORY,24909738000.0,24329000000.0,0.023313693624557593
ROK,2022-12-30,29826606000.0,EULERPOOL_VENDOR_MCAP_HISTORY,29826606000.0,29131000000.0,0.02332166120409409
SANM,2020-03-31,,UNRESOLVED,,,
SANM,2020-06-30,,UNRESOLVED,,,
SANM,2020-09-30,,UNRESOLVED,,,
SANM,2020-12-31,,UNRESOLVED,,,
SANM,2021-03-31,,UNRESOLVED,,,
SANM,2021-06-30,,UNRESOLVED,,,
SANM,2021-09-30,2104000000.0,EULERPOOL_OFFICIAL_MCAP_5Y,,2104000000.0,
SANM,2021-12-31,2264000000.0,EULERPOOL_OFFICIAL_MCAP_5Y,,2264000000.0,
SANM,2022-03-31,2207000000.0,EULERPOOL_OFFICIAL_MCAP_5Y,,2207000000.0,
SANM,2022-06-30,2224000000.0,EULERPOOL_OFFICIAL_MCAP_5Y,,2224000000.0,
SANM,2022-09-30,2516000000.0,EULERPOOL_OFFICIAL_MCAP_5Y,,2516000000.0,
SANM,2022-12-30,3128000000.0,EULERPOOL_OFFICIAL_MCAP_5Y,,3128000000.0,
SBH,2020-03-31,,UNRESOLVED,,,
SBH,2020-06-30,,UNRESOLVED,,,
SBH,2020-09-30,,UNRESOLVED,,,
SBH,2020-12-31,,UNRESOLVED,,,
SBH,2021-03-31,,UNRESOLVED,,,
SBH,2021-06-30,,UNRESOLVED,,,
SBH,2021-09-30,1749000000.0,EULERPOOL_OFFICIAL_MCAP_5Y,,1749000000.0,
SBH,2021-12-31,1917000000.0,EULERPOOL_OFFICIAL_MCAP_5Y,,1917000000.0,
SBH,2022-03-31,1623000000.0,EULERPOOL_OFFICIAL_MCAP_5Y,,1623000000.0,
SBH,2022-06-30,1238000000.0,EULERPOOL_OFFICIAL_MCAP_5Y,,1238000000.0,
SBH,2022-09-30,1308000000.0,EULERPOOL_OFFICIAL_MCAP_5Y,,1308000000.0,
SBH,2022-12-30,1300000000.0,EULERPOOL_OFFICIAL_MCAP_5Y,,1300000000.0,
SGEN,2020-03-31,,UNRESOLVED,,,
SGEN,2020-06-30,,UNRESOLVED,,,
SGEN,2020-09-30,,UNRESOLVED,,,
SGEN,2020-12-31,,UNRESOLVED,,,
SGEN,2021-03-31,,UNRESOLVED,,,
SGEN,2021-06-30,,UNRESOLVED,,,
SGEN,2021-09-30,31362000000.0,EULERPOOL_OFFICIAL_MCAP_5Y,,31362000000.0,
SGEN,2021-12-31,28555000000.0,EULERPOOL_OFFICIAL_MCAP_5Y,,28555000000.0,
SGEN,2022-03-31,26606000000.0,EULERPOOL_OFFICIAL_MCAP_5Y,,26606000000.0,
SGEN,2022-06-30,32681000000.0,EULERPOOL_OFFICIAL_MCAP_5Y,,32681000000.0,
SGEN,2022-09-30,25273000000.0,EULERPOOL_OFFICIAL_MCAP_5Y,,25273000000.0,
SGEN,2022-12-30,23736000000.0,EULERPOOL_OFFICIAL_MCAP_5Y,,23736000000.0,
SCL,2020-03-31,,UNRESOLVED,,,
SCL,2020-06-30,,UNRESOLVED,,,
SCL,2020-09-30,,UNRESOLVED,,,
SCL,2020-12-31,,UNRESOLVED,,,
SCL,2021-03-31,,UNRESOLVED,,,
SCL,2021-06-30,,UNRESOLVED,,,
SCL,2021-09-30,2590000000.0,EULERPOOL_OFFICIAL_MCAP_5Y,,2590000000.0,
SCL,2021-12-31,2850000000.0,EULERPOOL_OFFICIAL_MCAP_5Y,,2850000000.0,
SCL,2022-03-31,2266000000.0,EULERPOOL_OFFICIAL_MCAP_5Y,,2266000000.0,
SCL,2022-06-30,2324000000.0,EULERPOOL_OFFICIAL_MCAP_5Y,,2324000000.0,
SCL,2022-09-30,2148000000.0,EULERPOOL_OFFICIAL_MCAP_5Y,,2148000000.0,
SCL,2022-12-30,2441000000.0,EULERPOOL_OFFICIAL_MCAP_5Y,,2441000000.0,
SCI,2020-03-31,,UNRESOLVED,,,
SCI,2020-06-30,,UNRESOLVED,,,
SCI,2020-09-30,,UNRESOLVED,,,
SCI,2020-12-31,,UNRESOLVED,,,
SCI,2021-03-31,,UNRESOLVED,,,
SCI,2021-06-30,,UNRESOLVED,,,
SCI,2021-09-30,8598000000.0,EULERPOOL_OFFICIAL_MCAP_5Y,,8598000000.0,
SCI,2021-12-31,10129000000.0,EULERPOOL_OFFICIAL_MCAP_5Y,,10129000000.0,
SCI,2022-03-31,9392000000.0,EULERPOOL_OFFICIAL_MCAP_5Y,,9392000000.0,
SCI,2022-06-30,9863000000.0,EULERPOOL_OFFICIAL_MCAP_5Y,,9863000000.0,
SCI,2022-09-30,8239000000.0,EULERPOOL_OFFICIAL_MCAP_5Y,,8239000000.0,
SCI,2022-12-30,9866000000.0,EULERPOOL_OFFICIAL_MCAP_5Y,,9866000000.0,
SGI,2020-03-31,390603487.5,EULERPOOL_VENDOR_MCAP_HISTORY,390603487.5,,
SGI,2020-06-30,642963187.5,EULERPOOL_VENDOR_MCAP_HISTORY,642963187.5,,
SGI,2020-09-30,797024137.5,EULERPOOL_VENDOR_MCAP_HISTORY,797024137.5,,
SGI,2020-12-31,965115000.0,EULERPOOL_VENDOR_MCAP_HISTORY,965115000.0,,
SGI,2021-03-31,1306837200.0,EULERPOOL_VENDOR_MCAP_HISTORY,1306837200.0,,
SGI,2021-06-30,1400846550.0,EULERPOOL_VENDOR_MCAP_HISTORY,1400846550.0,,
SGI,2021-09-30,1658925450.0,EULERPOOL_VENDOR_MCAP_HISTORY,1658925450.0,9742000000.0,0.829714078218025
SGI,2021-12-31,1681087350.0,EULERPOOL_VENDOR_MCAP_HISTORY,1681087350.0,9872000000.0,0.8297115731361426
SGI,2022-03-31,998000400.0,EULERPOOL_VENDOR_MCAP_HISTORY,998000400.0,5861000000.0,0.8297218222146392
SGI,2022-06-30,763870650.0,EULERPOOL_VENDOR_MCAP_HISTORY,763870650.0,4486000000.0,0.8297212104324565
SGI,2022-09-30,862884300.0,EULERPOOL_VENDOR_MCAP_HISTORY,862884300.0,5067000000.0,0.8297050917702783
SGI,2022-12-30,1227125850.0,EULERPOOL_VENDOR_MCAP_HISTORY,1227125850.0,7206000000.0,0.8297077643630308
SCCO,2020-03-31,21649287534.935,EULERPOOL_VENDOR_MCAP_HISTORY,21649287534.935,,
SCCO,2020-06-30,30574961096.718,EULERPOOL_VENDOR_MCAP_HISTORY,30574961096.718,,
SCCO,2020-09-30,34803332218.437,EULERPOOL_VENDOR_MCAP_HISTORY,34803332218.437,,
SCCO,2020-12-31,50063877558.83,EULERPOOL_VENDOR_MCAP_HISTORY,50063877558.83,,
SCCO,2021-03-31,52178063119.689,EULERPOOL_VENDOR_MCAP_HISTORY,52178063119.689,,
SCCO,2021-06-30,49448856976.939,EULERPOOL_VENDOR_MCAP_HISTORY,49448856976.939,,
SCCO,2021-09-30,43160170710.293,EULERPOOL_VENDOR_MCAP_HISTORY,43160170710.293,43802000000.0,0.014652967666019832
SCCO,2021-12-31,47442336159.785,EULERPOOL_VENDOR_MCAP_HISTORY,47442336159.785,48147000000.0,0.014635674916713323
SCCO,2022-03-31,58351551914.977,EULERPOOL_VENDOR_MCAP_HISTORY,58351551914.977,59219000000.0,0.014648138013526109
SCCO,2022-06-30,38293648206.622,EULERPOOL_VENDOR_MCAP_HISTORY,38293648206.622,38863000000.0,0.014650227552633567
SCCO,2022-09-30,34472729171.509,EULERPOOL_VENDOR_MCAP_HISTORY,34472729171.509,34985000000.0,0.014642584778933753
SCCO,2022-12-30,46427548395.257,EULERPOOL_VENDOR_MCAP_HISTORY,46427548395.257,47118000000.0,0.01465366961125252
SGRY,2020-03-31,,UNRESOLVED,,,
SGRY,2020-06-30,,UNRESOLVED,,,
SGRY,2020-09-30,,UNRESOLVED,,,
SGRY,2020-12-31,,UNRESOLVED,,,
SGRY,2021-03-31,,UNRESOLVED,,,
SGRY,2021-06-30,,UNRESOLVED,,,
SGRY,2021-09-30,5340000000.0,EULERPOOL_OFFICIAL_MCAP_5Y,,5340000000.0,
SGRY,2021-12-31,6736000000.0,EULERPOOL_OFFICIAL_MCAP_5Y,,6736000000.0,
SGRY,2022-03-31,6943000000.0,EULERPOOL_OFFICIAL_MCAP_5Y,,6943000000.0,
SGRY,2022-06-30,3647000000.0,EULERPOOL_OFFICIAL_MCAP_5Y,,3647000000.0,
SGRY,2022-09-30,2951000000.0,EULERPOOL_OFFICIAL_MCAP_5Y,,2951000000.0,
SGRY,2022-12-30,3514000000.0,EULERPOOL_OFFICIAL_MCAP_5Y,,3514000000.0,
SHOO,2020-03-31,,UNRESOLVED,,,
SHOO,2020-06-30,,UNRESOLVED,,,
SHOO,2020-09-30,,UNRESOLVED,,,
SHOO,2020-12-31,,UNRESOLVED,,,
SHOO,2021-03-31,,UNRESOLVED,,,
SHOO,2021-06-30,,UNRESOLVED,,,
SHOO,2021-09-30,2890000000.0,EULERPOOL_OFFICIAL_MCAP_5Y,,2890000000.0,
SHOO,2021-12-31,3344000000.0,EULERPOOL_OFFICIAL_MCAP_5Y,,3344000000.0,
SHOO,2022-03-31,2781000000.0,EULERPOOL_OFFICIAL_MCAP_5Y,,2781000000.0,
SHOO,2022-06-30,2318000000.0,EULERPOOL_OFFICIAL_MCAP_5Y,,2318000000.0,
SHOO,2022-09-30,1919000000.0,EULERPOOL_OFFICIAL_MCAP_5Y,,1919000000.0,
SHOO,2022-12-30,2300000000.0,EULERPOOL_OFFICIAL_MCAP_5Y,,2300000000.0,
SJM,2020-03-31,,UNRESOLVED,,,
SJM,2020-06-30,,UNRESOLVED,,,
SJM,2020-09-30,,UNRESOLVED,,,
SJM,2020-12-31,,UNRESOLVED,,,
SJM,2021-03-31,,UNRESOLVED,,,
SJM,2021-06-30,,UNRESOLVED,,,
SJM,2021-09-30,12771000000.0,EULERPOOL_OFFICIAL_MCAP_5Y,,12771000000.0,
SJM,2021-12-31,14451000000.0,EULERPOOL_OFFICIAL_MCAP_5Y,,14451000000.0,
SJM,2022-03-31,14408000000.0,EULERPOOL_OFFICIAL_MCAP_5Y,,14408000000.0,
SJM,2022-06-30,13620000000.0,EULERPOOL_OFFICIAL_MCAP_5Y,,13620000000.0,
SJM,2022-09-30,14620000000.0,EULERPOOL_OFFICIAL_MCAP_5Y,,14620000000.0,
SJM,2022-12-30,16860000000.0,EULERPOOL_OFFICIAL_MCAP_5Y,,16860000000.0,
SIRI,2020-03-31,,UNRESOLVED,,,
SIRI,2020-06-30,,UNRESOLVED,,,
SIRI,2020-09-30,,UNRESOLVED,,,
SIRI,2020-12-31,,UNRESOLVED,,,
SIRI,2021-03-31,,UNRESOLVED,,,
SIRI,2021-06-30,,UNRESOLVED,,,
SIRI,2021-09-30,20421000000.0,EULERPOOL_OFFICIAL_MCAP_5Y,,20421000000.0,
SIRI,2021-12-31,21258000000.0,EULERPOOL_OFFICIAL_MCAP_5Y,,21258000000.0,
SIRI,2022-03-31,22162000000.0,EULERPOOL_OFFICIAL_MCAP_5Y,,22162000000.0,
SIRI,2022-06-30,20521000000.0,EULERPOOL_OFFICIAL_MCAP_5Y,,20521000000.0,
SIRI,2022-09-30,19115000000.0,EULERPOOL_OFFICIAL_MCAP_5Y,,19115000000.0,
SIRI,2022-12-30,19551000000.0,EULERPOOL_OFFICIAL_MCAP_5Y,,19551000000.0,
SHW,2020-03-31,42735360000.0,EULERPOOL_VENDOR_MCAP_HISTORY,42735360000.0,,
SHW,2020-06-30,53162200000.0,EULERPOOL_VENDOR_MCAP_HISTORY,53162200000.0,,
SHW,2020-09-30,64100080000.0,EULERPOOL_VENDOR_MCAP_HISTORY,64100080000.0,,
SHW,2020-12-31,67611720000.0,EULERPOOL_VENDOR_MCAP_HISTORY,67611720000.0,,
SHW,2021-03-31,66666903333.333,EULERPOOL_VENDOR_MCAP_HISTORY,66666903333.333,,
SHW,2021-06-30,73016600000.0,EULERPOOL_VENDOR_MCAP_HISTORY,73016600000.0,,
SHW,2021-09-30,74687910000.0,EULERPOOL_VENDOR_MCAP_HISTORY,74687910000.0,70044000000.0,0.06217753315094773
SHW,2021-12-31,94026720000.0,EULERPOOL_VENDOR_MCAP_HISTORY,94026720000.0,88181000000.0,0.062170838246830264
SHW,2022-03-31,65650060000.0,EULERPOOL_VENDOR_MCAP_HISTORY,65650060000.0,62505000000.0,0.04790642994081041
SHW,2022-06-30,58664420000.0,EULERPOOL_VENDOR_MCAP_HISTORY,58664420000.0,56067000000.0,0.044275900111174715
SHW,2022-09-30,53439750000.0,EULERPOOL_VENDOR_MCAP_HISTORY,53439750000.0,51269000000.0,0.0406205118848797
SHW,2022-12-30,61943130000.0,EULERPOOL_VENDOR_MCAP_HISTORY,61943130000.0,59427000000.0,0.040620000958944115
SLGN,2020-03-31,,UNRESOLVED,,,
SLGN,2020-06-30,,UNRESOLVED,,,
SLGN,2020-09-30,,UNRESOLVED,,,
SLGN,2020-12-31,,UNRESOLVED,,,
SLGN,2021-03-31,,UNRESOLVED,,,
SLGN,2021-06-30,,UNRESOLVED,,,
SLGN,2021-09-30,4054000000.0,EULERPOOL_OFFICIAL_MCAP_5Y,,4054000000.0,
SLGN,2021-12-31,4527000000.0,EULERPOOL_OFFICIAL_MCAP_5Y,,4527000000.0,
SLGN,2022-03-31,4885000000.0,EULERPOOL_OFFICIAL_MCAP_5Y,,4885000000.0,
SLGN,2022-06-30,4369000000.0,EULERPOOL_OFFICIAL_MCAP_5Y,,4369000000.0,
SLGN,2022-09-30,4442000000.0,EULERPOOL_OFFICIAL_MCAP_5Y,,4442000000.0,
SLGN,2022-12-30,5478000000.0,EULERPOOL_OFFICIAL_MCAP_5Y,,5478000000.0,
SLAB,2020-03-31,,UNRESOLVED,,,
SLAB,2020-06-30,,UNRESOLVED,,,
SLAB,2020-09-30,,UNRESOLVED,,,
SLAB,2020-12-31,,UNRESOLVED,,,
SLAB,2021-03-31,,UNRESOLVED,,,
SLAB,2021-06-30,,UNRESOLVED,,,
SLAB,2021-09-30,4621000000.0,EULERPOOL_OFFICIAL_MCAP_5Y,,4621000000.0,
SLAB,2021-12-31,6806000000.0,EULERPOOL_OFFICIAL_MCAP_5Y,,6806000000.0,
SLAB,2022-03-31,4952000000.0,EULERPOOL_OFFICIAL_MCAP_5Y,,4952000000.0,
SLAB,2022-06-30,4623000000.0,EULERPOOL_OFFICIAL_MCAP_5Y,,4623000000.0,
SLAB,2022-09-30,4070000000.0,EULERPOOL_OFFICIAL_MCAP_5Y,,4070000000.0,
SLAB,2022-12-30,4473000000.0,EULERPOOL_OFFICIAL_MCAP_5Y,,4473000000.0,
SMP,2020-03-31,,UNRESOLVED,,,
SMP,2020-06-30,,UNRESOLVED,,,
SMP,2020-09-30,,UNRESOLVED,,,
SMP,2020-12-31,,UNRESOLVED,,,
SMP,2021-03-31,,UNRESOLVED,,,
SMP,2021-06-30,,UNRESOLVED,,,
SMP,2021-09-30,972000000.0,EULERPOOL_OFFICIAL_MCAP_5Y,,972000000.0,
SMP,2021-12-31,1165000000.0,EULERPOOL_OFFICIAL_MCAP_5Y,,1165000000.0,
SMP,2022-03-31,959000000.0,EULERPOOL_OFFICIAL_MCAP_5Y,,959000000.0,
SMP,2022-06-30,1000000000.0,EULERPOOL_OFFICIAL_MCAP_5Y,,1000000000.0,
SMP,2022-09-30,723000000.0,EULERPOOL_OFFICIAL_MCAP_5Y,,723000000.0,
SMP,2022-12-30,774000000.0,EULERPOOL_OFFICIAL_MCAP_5Y,,774000000.0,
SNA,2020-03-31,5985100000.0,EULERPOOL_VENDOR_MCAP_HISTORY,5985100000.0,,
SNA,2020-06-30,7618050000.0,EULERPOOL_VENDOR_MCAP_HISTORY,7618050000.0,,
SNA,2020-09-30,8092150000.0,EULERPOOL_VENDOR_MCAP_HISTORY,8092150000.0,,
SNA,2020-12-31,9412700000.0,EULERPOOL_VENDOR_MCAP_HISTORY,9412700000.0,,
SNA,2021-03-31,12690700000.0,EULERPOOL_VENDOR_MCAP_HISTORY,12690700000.0,,
SNA,2021-06-30,12288650000.0,EULERPOOL_VENDOR_MCAP_HISTORY,12288650000.0,,
SNA,2021-09-30,11492250000.0,EULERPOOL_VENDOR_MCAP_HISTORY,11492250000.0,11074000000.0,0.03639409167047358
SNA,2021-12-31,11845900000.0,EULERPOOL_VENDOR_MCAP_HISTORY,11845900000.0,11415000000.0,0.03637545479870673
SNA,2022-03-31,11095920000.0,EULERPOOL_VENDOR_MCAP_HISTORY,11095920000.0,10890000000.0,0.018558172733761598
SNA,2022-06-30,10639620000.0,EULERPOOL_VENDOR_MCAP_HISTORY,10639620000.0,10443000000.0,0.018479983307674523
SNA,2022-09-30,10872900000.0,EULERPOOL_VENDOR_MCAP_HISTORY,10872900000.0,10672000000.0,0.018477131216142886
SNA,2022-12-30,12338460000.0,EULERPOOL_VENDOR_MCAP_HISTORY,12338460000.0,12110000000.0,0.018516087096768965
SOVO,2020-03-31,,UNRESOLVED,,,
SOVO,2020-06-30,,UNRESOLVED,,,
SOVO,2020-09-30,,UNRESOLVED,,,
SOVO,2020-12-31,,UNRESOLVED,,,
SOVO,2021-03-31,,UNRESOLVED,,,
SOVO,2021-06-30,,UNRESOLVED,,,
SOVO,2021-09-30,1439000000.0,EULERPOOL_OFFICIAL_MCAP_5Y,,1439000000.0,
SOVO,2021-12-31,1552000000.0,EULERPOOL_OFFICIAL_MCAP_5Y,,1552000000.0,
SOVO,2022-03-31,1463000000.0,EULERPOOL_OFFICIAL_MCAP_5Y,,1463000000.0,
SOVO,2022-06-30,1637000000.0,EULERPOOL_OFFICIAL_MCAP_5Y,,1637000000.0,
SOVO,2022-09-30,1469000000.0,EULERPOOL_OFFICIAL_MCAP_5Y,,1469000000.0,
SOVO,2022-12-30,1482000000.0,EULERPOOL_OFFICIAL_MCAP_5Y,,1482000000.0,
SLVM,2020-03-31,,UNRESOLVED,,,
SLVM,2020-06-30,,UNRESOLVED,,,
SLVM,2020-09-30,,UNRESOLVED,,,
SLVM,2020-12-31,,UNRESOLVED,,,
SLVM,2021-03-31,,UNRESOLVED,,,
SLVM,2021-06-30,,UNRESOLVED,,,
SLVM,2021-09-30,1289000000.0,EULERPOOL_OFFICIAL_MCAP_5Y,,1289000000.0,
SLVM,2021-12-31,1100000000.0,EULERPOOL_OFFICIAL_MCAP_5Y,,1100000000.0,
SLVM,2022-03-31,1313000000.0,EULERPOOL_OFFICIAL_MCAP_5Y,,1313000000.0,
SLVM,2022-06-30,1289000000.0,EULERPOOL_OFFICIAL_MCAP_5Y,,1289000000.0,
SLVM,2022-09-30,1337000000.0,EULERPOOL_OFFICIAL_MCAP_5Y,,1337000000.0,
SLVM,2022-12-30,1916000000.0,EULERPOOL_OFFICIAL_MCAP_5Y,,1916000000.0,
SONO,2020-03-31,,UNRESOLVED,,,
SONO,2020-06-30,,UNRESOLVED,,,
SONO,2020-09-30,,UNRESOLVED,,,
SONO,2020-12-31,,UNRESOLVED,,,
SONO,2021-03-31,,UNRESOLVED,,,
SONO,2021-06-30,,UNRESOLVED,,,
SONO,2021-09-30,3908000000.0,EULERPOOL_OFFICIAL_MCAP_5Y,,3908000000.0,
SONO,2021-12-31,3598000000.0,EULERPOOL_OFFICIAL_MCAP_5Y,,3598000000.0,
SONO,2022-03-31,3408000000.0,EULERPOOL_OFFICIAL_MCAP_5Y,,3408000000.0,
SONO,2022-06-30,2178000000.0,EULERPOOL_OFFICIAL_MCAP_5Y,,2178000000.0,
SONO,2022-09-30,1678000000.0,EULERPOOL_OFFICIAL_MCAP_5Y,,1678000000.0,
SONO,2022-12-30,2041000000.0,EULERPOOL_OFFICIAL_MCAP_5Y,,2041000000.0,
SO,2020-03-31,57767380000.0,EULERPOOL_VENDOR_MCAP_HISTORY,57767380000.0,,
SO,2020-06-30,55116550000.0,EULERPOOL_VENDOR_MCAP_HISTORY,55116550000.0,,
SO,2020-09-30,57690080000.0,EULERPOOL_VENDOR_MCAP_HISTORY,57690080000.0,,
SO,2020-12-31,65422950000.0,EULERPOOL_VENDOR_MCAP_HISTORY,65422950000.0,,
SO,2021-03-31,66262560000.0,EULERPOOL_VENDOR_MCAP_HISTORY,66262560000.0,,
SO,2021-06-30,64564170000.0,EULERPOOL_VENDOR_MCAP_HISTORY,64564170000.0,,
SO,2021-09-30,66183960000.0,EULERPOOL_VENDOR_MCAP_HISTORY,66183960000.0,68291000000.0,0.030853846041206015
SO,2021-12-31,73243440000.0,EULERPOOL_VENDOR_MCAP_HISTORY,73243440000.0,75575000000.0,0.030850942772080715
SO,2022-03-31,77513190000.0,EULERPOOL_VENDOR_MCAP_HISTORY,77513190000.0,79906000000.0,0.029945310740119642
SO,2022-06-30,76444320000.0,EULERPOOL_VENDOR_MCAP_HISTORY,76444320000.0,78584000000.0,0.027227934439580576
SO,2022-09-30,73984000000.0,EULERPOOL_VENDOR_MCAP_HISTORY,73984000000.0,74936000000.0,0.012704174228675136
SO,2022-12-30,77694080000.0,EULERPOOL_VENDOR_MCAP_HISTORY,77694080000.0,78694000000.0,0.012706432510737794
SPH,2020-03-31,,UNRESOLVED,,,
SPH,2020-06-30,,UNRESOLVED,,,
SPH,2020-09-30,,UNRESOLVED,,,
SPH,2020-12-31,,UNRESOLVED,,,
SPH,2021-03-31,,UNRESOLVED,,,
SPH,2021-06-30,,UNRESOLVED,,,
SPH,2021-09-30,1007000000.0,EULERPOOL_OFFICIAL_MCAP_5Y,,1007000000.0,
SPH,2021-12-31,961000000.0,EULERPOOL_OFFICIAL_MCAP_5Y,,961000000.0,
SPH,2022-03-31,1056000000.0,EULERPOOL_OFFICIAL_MCAP_5Y,,1056000000.0,
SPH,2022-06-30,1001000000.0,EULERPOOL_OFFICIAL_MCAP_5Y,,1001000000.0,
SPH,2022-09-30,987000000.0,EULERPOOL_OFFICIAL_MCAP_5Y,,987000000.0,
SPH,2022-12-30,996000000.0,EULERPOOL_OFFICIAL_MCAP_5Y,,996000000.0,
SSTK,2020-03-31,,UNRESOLVED,,,
SSTK,2020-06-30,,UNRESOLVED,,,
SSTK,2020-09-30,,UNRESOLVED,,,
SSTK,2020-12-31,,UNRESOLVED,,,
SSTK,2021-03-31,,UNRESOLVED,,,
SSTK,2021-06-30,,UNRESOLVED,,,
SSTK,2021-09-30,4110000000.0,EULERPOOL_OFFICIAL_MCAP_5Y,,4110000000.0,
SSTK,2021-12-31,4021000000.0,EULERPOOL_OFFICIAL_MCAP_5Y,,4021000000.0,
SSTK,2022-03-31,3376000000.0,EULERPOOL_OFFICIAL_MCAP_5Y,,3376000000.0,
SSTK,2022-06-30,2079000000.0,EULERPOOL_OFFICIAL_MCAP_5Y,,2079000000.0,
SSTK,2022-09-30,1820000000.0,EULERPOOL_OFFICIAL_MCAP_5Y,,1820000000.0,
SSTK,2022-12-30,1912000000.0,EULERPOOL_OFFICIAL_MCAP_5Y,,1912000000.0,
SUN,2020-03-31,,UNRESOLVED,,,
SUN,2020-06-30,,UNRESOLVED,,,
SUN,2020-09-30,,UNRESOLVED,,,
SUN,2020-12-31,,UNRESOLVED,,,
SUN,2021-03-31,,UNRESOLVED,,,
SUN,2021-06-30,,UNRESOLVED,,,
SUN,2021-09-30,7021000000.0,EULERPOOL_OFFICIAL_MCAP_5Y,,7021000000.0,
SUN,2021-12-31,7681000000.0,EULERPOOL_OFFICIAL_MCAP_5Y,,7681000000.0,
SUN,2022-03-31,7683000000.0,EULERPOOL_OFFICIAL_MCAP_5Y,,7683000000.0,
SUN,2022-06-30,7008000000.0,EULERPOOL_OFFICIAL_MCAP_5Y,,7008000000.0,
SUN,2022-09-30,7331000000.0,EULERPOOL_OFFICIAL_MCAP_5Y,,7331000000.0,
SUN,2022-12-30,8108000000.0,EULERPOOL_OFFICIAL_MCAP_5Y,,8108000000.0,
SPXC,2020-03-31,,UNRESOLVED,,,
SPXC,2020-06-30,,UNRESOLVED,,,
SPXC,2020-09-30,,UNRESOLVED,,,
SPXC,2020-12-31,,UNRESOLVED,,,
SPXC,2021-03-31,,UNRESOLVED,,,
SPXC,2021-06-30,,UNRESOLVED,,,
SPXC,2021-09-30,2664000000.0,EULERPOOL_OFFICIAL_MCAP_5Y,,2664000000.0,
SPXC,2021-12-31,2974000000.0,EULERPOOL_OFFICIAL_MCAP_5Y,,2974000000.0,
SPXC,2022-03-31,2463000000.0,EULERPOOL_OFFICIAL_MCAP_5Y,,2463000000.0,
SPXC,2022-06-30,2634000000.0,EULERPOOL_OFFICIAL_MCAP_5Y,,2634000000.0,
SPXC,2022-09-30,2752000000.0,EULERPOOL_OFFICIAL_MCAP_5Y,,2752000000.0,
SPXC,2022-12-30,3272000000.0,EULERPOOL_OFFICIAL_MCAP_5Y,,3272000000.0,
SWBI,2020-03-31,,UNRESOLVED,,,
SWBI,2020-06-30,,UNRESOLVED,,,
SWBI,2020-09-30,,UNRESOLVED,,,
SWBI,2020-12-31,,UNRESOLVED,,,
SWBI,2021-03-31,,UNRESOLVED,,,
SWBI,2021-06-30,,UNRESOLVED,,,
SWBI,2021-09-30,933000000.0,EULERPOOL_OFFICIAL_MCAP_5Y,,933000000.0,
SWBI,2021-12-31,800000000.0,EULERPOOL_OFFICIAL_MCAP_5Y,,800000000.0,
SWBI,2022-03-31,680000000.0,EULERPOOL_OFFICIAL_MCAP_5Y,,680000000.0,
SWBI,2022-06-30,590000000.0,EULERPOOL_OFFICIAL_MCAP_5Y,,590000000.0,
SWBI,2022-09-30,466000000.0,EULERPOOL_OFFICIAL_MCAP_5Y,,466000000.0,
SWBI,2022-12-30,390000000.0,EULERPOOL_OFFICIAL_MCAP_5Y,,390000000.0,
SWKS,2020-03-31,,UNRESOLVED,,,
SWKS,2020-06-30,,UNRESOLVED,,,
SWKS,2020-09-30,,UNRESOLVED,,,
SWKS,2020-12-31,,UNRESOLVED,,,
SWKS,2021-03-31,,UNRESOLVED,,,
SWKS,2021-06-30,,UNRESOLVED,,,
SWKS,2021-09-30,24778000000.0,EULERPOOL_OFFICIAL_MCAP_5Y,,24778000000.0,
SWKS,2021-12-31,23328000000.0,EULERPOOL_OFFICIAL_MCAP_5Y,,23328000000.0,
SWKS,2022-03-31,20041000000.0,EULERPOOL_OFFICIAL_MCAP_5Y,,20041000000.0,
SWKS,2022-06-30,13930000000.0,EULERPOOL_OFFICIAL_MCAP_5Y,,13930000000.0,
SWKS,2022-09-30,12822000000.0,EULERPOOL_OFFICIAL_MCAP_5Y,,12822000000.0,
SWKS,2022-12-30,13703000000.0,EULERPOOL_OFFICIAL_MCAP_5Y,,13703000000.0,
STLD,2020-03-31,4824100960.0,EULERPOOL_VENDOR_MCAP_HISTORY,4824100960.0,,
STLD,2020-06-30,5514852020.0,EULERPOOL_VENDOR_MCAP_HISTORY,5514852020.0,,
STLD,2020-09-30,6067441380.0,EULERPOOL_VENDOR_MCAP_HISTORY,6067441380.0,,
STLD,2020-12-31,7818357240.0,EULERPOOL_VENDOR_MCAP_HISTORY,7818357240.0,,
STLD,2021-03-31,10774013040.0,EULERPOOL_VENDOR_MCAP_HISTORY,10774013040.0,,
STLD,2021-06-30,12590261600.0,EULERPOOL_VENDOR_MCAP_HISTORY,12590261600.0,,
STLD,2021-09-30,11939686160.0,EULERPOOL_VENDOR_MCAP_HISTORY,11939686160.0,8679000000.0,0.27309647140674925
STLD,2021-12-31,12339143580.0,EULERPOOL_VENDOR_MCAP_HISTORY,12339143580.0,9211000000.0,0.25351383260263516
STLD,2022-03-31,16122096630.0,EULERPOOL_VENDOR_MCAP_HISTORY,16122096630.0,12381000000.0,0.2320477736771883
STLD,2022-06-30,12419001000.0,EULERPOOL_VENDOR_MCAP_HISTORY,12419001000.0,9817000000.0,0.2095177381820003
STLD,2022-09-30,12885442350.0,EULERPOOL_VENDOR_MCAP_HISTORY,12885442350.0,10529000000.0,0.1828763255457815
STLD,2022-12-30,17743590100.0,EULERPOOL_VENDOR_MCAP_HISTORY,17743590100.0,14499000000.0,0.1828598430032488
SXT,2020-03-31,,UNRESOLVED,,,
SXT,2020-06-30,,UNRESOLVED,,,
SXT,2020-09-30,,UNRESOLVED,,,
SXT,2020-12-31,,UNRESOLVED,,,
SXT,2021-03-31,,UNRESOLVED,,,
SXT,2021-06-30,,UNRESOLVED,,,
SXT,2021-09-30,3861000000.0,EULERPOOL_OFFICIAL_MCAP_5Y,,3861000000.0,
SXT,2021-12-31,4242000000.0,EULERPOOL_OFFICIAL_MCAP_5Y,,4242000000.0,
SXT,2022-03-31,3559000000.0,EULERPOOL_OFFICIAL_MCAP_5Y,,3559000000.0,
SXT,2022-06-30,3415000000.0,EULERPOOL_OFFICIAL_MCAP_5Y,,3415000000.0,
SXT,2022-09-30,2940000000.0,EULERPOOL_OFFICIAL_MCAP_5Y,,2940000000.0,
SXT,2022-12-30,3092000000.0,EULERPOOL_OFFICIAL_MCAP_5Y,,3092000000.0,
SWX,2020-03-31,,UNRESOLVED,,,
SWX,2020-06-30,,UNRESOLVED,,,
SWX,2020-09-30,,UNRESOLVED,,,
SWX,2020-12-31,,UNRESOLVED,,,
SWX,2021-03-31,,UNRESOLVED,,,
SWX,2021-06-30,,UNRESOLVED,,,
SWX,2021-09-30,4818000000.0,EULERPOOL_OFFICIAL_MCAP_5Y,,4818000000.0,
SWX,2021-12-31,5046000000.0,EULERPOOL_OFFICIAL_MCAP_5Y,,5046000000.0,
SWX,2022-03-31,5639000000.0,EULERPOOL_OFFICIAL_MCAP_5Y,,5639000000.0,
SWX,2022-06-30,6273000000.0,EULERPOOL_OFFICIAL_MCAP_5Y,,6273000000.0,
SWX,2022-09-30,5024000000.0,EULERPOOL_OFFICIAL_MCAP_5Y,,5024000000.0,
SWX,2022-12-30,4457000000.0,EULERPOOL_OFFICIAL_MCAP_5Y,,4457000000.0,
SWK,2020-03-31,,UNRESOLVED,,,
SWK,2020-06-30,,UNRESOLVED,,,
SWK,2020-09-30,,UNRESOLVED,,,
SWK,2020-12-31,,UNRESOLVED,,,
SWK,2021-03-31,,UNRESOLVED,,,
SWK,2021-06-30,,UNRESOLVED,,,
SWK,2021-09-30,26626000000.0,EULERPOOL_OFFICIAL_MCAP_5Y,,26626000000.0,
SWK,2021-12-31,28647000000.0,EULERPOOL_OFFICIAL_MCAP_5Y,,28647000000.0,
SWK,2022-03-31,21231000000.0,EULERPOOL_OFFICIAL_MCAP_5Y,,21231000000.0,
SWK,2022-06-30,15926000000.0,EULERPOOL_OFFICIAL_MCAP_5Y,,15926000000.0,
SWK,2022-09-30,11423000000.0,EULERPOOL_OFFICIAL_MCAP_5Y,,11423000000.0,
SWK,2022-12-30,11409000000.0,EULERPOOL_OFFICIAL_MCAP_5Y,,11409000000.0,
SYKE,2020-03-31,,UNRESOLVED,,,
SYKE,2020-06-30,,UNRESOLVED,,,
SYKE,2020-09-30,,UNRESOLVED,,,
SYKE,2020-12-31,,UNRESOLVED,,,
SYKE,2021-03-31,,UNRESOLVED,,,
SYKE,2021-06-30,,UNRESOLVED,,,
SYKE,2021-09-30,,UNRESOLVED,,,
SYKE,2021-12-31,,UNRESOLVED,,,
SYKE,2022-03-31,,UNRESOLVED,,,
SYKE,2022-06-30,,UNRESOLVED,,,
SYKE,2022-09-30,,UNRESOLVED,,,
SYKE,2022-12-30,,UNRESOLVED,,,
TALK,2020-03-31,,UNRESOLVED,,,
TALK,2020-06-30,,UNRESOLVED,,,
TALK,2020-09-30,,UNRESOLVED,,,
TALK,2020-12-31,,UNRESOLVED,,,
TALK,2021-03-31,,UNRESOLVED,,,
TALK,2021-06-30,,UNRESOLVED,,,
TALK,2021-09-30,634000000.0,EULERPOOL_OFFICIAL_MCAP_5Y,,634000000.0,
TALK,2021-12-31,342000000.0,EULERPOOL_OFFICIAL_MCAP_5Y,,342000000.0,
TALK,2022-03-31,302000000.0,EULERPOOL_OFFICIAL_MCAP_5Y,,302000000.0,
TALK,2022-06-30,295000000.0,EULERPOOL_OFFICIAL_MCAP_5Y,,295000000.0,
TALK,2022-09-30,179000000.0,EULERPOOL_OFFICIAL_MCAP_5Y,,179000000.0,
TALK,2022-12-30,106000000.0,EULERPOOL_OFFICIAL_MCAP_5Y,,106000000.0,
TDG,2020-03-31,18378906000.0,EULERPOOL_VENDOR_MCAP_HISTORY,18378906000.0,,
TDG,2020-06-30,25329465000.0,EULERPOOL_VENDOR_MCAP_HISTORY,25329465000.0,,
TDG,2020-09-30,27224376000.0,EULERPOOL_VENDOR_MCAP_HISTORY,27224376000.0,,
TDG,2020-12-31,33851095000.0,EULERPOOL_VENDOR_MCAP_HISTORY,33851095000.0,,
TDG,2021-03-31,34334528000.0,EULERPOOL_VENDOR_MCAP_HISTORY,34334528000.0,,
TDG,2021-06-30,37801736000.0,EULERPOOL_VENDOR_MCAP_HISTORY,37801736000.0,,
TDG,2021-09-30,36474888000.0,EULERPOOL_VENDOR_MCAP_HISTORY,36474888000.0,35269000000.0,0.03306077320922822
TDG,2021-12-31,37667776000.0,EULERPOOL_VENDOR_MCAP_HISTORY,37667776000.0,35931000000.0,0.04610773941100212
TDG,2022-03-31,38375706000.0,EULERPOOL_VENDOR_MCAP_HISTORY,38375706000.0,36792000000.0,0.04126845249439841
TDG,2022-06-30,31126860000.0,EULERPOOL_VENDOR_MCAP_HISTORY,31126860000.0,30306000000.0,0.026371436116588695
TDG,2022-09-30,29809776000.0,EULERPOOL_VENDOR_MCAP_HISTORY,29809776000.0,29637000000.0,0.00579595096588448
TDG,2022-12-30,35764120000.0,EULERPOOL_VENDOR_MCAP_HISTORY,35764120000.0,35556000000.0,0.0058192400651826464
TECH,2020-03-31,,UNRESOLVED,,,
TECH,2020-06-30,,UNRESOLVED,,,
TECH,2020-09-30,,UNRESOLVED,,,
TECH,2020-12-31,,UNRESOLVED,,,
TECH,2021-03-31,,UNRESOLVED,,,
TECH,2021-06-30,,UNRESOLVED,,,
TECH,2021-09-30,19349000000.0,EULERPOOL_OFFICIAL_MCAP_5Y,,19349000000.0,
TECH,2021-12-31,20657000000.0,EULERPOOL_OFFICIAL_MCAP_5Y,,20657000000.0,
TECH,2022-03-31,17291000000.0,EULERPOOL_OFFICIAL_MCAP_5Y,,17291000000.0,
TECH,2022-06-30,13841000000.0,EULERPOOL_OFFICIAL_MCAP_5Y,,13841000000.0,
TECH,2022-09-30,11340000000.0,EULERPOOL_OFFICIAL_MCAP_5Y,,11340000000.0,
TECH,2022-12-30,13237000000.0,EULERPOOL_OFFICIAL_MCAP_5Y,,13237000000.0,
TEAD,2020-03-31,,UNRESOLVED,,,
TEAD,2020-06-30,,UNRESOLVED,,,
TEAD,2020-09-30,,UNRESOLVED,,,
TEAD,2020-12-31,,UNRESOLVED,,,
TEAD,2021-03-31,,UNRESOLVED,,,
TEAD,2021-06-30,,UNRESOLVED,,,
TEAD,2021-09-30,1413000000.0,EULERPOOL_OFFICIAL_MCAP_5Y,,1413000000.0,
TEAD,2021-12-31,1337000000.0,EULERPOOL_OFFICIAL_MCAP_5Y,,1337000000.0,
TEAD,2022-03-31,1024000000.0,EULERPOOL_OFFICIAL_MCAP_5Y,,1024000000.0,
TEAD,2022-06-30,480000000.0,EULERPOOL_OFFICIAL_MCAP_5Y,,480000000.0,
TEAD,2022-09-30,348000000.0,EULERPOOL_OFFICIAL_MCAP_5Y,,348000000.0,
TEAD,2022-12-30,346000000.0,EULERPOOL_OFFICIAL_MCAP_5Y,,346000000.0,
TFX,2020-03-31,,UNRESOLVED,,,
TFX,2020-06-30,,UNRESOLVED,,,
TFX,2020-09-30,,UNRESOLVED,,,
TFX,2020-12-31,,UNRESOLVED,,,
TFX,2021-03-31,,UNRESOLVED,,,
TFX,2021-06-30,,UNRESOLVED,,,
TFX,2021-09-30,17733000000.0,EULERPOOL_OFFICIAL_MCAP_5Y,,17733000000.0,
TFX,2021-12-31,15469000000.0,EULERPOOL_OFFICIAL_MCAP_5Y,,15469000000.0,
TFX,2022-03-31,16710000000.0,EULERPOOL_OFFICIAL_MCAP_5Y,,16710000000.0,
TFX,2022-06-30,11578000000.0,EULERPOOL_OFFICIAL_MCAP_5Y,,11578000000.0,
TFX,2022-09-30,9488000000.0,EULERPOOL_OFFICIAL_MCAP_5Y,,9488000000.0,
TFX,2022-12-30,11756000000.0,EULERPOOL_OFFICIAL_MCAP_5Y,,11756000000.0,
TGNA,2020-03-31,,UNRESOLVED,,,
TGNA,2020-06-30,,UNRESOLVED,,,
TGNA,2020-09-30,,UNRESOLVED,,,
TGNA,2020-12-31,,UNRESOLVED,,,
TGNA,2021-03-31,,UNRESOLVED,,,
TGNA,2021-06-30,,UNRESOLVED,,,
TGNA,2021-09-30,3336000000.0,EULERPOOL_OFFICIAL_MCAP_5Y,,3336000000.0,
TGNA,2021-12-31,3140000000.0,EULERPOOL_OFFICIAL_MCAP_5Y,,3140000000.0,
TGNA,2022-03-31,3789000000.0,EULERPOOL_OFFICIAL_MCAP_5Y,,3789000000.0,
TGNA,2022-06-30,3547000000.0,EULERPOOL_OFFICIAL_MCAP_5Y,,3547000000.0,
TGNA,2022-09-30,3498000000.0,EULERPOOL_OFFICIAL_MCAP_5Y,,3498000000.0,
TGNA,2022-12-30,3585000000.0,EULERPOOL_OFFICIAL_MCAP_5Y,,3585000000.0,
TEVA,2020-03-31,9842080000.0,EULERPOOL_VENDOR_MCAP_HISTORY,9842080000.0,,
TEVA,2020-06-30,13563000000.0,EULERPOOL_VENDOR_MCAP_HISTORY,13563000000.0,,
TEVA,2020-09-30,9874960000.0,EULERPOOL_VENDOR_MCAP_HISTORY,9874960000.0,,
TEVA,2020-12-31,10682550000.0,EULERPOOL_VENDOR_MCAP_HISTORY,10682550000.0,,
TEVA,2021-03-31,12774780000.0,EULERPOOL_VENDOR_MCAP_HISTORY,12774780000.0,,
TEVA,2021-06-30,10979100000.0,EULERPOOL_VENDOR_MCAP_HISTORY,10979100000.0,,
TEVA,2021-09-30,10801660000.0,EULERPOOL_VENDOR_MCAP_HISTORY,10801660000.0,11342000000.0,0.04764062775524599
TEVA,2021-12-31,8835030000.0,EULERPOOL_VENDOR_MCAP_HISTORY,8835030000.0,9327000000.0,0.052746863943390156
TEVA,2022-03-31,10394730000.0,EULERPOOL_VENDOR_MCAP_HISTORY,10394730000.0,10934000000.0,0.04932046826413024
TEVA,2022-06-30,8347200000.0,EULERPOOL_VENDOR_MCAP_HISTORY,8347200000.0,8756000000.0,0.04668798538145272
TEVA,2022-09-30,9030330000.0,EULERPOOL_VENDOR_MCAP_HISTORY,9030330000.0,9397000000.0,0.039019899968074916
TEVA,2022-12-30,10620000000.0,EULERPOOL_OFFICIAL_MCAP_5Y,,10620000000.0,
THO,2020-03-31,,UNRESOLVED,,,
THO,2020-06-30,,UNRESOLVED,,,
THO,2020-09-30,,UNRESOLVED,,,
THO,2020-12-31,,UNRESOLVED,,,
THO,2021-03-31,,UNRESOLVED,,,
THO,2021-06-30,,UNRESOLVED,,,
THO,2021-09-30,6555000000.0,EULERPOOL_OFFICIAL_MCAP_5Y,,6555000000.0,
THO,2021-12-31,5541000000.0,EULERPOOL_OFFICIAL_MCAP_5Y,,5541000000.0,
THO,2022-03-31,4203000000.0,EULERPOOL_OFFICIAL_MCAP_5Y,,4203000000.0,
THO,2022-06-30,3991000000.0,EULERPOOL_OFFICIAL_MCAP_5Y,,3991000000.0,
THO,2022-09-30,3737000000.0,EULERPOOL_OFFICIAL_MCAP_5Y,,3737000000.0,
THO,2022-12-30,4031000000.0,EULERPOOL_OFFICIAL_MCAP_5Y,,4031000000.0,
THC,2020-03-31,1522555200.0,EULERPOOL_VENDOR_MCAP_HISTORY,1522555200.0,,
THC,2020-06-30,1912017580.0,EULERPOOL_VENDOR_MCAP_HISTORY,1912017580.0,,
THC,2020-09-30,2579996130.0,EULERPOOL_VENDOR_MCAP_HISTORY,2579996130.0,,
THC,2020-12-31,4281973410.0,EULERPOOL_VENDOR_MCAP_HISTORY,4281973410.0,,
THC,2021-03-31,5619380000.0,EULERPOOL_VENDOR_MCAP_HISTORY,5619380000.0,,
THC,2021-06-30,7273037310.0,EULERPOOL_VENDOR_MCAP_HISTORY,7273037310.0,,
THC,2021-09-30,7226080840.0,EULERPOOL_VENDOR_MCAP_HISTORY,7226080840.0,6035000000.0,0.16483082135018018
THC,2021-12-31,8895224100.0,EULERPOOL_VENDOR_MCAP_HISTORY,8895224100.0,7420000000.0,0.16584451200054645
THC,2022-03-31,9629239200.0,EULERPOOL_VENDOR_MCAP_HISTORY,9629239200.0,7808000000.0,0.18913635461459924
THC,2022-06-30,5715900000.0,EULERPOOL_VENDOR_MCAP_HISTORY,5715900000.0,4774000000.0,0.16478594796969856
THC,2022-09-30,5668023040.0,EULERPOOL_VENDOR_MCAP_HISTORY,5668023040.0,4685000000.0,0.17343314116097877
THC,2022-12-30,5361435520.0,EULERPOOL_VENDOR_MCAP_HISTORY,5361435520.0,4432000000.0,0.1733557209692974
SYY,2020-03-31,23392570851.0,EULERPOOL_VENDOR_MCAP_HISTORY,23392570851.0,,
SYY,2020-06-30,27783486690.0,EULERPOOL_VENDOR_MCAP_HISTORY,27783486690.0,,
SYY,2020-09-30,31778168136.0,EULERPOOL_VENDOR_MCAP_HISTORY,31778168136.0,,
SYY,2020-12-31,38076280328.0,EULERPOOL_VENDOR_MCAP_HISTORY,38076280328.0,,
SYY,2021-03-31,40518430774.0,EULERPOOL_VENDOR_MCAP_HISTORY,40518430774.0,,
SYY,2021-06-30,40121861200.0,EULERPOOL_VENDOR_MCAP_HISTORY,40121861200.0,,
SYY,2021-09-30,40488957650.0,EULERPOOL_VENDOR_MCAP_HISTORY,40488957650.0,38465000000.0,0.049987892192626004
SYY,2021-12-31,40419858395.0,EULERPOOL_VENDOR_MCAP_HISTORY,40419858395.0,38490000000.0,0.047745303215577975
SYY,2022-03-31,41824273525.0,EULERPOOL_VENDOR_MCAP_HISTORY,41824273525.0,40009000000.0,0.04340239224752918
SYY,2022-06-30,43492401170.0,EULERPOOL_VENDOR_MCAP_HISTORY,43492401170.0,41508000000.0,0.04562638798082254
SYY,2022-09-30,36089189001.0,EULERPOOL_VENDOR_MCAP_HISTORY,36089189001.0,34648000000.0,0.03993409220030037
SYY,2022-12-30,39018787995.0,EULERPOOL_VENDOR_MCAP_HISTORY,39018787995.0,37461000000.0,0.03992404877362209
TKR,2020-03-31,,UNRESOLVED,,,
TKR,2020-06-30,,UNRESOLVED,,,
TKR,2020-09-30,,UNRESOLVED,,,
TKR,2020-12-31,,UNRESOLVED,,,
TKR,2021-03-31,,UNRESOLVED,,,
TKR,2021-06-30,,UNRESOLVED,,,
TKR,2021-09-30,4595000000.0,EULERPOOL_OFFICIAL_MCAP_5Y,,4595000000.0,
TKR,2021-12-31,4866000000.0,EULERPOOL_OFFICIAL_MCAP_5Y,,4866000000.0,
TKR,2022-03-31,4263000000.0,EULERPOOL_OFFICIAL_MCAP_5Y,,4263000000.0,
TKR,2022-06-30,3726000000.0,EULERPOOL_OFFICIAL_MCAP_5Y,,3726000000.0,
TKR,2022-09-30,4146000000.0,EULERPOOL_OFFICIAL_MCAP_5Y,,4146000000.0,
TKR,2022-12-30,4963000000.0,EULERPOOL_OFFICIAL_MCAP_5Y,,4963000000.0,
THRY,2020-03-31,,UNRESOLVED,,,
THRY,2020-06-30,,UNRESOLVED,,,
THRY,2020-09-30,,UNRESOLVED,,,
THRY,2020-12-31,,UNRESOLVED,,,
THRY,2021-03-31,,UNRESOLVED,,,
THRY,2021-06-30,,UNRESOLVED,,,
THRY,2021-09-30,1116000000.0,EULERPOOL_OFFICIAL_MCAP_5Y,,1116000000.0,
THRY,2021-12-31,1528000000.0,EULERPOOL_OFFICIAL_MCAP_5Y,,1528000000.0,
THRY,2022-03-31,1044000000.0,EULERPOOL_OFFICIAL_MCAP_5Y,,1044000000.0,
THRY,2022-06-30,832000000.0,EULERPOOL_OFFICIAL_MCAP_5Y,,832000000.0,
THRY,2022-09-30,848000000.0,EULERPOOL_OFFICIAL_MCAP_5Y,,848000000.0,
THRY,2022-12-30,706000000.0,EULERPOOL_OFFICIAL_MCAP_5Y,,706000000.0,
TLS,2020-03-31,,UNRESOLVED,,,
TLS,2020-06-30,,UNRESOLVED,,,
TLS,2020-09-30,,UNRESOLVED,,,
TLS,2020-12-31,,UNRESOLVED,,,
TLS,2021-03-31,,UNRESOLVED,,,
TLS,2021-06-30,,UNRESOLVED,,,
TLS,2021-09-30,2096000000.0,EULERPOOL_OFFICIAL_MCAP_5Y,,2096000000.0,
TLS,2021-12-31,1137000000.0,EULERPOOL_OFFICIAL_MCAP_5Y,,1137000000.0,
TLS,2022-03-31,735000000.0,EULERPOOL_OFFICIAL_MCAP_5Y,,735000000.0,
TLS,2022-06-30,596000000.0,EULERPOOL_OFFICIAL_MCAP_5Y,,596000000.0,
TLS,2022-09-30,656000000.0,EULERPOOL_OFFICIAL_MCAP_5Y,,656000000.0,
TLS,2022-12-30,375000000.0,EULERPOOL_OFFICIAL_MCAP_5Y,,375000000.0,
TR,2020-03-31,,UNRESOLVED,,,
TR,2020-06-30,,UNRESOLVED,,,
TR,2020-09-30,,UNRESOLVED,,,
TR,2020-12-31,,UNRESOLVED,,,
TR,2021-03-31,,UNRESOLVED,,,
TR,2021-06-30,,UNRESOLVED,,,
TR,2021-09-30,2030000000.0,EULERPOOL_OFFICIAL_MCAP_5Y,,2030000000.0,
TR,2021-12-31,2417000000.0,EULERPOOL_OFFICIAL_MCAP_5Y,,2417000000.0,
TR,2022-03-31,2402000000.0,EULERPOOL_OFFICIAL_MCAP_5Y,,2402000000.0,
TR,2022-06-30,2429000000.0,EULERPOOL_OFFICIAL_MCAP_5Y,,2429000000.0,
TR,2022-09-30,2287000000.0,EULERPOOL_OFFICIAL_MCAP_5Y,,2287000000.0,
TR,2022-12-30,2925000000.0,EULERPOOL_OFFICIAL_MCAP_5Y,,2925000000.0,
TOL,2020-03-31,,UNRESOLVED,,,
TOL,2020-06-30,,UNRESOLVED,,,
TOL,2020-09-30,,UNRESOLVED,,,
TOL,2020-12-31,,UNRESOLVED,,,
TOL,2021-03-31,,UNRESOLVED,,,
TOL,2021-06-30,,UNRESOLVED,,,
TOL,2021-09-30,5517000000.0,EULERPOOL_OFFICIAL_MCAP_5Y,,5517000000.0,
TOL,2021-12-31,7223000000.0,EULERPOOL_OFFICIAL_MCAP_5Y,,7223000000.0,
TOL,2022-03-31,4692000000.0,EULERPOOL_OFFICIAL_MCAP_5Y,,4692000000.0,
TOL,2022-06-30,4450000000.0,EULERPOOL_OFFICIAL_MCAP_5Y,,4450000000.0,
TOL,2022-09-30,4191000000.0,EULERPOOL_OFFICIAL_MCAP_5Y,,4191000000.0,
TOL,2022-12-30,4981000000.0,EULERPOOL_OFFICIAL_MCAP_5Y,,4981000000.0,
TLRY,2020-03-31,,UNRESOLVED,,,
TLRY,2020-06-30,,UNRESOLVED,,,
TLRY,2020-09-30,,UNRESOLVED,,,
TLRY,2020-12-31,,UNRESOLVED,,,
TLRY,2021-03-31,,UNRESOLVED,,,
TLRY,2021-06-30,,UNRESOLVED,,,
TLRY,2021-09-30,10052000000.0,EULERPOOL_OFFICIAL_MCAP_5Y,,10052000000.0,
TLRY,2021-12-31,6259000000.0,EULERPOOL_OFFICIAL_MCAP_5Y,,6259000000.0,
TLRY,2022-03-31,6918000000.0,EULERPOOL_OFFICIAL_MCAP_5Y,,6918000000.0,
TLRY,2022-06-30,2778000000.0,EULERPOOL_OFFICIAL_MCAP_5Y,,2778000000.0,
TLRY,2022-09-30,2448000000.0,EULERPOOL_OFFICIAL_MCAP_5Y,,2448000000.0,
TLRY,2022-12-30,2395000000.0,EULERPOOL_OFFICIAL_MCAP_5Y,,2395000000.0,
TRIP,2020-03-31,,UNRESOLVED,,,
TRIP,2020-06-30,,UNRESOLVED,,,
TRIP,2020-09-30,,UNRESOLVED,,,
TRIP,2020-12-31,,UNRESOLVED,,,
TRIP,2021-03-31,,UNRESOLVED,,,
TRIP,2021-06-30,,UNRESOLVED,,,
TRIP,2021-09-30,3957000000.0,EULERPOOL_OFFICIAL_MCAP_5Y,,3957000000.0,
TRIP,2021-12-31,3187000000.0,EULERPOOL_OFFICIAL_MCAP_5Y,,3187000000.0,
TRIP,2022-03-31,3171000000.0,EULERPOOL_OFFICIAL_MCAP_5Y,,3171000000.0,
TRIP,2022-06-30,2081000000.0,EULERPOOL_OFFICIAL_MCAP_5Y,,2081000000.0,
TRIP,2022-09-30,2581000000.0,EULERPOOL_OFFICIAL_MCAP_5Y,,2581000000.0,
TRIP,2022-12-30,2102000000.0,EULERPOOL_OFFICIAL_MCAP_5Y,,2102000000.0,
U,2020-03-31,,UNRESOLVED,,,
U,2020-06-30,,UNRESOLVED,,,
U,2020-09-30,,UNRESOLVED,,,
U,2020-12-31,,UNRESOLVED,,,
U,2021-03-31,,UNRESOLVED,,,
U,2021-06-30,,UNRESOLVED,,,
U,2021-09-30,54665000000.0,EULERPOOL_OFFICIAL_MCAP_5Y,,54665000000.0,
U,2021-12-31,61913000000.0,EULERPOOL_OFFICIAL_MCAP_5Y,,61913000000.0,
U,2022-03-31,42957000000.0,EULERPOOL_OFFICIAL_MCAP_5Y,,42957000000.0,
U,2022-06-30,15943000000.0,EULERPOOL_OFFICIAL_MCAP_5Y,,15943000000.0,
U,2022-09-30,13795000000.0,EULERPOOL_OFFICIAL_MCAP_5Y,,13795000000.0,
U,2022-12-30,12379000000.0,EULERPOOL_OFFICIAL_MCAP_5Y,,12379000000.0,
TXN,2020-03-31,94233990000.0,EULERPOOL_VENDOR_MCAP_HISTORY,94233990000.0,,
TXN,2020-06-30,117701190000.0,EULERPOOL_VENDOR_MCAP_HISTORY,117701190000.0,,
TXN,2020-09-30,132651910000.0,EULERPOOL_VENDOR_MCAP_HISTORY,132651910000.0,,
TXN,2020-12-31,152969160000.0,EULERPOOL_VENDOR_MCAP_HISTORY,152969160000.0,,
TXN,2021-03-31,176705650000.0,EULERPOOL_VENDOR_MCAP_HISTORY,176705650000.0,,
TXN,2021-06-30,180185100000.0,EULERPOOL_VENDOR_MCAP_HISTORY,180185100000.0,,
TXN,2021-09-30,179908560000.0,EULERPOOL_VENDOR_MCAP_HISTORY,179908560000.0,175488000000.0,0.02457114881026228
TXN,2021-12-31,176407920000.0,EULERPOOL_VENDOR_MCAP_HISTORY,176407920000.0,172073000000.0,0.024573273127419675
TXN,2022-03-31,171370320000.0,EULERPOOL_VENDOR_MCAP_HISTORY,171370320000.0,167517000000.0,0.022485340518708256
TXN,2022-06-30,142894500000.0,EULERPOOL_VENDOR_MCAP_HISTORY,142894500000.0,140282000000.0,0.018282719068963466
TXN,2022-09-30,142861940000.0,EULERPOOL_VENDOR_MCAP_HISTORY,142861940000.0,141314000000.0,0.010835216153441567
TXN,2022-12-30,152498060000.0,EULERPOOL_VENDOR_MCAP_HISTORY,152498060000.0,150846000000.0,0.010833318141883248
TTWO,2020-03-31,13521540000.0,EULERPOOL_VENDOR_MCAP_HISTORY,13521540000.0,,
TTWO,2020-06-30,16050550000.0,EULERPOOL_VENDOR_MCAP_HISTORY,16050550000.0,,
TTWO,2020-09-30,19000300000.0,EULERPOOL_VENDOR_MCAP_HISTORY,19000300000.0,,
TTWO,2020-12-31,24103640000.0,EULERPOOL_VENDOR_MCAP_HISTORY,24103640000.0,,
TTWO,2021-03-31,20497200000.0,EULERPOOL_VENDOR_MCAP_HISTORY,20497200000.0,,
TTWO,2021-06-30,20711340000.0,EULERPOOL_VENDOR_MCAP_HISTORY,20711340000.0,,
TTWO,2021-09-30,18026190000.0,EULERPOOL_VENDOR_MCAP_HISTORY,18026190000.0,26978000000.0,0.3318188894654904
TTWO,2021-12-31,20793240000.0,EULERPOOL_VENDOR_MCAP_HISTORY,20793240000.0,31119000000.0,0.33181528969439894
TTWO,2022-03-31,17987580000.0,EULERPOOL_VENDOR_MCAP_HISTORY,17987580000.0,26920000000.0,0.33181352154531946
TTWO,2022-06-30,16786610000.0,EULERPOOL_VENDOR_MCAP_HISTORY,16786610000.0,21455000000.0,0.21758983919832206
TTWO,2022-09-30,18203000000.0,EULERPOOL_VENDOR_MCAP_HISTORY,18203000000.0,19086000000.0,0.04626427748087603
TTWO,2022-12-30,17389710000.0,EULERPOOL_VENDOR_MCAP_HISTORY,17389710000.0,18233000000.0,0.04625075412713212
TTEC,2020-03-31,,UNRESOLVED,,,
TTEC,2020-06-30,,UNRESOLVED,,,
TTEC,2020-09-30,,UNRESOLVED,,,
TTEC,2020-12-31,,UNRESOLVED,,,
TTEC,2021-03-31,,UNRESOLVED,,,
TTEC,2021-06-30,,UNRESOLVED,,,
TTEC,2021-09-30,4453000000.0,EULERPOOL_OFFICIAL_MCAP_5Y,,4453000000.0,
TTEC,2021-12-31,4311000000.0,EULERPOOL_OFFICIAL_MCAP_5Y,,4311000000.0,
TTEC,2022-03-31,3929000000.0,EULERPOOL_OFFICIAL_MCAP_5Y,,3929000000.0,
TTEC,2022-06-30,3233000000.0,EULERPOOL_OFFICIAL_MCAP_5Y,,3233000000.0,
TTEC,2022-09-30,2110000000.0,EULERPOOL_OFFICIAL_MCAP_5Y,,2110000000.0,
TTEC,2022-12-30,2101000000.0,EULERPOOL_OFFICIAL_MCAP_5Y,,2101000000.0,
TYL,2020-03-31,,UNRESOLVED,,,
TYL,2020-06-30,,UNRESOLVED,,,
TYL,2020-09-30,,UNRESOLVED,,,
TYL,2020-12-31,,UNRESOLVED,,,
TYL,2021-03-31,,UNRESOLVED,,,
TYL,2021-06-30,,UNRESOLVED,,,
TYL,2021-09-30,20094000000.0,EULERPOOL_OFFICIAL_MCAP_5Y,,20094000000.0,
TYL,2021-12-31,23569000000.0,EULERPOOL_OFFICIAL_MCAP_5Y,,23569000000.0,
TYL,2022-03-31,19492000000.0,EULERPOOL_OFFICIAL_MCAP_5Y,,19492000000.0,
TYL,2022-06-30,14567000000.0,EULERPOOL_OFFICIAL_MCAP_5Y,,14567000000.0,
TYL,2022-09-30,15225000000.0,EULERPOOL_OFFICIAL_MCAP_5Y,,15225000000.0,
TYL,2022-12-30,14125000000.0,EULERPOOL_OFFICIAL_MCAP_5Y,,14125000000.0,
UAL,2020-03-31,,UNRESOLVED,,,
UAL,2020-06-30,,UNRESOLVED,,,
UAL,2020-09-30,,UNRESOLVED,,,
UAL,2020-12-31,,UNRESOLVED,,,
UAL,2021-03-31,,UNRESOLVED,,,
UAL,2021-06-30,,UNRESOLVED,,,
UAL,2021-09-30,15627000000.0,EULERPOOL_OFFICIAL_MCAP_5Y,,15627000000.0,
UAL,2021-12-31,14382000000.0,EULERPOOL_OFFICIAL_MCAP_5Y,,14382000000.0,
UAL,2022-03-31,15229000000.0,EULERPOOL_OFFICIAL_MCAP_5Y,,15229000000.0,
UAL,2022-06-30,11635000000.0,EULERPOOL_OFFICIAL_MCAP_5Y,,11635000000.0,
UAL,2022-09-30,10686000000.0,EULERPOOL_OFFICIAL_MCAP_5Y,,10686000000.0,
UAL,2022-12-30,12384000000.0,EULERPOOL_OFFICIAL_MCAP_5Y,,12384000000.0,
UAN,2020-03-31,,UNRESOLVED,,,
UAN,2020-06-30,,UNRESOLVED,,,
UAN,2020-09-30,,UNRESOLVED,,,
UAN,2020-12-31,,UNRESOLVED,,,
UAN,2021-03-31,,UNRESOLVED,,,
UAN,2021-06-30,,UNRESOLVED,,,
UAN,2021-09-30,,UNRESOLVED,,,
UAN,2021-12-31,,UNRESOLVED,,,
UAN,2022-03-31,,UNRESOLVED,,,
UAN,2022-06-30,,UNRESOLVED,,,
UAN,2022-09-30,,UNRESOLVED,,,
UAN,2022-12-30,,UNRESOLVED,,,
UNF,2020-03-31,,UNRESOLVED,,,
UNF,2020-06-30,,UNRESOLVED,,,
UNF,2020-09-30,,UNRESOLVED,,,
UNF,2020-12-31,,UNRESOLVED,,,
UNF,2021-03-31,,UNRESOLVED,,,
UNF,2021-06-30,,UNRESOLVED,,,
UNF,2021-09-30,3842000000.0,EULERPOOL_OFFICIAL_MCAP_5Y,,3842000000.0,
UNF,2021-12-31,3802000000.0,EULERPOOL_OFFICIAL_MCAP_5Y,,3802000000.0,
UNF,2022-03-31,3330000000.0,EULERPOOL_OFFICIAL_MCAP_5Y,,3330000000.0,
UNF,2022-06-30,3111000000.0,EULERPOOL_OFFICIAL_MCAP_5Y,,3111000000.0,
UNF,2022-09-30,3040000000.0,EULERPOOL_OFFICIAL_MCAP_5Y,,3040000000.0,
UNF,2022-12-30,3487000000.0,EULERPOOL_OFFICIAL_MCAP_5Y,,3487000000.0,
UIS,2020-03-31,,UNRESOLVED,,,
UIS,2020-06-30,,UNRESOLVED,,,
UIS,2020-09-30,,UNRESOLVED,,,
UIS,2020-12-31,,UNRESOLVED,,,
UIS,2021-03-31,,UNRESOLVED,,,
UIS,2021-06-30,,UNRESOLVED,,,
UIS,2021-09-30,1740000000.0,EULERPOOL_OFFICIAL_MCAP_5Y,,1740000000.0,
UIS,2021-12-31,1423000000.0,EULERPOOL_OFFICIAL_MCAP_5Y,,1423000000.0,
UIS,2022-03-31,1495000000.0,EULERPOOL_OFFICIAL_MCAP_5Y,,1495000000.0,
UIS,2022-06-30,832000000.0,EULERPOOL_OFFICIAL_MCAP_5Y,,832000000.0,
UIS,2022-09-30,522000000.0,EULERPOOL_OFFICIAL_MCAP_5Y,,522000000.0,
UIS,2022-12-30,354000000.0,EULERPOOL_OFFICIAL_MCAP_5Y,,354000000.0,
UNFI,2020-03-31,,UNRESOLVED,,,
UNFI,2020-06-30,,UNRESOLVED,,,
UNFI,2020-09-30,,UNRESOLVED,,,
UNFI,2020-12-31,,UNRESOLVED,,,
UNFI,2021-03-31,,UNRESOLVED,,,
UNFI,2021-06-30,,UNRESOLVED,,,
UNFI,2021-09-30,2942000000.0,EULERPOOL_OFFICIAL_MCAP_5Y,,2942000000.0,
UNFI,2021-12-31,2982000000.0,EULERPOOL_OFFICIAL_MCAP_5Y,,2982000000.0,
UNFI,2022-03-31,2512000000.0,EULERPOOL_OFFICIAL_MCAP_5Y,,2512000000.0,
UNFI,2022-06-30,2394000000.0,EULERPOOL_OFFICIAL_MCAP_5Y,,2394000000.0,
UNFI,2022-09-30,2088000000.0,EULERPOOL_OFFICIAL_MCAP_5Y,,2088000000.0,
UNFI,2022-12-30,2352000000.0,EULERPOOL_OFFICIAL_MCAP_5Y,,2352000000.0,
ULTA,2020-03-31,10049161500.0,EULERPOOL_VENDOR_MCAP_HISTORY,10049161500.0,,
ULTA,2020-06-30,11476752980.0,EULERPOOL_VENDOR_MCAP_HISTORY,11476752980.0,,
ULTA,2020-09-30,12654198060.0,EULERPOOL_VENDOR_MCAP_HISTORY,12654198060.0,,
ULTA,2020-12-31,16237749360.0,EULERPOOL_VENDOR_MCAP_HISTORY,16237749360.0,,
ULTA,2021-03-31,17524373940.0,EULERPOOL_VENDOR_MCAP_HISTORY,17524373940.0,,
ULTA,2021-06-30,19422592440.0,EULERPOOL_VENDOR_MCAP_HISTORY,19422592440.0,,
ULTA,2021-09-30,19855652880.0,EULERPOOL_VENDOR_MCAP_HISTORY,19855652880.0,16238000000.0,0.18219762915194557
ULTA,2021-12-31,22538504400.0,EULERPOOL_VENDOR_MCAP_HISTORY,22538504400.0,18552000000.0,0.17687528547812606
ULTA,2022-03-31,21312336180.0,EULERPOOL_VENDOR_MCAP_HISTORY,21312336180.0,17916000000.0,0.15936010727848796
ULTA,2022-06-30,20269309360.0,EULERPOOL_VENDOR_MCAP_HISTORY,20269309360.0,17343000000.0,0.14437143900792485
ULTA,2022-09-30,20821761000.0,EULERPOOL_VENDOR_MCAP_HISTORY,20821761000.0,18050000000.0,0.1331184715836475
ULTA,2022-12-30,24118641260.0,EULERPOOL_VENDOR_MCAP_HISTORY,24118641260.0,21104000000.0,0.124992167987493
USAC,2020-03-31,,UNRESOLVED,,,
USAC,2020-06-30,,UNRESOLVED,,,
USAC,2020-09-30,,UNRESOLVED,,,
USAC,2020-12-31,,UNRESOLVED,,,
USAC,2021-03-31,,UNRESOLVED,,,
USAC,2021-06-30,,UNRESOLVED,,,
USAC,2021-09-30,,UNRESOLVED,,,
USAC,2021-12-31,,UNRESOLVED,,,
USAC,2022-03-31,,UNRESOLVED,,,
USAC,2022-06-30,,UNRESOLVED,,,
USAC,2022-09-30,,UNRESOLVED,,,
USAC,2022-12-30,,UNRESOLVED,,,
URI,2020-03-31,7645470000.0,EULERPOOL_VENDOR_MCAP_HISTORY,7645470000.0,,
URI,2020-06-30,10771866000.0,EULERPOOL_VENDOR_MCAP_HISTORY,10771866000.0,,
URI,2020-09-30,12633800000.0,EULERPOOL_VENDOR_MCAP_HISTORY,12633800000.0,,
URI,2020-12-31,16836666000.0,EULERPOOL_VENDOR_MCAP_HISTORY,16836666000.0,,
URI,2021-03-31,23932274940.0,EULERPOOL_VENDOR_MCAP_HISTORY,23932274940.0,,
URI,2021-06-30,23197450170.0,EULERPOOL_VENDOR_MCAP_HISTORY,23197450170.0,,
URI,2021-09-30,25516120300.0,EULERPOOL_VENDOR_MCAP_HISTORY,25516120300.0,22671000000.0,0.11150285649029489
URI,2021-12-31,24223941000.0,EULERPOOL_VENDOR_MCAP_HISTORY,24223941000.0,21467000000.0,0.1138105892843778
URI,2022-03-31,25818083640.0,EULERPOOL_VENDOR_MCAP_HISTORY,25818083640.0,22948000000.0,0.11116563413534591
URI,2022-06-30,17332600140.0,EULERPOOL_VENDOR_MCAP_HISTORY,17332600140.0,15693000000.0,0.09459631715706332
URI,2022-09-30,18922716360.0,EULERPOOL_VENDOR_MCAP_HISTORY,18922716360.0,17451000000.0,0.07777511071882917
URI,2022-12-30,24898237260.0,EULERPOOL_VENDOR_MCAP_HISTORY,24898237260.0,22962000000.0,0.07776603780343283
UNP,2020-03-31,96781648000.0,EULERPOOL_VENDOR_MCAP_HISTORY,96781648000.0,,
UNP,2020-06-30,,UNRESOLVED,,,
UNP,2020-09-30,133241616000.0,EULERPOOL_VENDOR_MCAP_HISTORY,133241616000.0,,
UNP,2020-12-31,140361102000.0,EULERPOOL_VENDOR_MCAP_HISTORY,140361102000.0,,
UNP,2021-03-31,147498372000.0,EULERPOOL_VENDOR_MCAP_HISTORY,147498372000.0,,
UNP,2021-06-30,145175793000.0,EULERPOOL_VENDOR_MCAP_HISTORY,145175793000.0,,
UNP,2021-09-30,127465303000.0,EULERPOOL_VENDOR_MCAP_HISTORY,127465303000.0,116802000000.0,0.08365651474582067
UNP,2021-12-31,161764253000.0,EULERPOOL_VENDOR_MCAP_HISTORY,161764253000.0,150125000000.0,0.0719519472574698
UNP,2022-03-31,173105856000.0,EULERPOOL_VENDOR_MCAP_HISTORY,173105856000.0,162806000000.0,0.0595003325595178
UNP,2022-06-30,133683904000.0,EULERPOOL_VENDOR_MCAP_HISTORY,133683904000.0,127094000000.0,0.04929467050872482
UNP,2022-09-30,121080630000.0,EULERPOOL_VENDOR_MCAP_HISTORY,121080630000.0,116093000000.0,0.041192633371663165
UNP,2022-12-30,128694005000.0,EULERPOOL_VENDOR_MCAP_HISTORY,128694005000.0,123393000000.0,0.041190768754146706
USCR,2020-03-31,,UNRESOLVED,,,
USCR,2020-06-30,,UNRESOLVED,,,
USCR,2020-09-30,,UNRESOLVED,,,
USCR,2020-12-31,,UNRESOLVED,,,
USCR,2021-03-31,,UNRESOLVED,,,
USCR,2021-06-30,,UNRESOLVED,,,
USCR,2021-09-30,,UNRESOLVED,,,
USCR,2021-12-31,,UNRESOLVED,,,
USCR,2022-03-31,,UNRESOLVED,,,
USCR,2022-06-30,,UNRESOLVED,,,
USCR,2022-09-30,,UNRESOLVED,,,
USCR,2022-12-30,,UNRESOLVED,,,
VAL,2020-03-31,,UNRESOLVED,,,
VAL,2020-06-30,,UNRESOLVED,,,
VAL,2020-09-30,,UNRESOLVED,,,
VAL,2020-12-31,,UNRESOLVED,,,
VAL,2021-03-31,,UNRESOLVED,,,
VAL,2021-06-30,,UNRESOLVED,,,
VAL,2021-09-30,2473000000.0,EULERPOOL_OFFICIAL_MCAP_5Y,,2473000000.0,
VAL,2021-12-31,2552000000.0,EULERPOOL_OFFICIAL_MCAP_5Y,,2552000000.0,
VAL,2022-03-31,3685000000.0,EULERPOOL_OFFICIAL_MCAP_5Y,,3685000000.0,
VAL,2022-06-30,2995000000.0,EULERPOOL_OFFICIAL_MCAP_5Y,,2995000000.0,
VAL,2022-09-30,3470000000.0,EULERPOOL_OFFICIAL_MCAP_5Y,,3470000000.0,
VAL,2022-12-30,4794000000.0,EULERPOOL_OFFICIAL_MCAP_5Y,,4794000000.0,
VICR,2020-03-31,,UNRESOLVED,,,
VICR,2020-06-30,,UNRESOLVED,,,
VICR,2020-09-30,,UNRESOLVED,,,
VICR,2020-12-31,,UNRESOLVED,,,
VICR,2021-03-31,,UNRESOLVED,,,
VICR,2021-06-30,,UNRESOLVED,,,
VICR,2021-09-30,6098000000.0,EULERPOOL_OFFICIAL_MCAP_5Y,,6098000000.0,
VICR,2021-12-31,5771000000.0,EULERPOOL_OFFICIAL_MCAP_5Y,,5771000000.0,
VICR,2022-03-31,3206000000.0,EULERPOOL_OFFICIAL_MCAP_5Y,,3206000000.0,
VICR,2022-06-30,2487000000.0,EULERPOOL_OFFICIAL_MCAP_5Y,,2487000000.0,
VICR,2022-09-30,2688000000.0,EULERPOOL_OFFICIAL_MCAP_5Y,,2688000000.0,
VICR,2022-12-30,2443000000.0,EULERPOOL_OFFICIAL_MCAP_5Y,,2443000000.0,
VFF,2020-03-31,,UNRESOLVED,,,
VFF,2020-06-30,,UNRESOLVED,,,
VFF,2020-09-30,,UNRESOLVED,,,
VFF,2020-12-31,,UNRESOLVED,,,
VFF,2021-03-31,,UNRESOLVED,,,
VFF,2021-06-30,,UNRESOLVED,,,
VFF,2021-09-30,989000000.0,EULERPOOL_OFFICIAL_MCAP_5Y,,989000000.0,
VFF,2021-12-31,761000000.0,EULERPOOL_OFFICIAL_MCAP_5Y,,761000000.0,
VFF,2022-03-31,626000000.0,EULERPOOL_OFFICIAL_MCAP_5Y,,626000000.0,
VFF,2022-06-30,309000000.0,EULERPOOL_OFFICIAL_MCAP_5Y,,309000000.0,
VFF,2022-09-30,226000000.0,EULERPOOL_OFFICIAL_MCAP_5Y,,226000000.0,
VFF,2022-12-30,159000000.0,EULERPOOL_OFFICIAL_MCAP_5Y,,159000000.0,
VNT,2020-03-31,,UNRESOLVED,,,
VNT,2020-06-30,,UNRESOLVED,,,
VNT,2020-09-30,,UNRESOLVED,,,
VNT,2020-12-31,,UNRESOLVED,,,
VNT,2021-03-31,,UNRESOLVED,,,
VNT,2021-06-30,,UNRESOLVED,,,
VNT,2021-09-30,4875000000.0,EULERPOOL_OFFICIAL_MCAP_5Y,,4875000000.0,
VNT,2021-12-31,4459000000.0,EULERPOOL_OFFICIAL_MCAP_5Y,,4459000000.0,
VNT,2022-03-31,3684000000.0,EULERPOOL_OFFICIAL_MCAP_5Y,,3684000000.0,
VNT,2022-06-30,3336000000.0,EULERPOOL_OFFICIAL_MCAP_5Y,,3336000000.0,
VNT,2022-09-30,2425000000.0,EULERPOOL_OFFICIAL_MCAP_5Y,,2425000000.0,
VNT,2022-12-30,2805000000.0,EULERPOOL_OFFICIAL_MCAP_5Y,,2805000000.0,
VMI,2020-03-31,,UNRESOLVED,,,
VMI,2020-06-30,,UNRESOLVED,,,
VMI,2020-09-30,,UNRESOLVED,,,
VMI,2020-12-31,,UNRESOLVED,,,
VMI,2021-03-31,,UNRESOLVED,,,
VMI,2021-06-30,,UNRESOLVED,,,
VMI,2021-09-30,4688000000.0,EULERPOOL_OFFICIAL_MCAP_5Y,,4688000000.0,
VMI,2021-12-31,4994000000.0,EULERPOOL_OFFICIAL_MCAP_5Y,,4994000000.0,
VMI,2022-03-31,4757000000.0,EULERPOOL_OFFICIAL_MCAP_5Y,,4757000000.0,
VMI,2022-06-30,4478000000.0,EULERPOOL_OFFICIAL_MCAP_5Y,,4478000000.0,
VMI,2022-09-30,5355000000.0,EULERPOOL_OFFICIAL_MCAP_5Y,,5355000000.0,
VMI,2022-12-30,6593000000.0,EULERPOOL_OFFICIAL_MCAP_5Y,,6593000000.0,
VREX,2020-03-31,,UNRESOLVED,,,
VREX,2020-06-30,,UNRESOLVED,,,
VREX,2020-09-30,,UNRESOLVED,,,
VREX,2020-12-31,,UNRESOLVED,,,
VREX,2021-03-31,,UNRESOLVED,,,
VREX,2021-06-30,,UNRESOLVED,,,
VREX,2021-09-30,1182000000.0,EULERPOOL_OFFICIAL_MCAP_5Y,,1182000000.0,
VREX,2021-12-31,1322000000.0,EULERPOOL_OFFICIAL_MCAP_5Y,,1322000000.0,
VREX,2022-03-31,892000000.0,EULERPOOL_OFFICIAL_MCAP_5Y,,892000000.0,
VREX,2022-06-30,896000000.0,EULERPOOL_OFFICIAL_MCAP_5Y,,896000000.0,
VREX,2022-09-30,886000000.0,EULERPOOL_OFFICIAL_MCAP_5Y,,886000000.0,
VREX,2022-12-30,851000000.0,EULERPOOL_OFFICIAL_MCAP_5Y,,851000000.0,
VSH,2020-03-31,,UNRESOLVED,,,
VSH,2020-06-30,,UNRESOLVED,,,
VSH,2020-09-30,,UNRESOLVED,,,
VSH,2020-12-31,,UNRESOLVED,,,
VSH,2021-03-31,,UNRESOLVED,,,
VSH,2021-06-30,,UNRESOLVED,,,
VSH,2021-09-30,2727000000.0,EULERPOOL_OFFICIAL_MCAP_5Y,,2727000000.0,
VSH,2021-12-31,2969000000.0,EULERPOOL_OFFICIAL_MCAP_5Y,,2969000000.0,
VSH,2022-03-31,2660000000.0,EULERPOOL_OFFICIAL_MCAP_5Y,,2660000000.0,
VSH,2022-06-30,2419000000.0,EULERPOOL_OFFICIAL_MCAP_5Y,,2419000000.0,
VSH,2022-09-30,2415000000.0,EULERPOOL_OFFICIAL_MCAP_5Y,,2415000000.0,
VSH,2022-12-30,2928000000.0,EULERPOOL_OFFICIAL_MCAP_5Y,,2928000000.0,
WAB,2020-03-31,,UNRESOLVED,,,
WAB,2020-06-30,,UNRESOLVED,,,
WAB,2020-09-30,,UNRESOLVED,,,
WAB,2020-12-31,,UNRESOLVED,,,
WAB,2021-03-31,,UNRESOLVED,,,
WAB,2021-06-30,,UNRESOLVED,,,
WAB,2021-09-30,14751000000.0,EULERPOOL_OFFICIAL_MCAP_5Y,,14751000000.0,
WAB,2021-12-31,15760000000.0,EULERPOOL_OFFICIAL_MCAP_5Y,,15760000000.0,
WAB,2022-03-31,16455000000.0,EULERPOOL_OFFICIAL_MCAP_5Y,,16455000000.0,
WAB,2022-06-30,14044000000.0,EULERPOOL_OFFICIAL_MCAP_5Y,,14044000000.0,
WAB,2022-09-30,13919000000.0,EULERPOOL_OFFICIAL_MCAP_5Y,,13919000000.0,
WAB,2022-12-30,17077000000.0,EULERPOOL_OFFICIAL_MCAP_5Y,,17077000000.0,
WDFC,2020-03-31,,UNRESOLVED,,,
WDFC,2020-06-30,,UNRESOLVED,,,
WDFC,2020-09-30,,UNRESOLVED,,,
WDFC,2020-12-31,,UNRESOLVED,,,
WDFC,2021-03-31,,UNRESOLVED,,,
WDFC,2021-06-30,,UNRESOLVED,,,
WDFC,2021-09-30,3140000000.0,EULERPOOL_OFFICIAL_MCAP_5Y,,3140000000.0,
WDFC,2021-12-31,3319000000.0,EULERPOOL_OFFICIAL_MCAP_5Y,,3319000000.0,
WDFC,2022-03-31,2486000000.0,EULERPOOL_OFFICIAL_MCAP_5Y,,2486000000.0,
WDFC,2022-06-30,2732000000.0,EULERPOOL_OFFICIAL_MCAP_5Y,,2732000000.0,
WDFC,2022-09-30,2384000000.0,EULERPOOL_OFFICIAL_MCAP_5Y,,2384000000.0,
WDFC,2022-12-30,2187000000.0,EULERPOOL_OFFICIAL_MCAP_5Y,,2187000000.0,
VZ,2020-03-31,222495930000.0,EULERPOOL_VENDOR_MCAP_HISTORY,222495930000.0,,
VZ,2020-06-30,228293330000.0,EULERPOOL_VENDOR_MCAP_HISTORY,228293330000.0,,
VZ,2020-09-30,246407580000.0,EULERPOOL_VENDOR_MCAP_HISTORY,246407580000.0,,
VZ,2020-12-31,243342500000.0,EULERPOOL_VENDOR_MCAP_HISTORY,243342500000.0,,
VZ,2021-03-31,240857300000.0,EULERPOOL_VENDOR_MCAP_HISTORY,240857300000.0,,
VZ,2021-06-30,232132290000.0,EULERPOOL_VENDOR_MCAP_HISTORY,232132290000.0,,
VZ,2021-09-30,223817440000.0,EULERPOOL_VENDOR_MCAP_HISTORY,223817440000.0,228516000000.0,0.02056118608762625
VZ,2021-12-31,215634000000.0,EULERPOOL_VENDOR_MCAP_HISTORY,215634000000.0,219843000000.0,0.01914548109332569
VZ,2022-03-31,214049880000.0,EULERPOOL_VENDOR_MCAP_HISTORY,214049880000.0,215527000000.0,0.0068535264723213335
VZ,2022-06-30,213251500000.0,EULERPOOL_VENDOR_MCAP_HISTORY,213251500000.0,214723000000.0,0.006853015280151638
VZ,2022-09-30,159625880000.0,EULERPOOL_VENDOR_MCAP_HISTORY,159625880000.0,160651000000.0,0.006381037155075288
VZ,2022-12-30,165637600000.0,EULERPOOL_VENDOR_MCAP_HISTORY,165637600000.0,166701000000.0,0.00637908590830289
WDC,2020-03-31,12610860000.0,EULERPOOL_VENDOR_MCAP_HISTORY,12610860000.0,,
WDC,2020-06-30,13156700000.0,EULERPOOL_VENDOR_MCAP_HISTORY,13156700000.0,,
WDC,2020-09-30,11074650000.0,EULERPOOL_VENDOR_MCAP_HISTORY,11074650000.0,,
WDC,2020-12-31,17004730000.0,EULERPOOL_VENDOR_MCAP_HISTORY,17004730000.0,,
WDC,2021-03-31,20892750000.0,EULERPOOL_VENDOR_MCAP_HISTORY,20892750000.0,,
WDC,2021-06-30,21991530000.0,EULERPOOL_VENDOR_MCAP_HISTORY,21991530000.0,,
WDC,2021-09-30,17835040000.0,EULERPOOL_VENDOR_MCAP_HISTORY,17835040000.0,15315000000.0,0.14129713193802762
WDC,2021-12-31,20541150000.0,EULERPOOL_VENDOR_MCAP_HISTORY,20541150000.0,17695000000.0,0.13855845461427427
WDC,2022-03-31,15689400000.0,EULERPOOL_VENDOR_MCAP_HISTORY,15689400000.0,13473000000.0,0.14126735248001834
WDC,2022-06-30,14166280000.0,EULERPOOL_VENDOR_MCAP_HISTORY,14166280000.0,12165000000.0,0.14127067938795507
WDC,2022-09-30,10383450000.0,EULERPOOL_VENDOR_MCAP_HISTORY,10383450000.0,8833000000.0,0.14931934954181894
WDC,2022-12-30,10064450000.0,EULERPOOL_VENDOR_MCAP_HISTORY,10064450000.0,8561000000.0,0.14938223151786734
WES,2020-03-31,,UNRESOLVED,,,
WES,2020-06-30,,UNRESOLVED,,,
WES,2020-09-30,,UNRESOLVED,,,
WES,2020-12-31,,UNRESOLVED,,,
WES,2021-03-31,,UNRESOLVED,,,
WES,2021-06-30,,UNRESOLVED,,,
WES,2021-09-30,8130000000.0,EULERPOOL_OFFICIAL_MCAP_5Y,,8130000000.0,
WES,2021-12-31,8638000000.0,EULERPOOL_OFFICIAL_MCAP_5Y,,8638000000.0,
WES,2022-03-31,9782000000.0,EULERPOOL_OFFICIAL_MCAP_5Y,,9782000000.0,
WES,2022-06-30,9429000000.0,EULERPOOL_OFFICIAL_MCAP_5Y,,9429000000.0,
WES,2022-09-30,9759000000.0,EULERPOOL_OFFICIAL_MCAP_5Y,,9759000000.0,
WES,2022-12-30,10415000000.0,EULERPOOL_OFFICIAL_MCAP_5Y,,10415000000.0,
WLK,2020-03-31,,UNRESOLVED,,,
WLK,2020-06-30,,UNRESOLVED,,,
WLK,2020-09-30,,UNRESOLVED,,,
WLK,2020-12-31,,UNRESOLVED,,,
WLK,2021-03-31,,UNRESOLVED,,,
WLK,2021-06-30,,UNRESOLVED,,,
WLK,2021-09-30,11690000000.0,EULERPOOL_OFFICIAL_MCAP_5Y,,11690000000.0,
WLK,2021-12-31,12458000000.0,EULERPOOL_OFFICIAL_MCAP_5Y,,12458000000.0,
WLK,2022-03-31,15827000000.0,EULERPOOL_OFFICIAL_MCAP_5Y,,15827000000.0,
WLK,2022-06-30,12572000000.0,EULERPOOL_OFFICIAL_MCAP_5Y,,12572000000.0,
WLK,2022-09-30,11143000000.0,EULERPOOL_OFFICIAL_MCAP_5Y,,11143000000.0,
WLK,2022-12-30,13152000000.0,EULERPOOL_OFFICIAL_MCAP_5Y,,13152000000.0,
WMS,2020-03-31,,UNRESOLVED,,,
WMS,2020-06-30,,UNRESOLVED,,,
WMS,2020-09-30,,UNRESOLVED,,,
WMS,2020-12-31,,UNRESOLVED,,,
WMS,2021-03-31,,UNRESOLVED,,,
WMS,2021-06-30,,UNRESOLVED,,,
WMS,2021-09-30,8426000000.0,EULERPOOL_OFFICIAL_MCAP_5Y,,8426000000.0,
WMS,2021-12-31,10605000000.0,EULERPOOL_OFFICIAL_MCAP_5Y,,10605000000.0,
WMS,2022-03-31,9255000000.0,EULERPOOL_OFFICIAL_MCAP_5Y,,9255000000.0,
WMS,2022-06-30,7016000000.0,EULERPOOL_OFFICIAL_MCAP_5Y,,7016000000.0,
WMS,2022-09-30,9688000000.0,EULERPOOL_OFFICIAL_MCAP_5Y,,9688000000.0,
WMS,2022-12-30,6385000000.0,EULERPOOL_OFFICIAL_MCAP_5Y,,6385000000.0,
WMK,2020-03-31,,UNRESOLVED,,,
WMK,2020-06-30,,UNRESOLVED,,,
WMK,2020-09-30,,UNRESOLVED,,,
WMK,2020-12-31,,UNRESOLVED,,,
WMK,2021-03-31,,UNRESOLVED,,,
WMK,2021-06-30,,UNRESOLVED,,,
WMK,2021-09-30,1350000000.0,EULERPOOL_OFFICIAL_MCAP_5Y,,1350000000.0,
WMK,2021-12-31,1692000000.0,EULERPOOL_OFFICIAL_MCAP_5Y,,1692000000.0,
WMK,2022-03-31,1834000000.0,EULERPOOL_OFFICIAL_MCAP_5Y,,1834000000.0,
WMK,2022-06-30,1915000000.0,EULERPOOL_OFFICIAL_MCAP_5Y,,1915000000.0,
WMK,2022-09-30,1830000000.0,EULERPOOL_OFFICIAL_MCAP_5Y,,1830000000.0,
WMK,2022-12-30,2114000000.0,EULERPOOL_OFFICIAL_MCAP_5Y,,2114000000.0,
WSC,2020-03-31,,UNRESOLVED,,,
WSC,2020-06-30,,UNRESOLVED,,,
WSC,2020-09-30,,UNRESOLVED,,,
WSC,2020-12-31,,UNRESOLVED,,,
WSC,2021-03-31,,UNRESOLVED,,,
WSC,2021-06-30,,UNRESOLVED,,,
WSC,2021-09-30,6036000000.0,EULERPOOL_OFFICIAL_MCAP_5Y,,6036000000.0,
WSC,2021-12-31,7772000000.0,EULERPOOL_OFFICIAL_MCAP_5Y,,7772000000.0,
WSC,2022-03-31,7446000000.0,EULERPOOL_OFFICIAL_MCAP_5Y,,7446000000.0,
WSC,2022-06-30,6169000000.0,EULERPOOL_OFFICIAL_MCAP_5Y,,6169000000.0,
WSC,2022-09-30,7674000000.0,EULERPOOL_OFFICIAL_MCAP_5Y,,7674000000.0,
WSC,2022-12-30,8596000000.0,EULERPOOL_OFFICIAL_MCAP_5Y,,8596000000.0,
WTRG,2020-03-31,,UNRESOLVED,,,
WTRG,2020-06-30,,UNRESOLVED,,,
WTRG,2020-09-30,,UNRESOLVED,,,
WTRG,2020-12-31,,UNRESOLVED,,,
WTRG,2021-03-31,,UNRESOLVED,,,
WTRG,2021-06-30,,UNRESOLVED,,,
WTRG,2021-09-30,12931000000.0,EULERPOOL_OFFICIAL_MCAP_5Y,,12931000000.0,
WTRG,2021-12-31,15066000000.0,EULERPOOL_OFFICIAL_MCAP_5Y,,15066000000.0,
WTRG,2022-03-31,14348000000.0,EULERPOOL_OFFICIAL_MCAP_5Y,,14348000000.0,
WTRG,2022-06-30,12866000000.0,EULERPOOL_OFFICIAL_MCAP_5Y,,12866000000.0,
WTRG,2022-09-30,11612000000.0,EULERPOOL_OFFICIAL_MCAP_5Y,,11612000000.0,
WTRG,2022-12-30,13394000000.0,EULERPOOL_OFFICIAL_MCAP_5Y,,13394000000.0,
WM,2020-03-31,39467584000.0,EULERPOOL_VENDOR_MCAP_HISTORY,39467584000.0,,
WM,2020-06-30,44895249000.0,EULERPOOL_VENDOR_MCAP_HISTORY,44895249000.0,,
WM,2020-09-30,48051982000.0,EULERPOOL_VENDOR_MCAP_HISTORY,48051982000.0,,
WM,2020-12-31,50132043000.0,EULERPOOL_VENDOR_MCAP_HISTORY,50132043000.0,,
WM,2021-03-31,54743186000.0,EULERPOOL_VENDOR_MCAP_HISTORY,54743186000.0,,
WM,2021-06-30,59350596000.0,EULERPOOL_VENDOR_MCAP_HISTORY,59350596000.0,,
WM,2021-09-30,63029920000.0,EULERPOOL_VENDOR_MCAP_HISTORY,63029920000.0,60371000000.0,0.04218504481681081
WM,2021-12-31,70198140000.0,EULERPOOL_VENDOR_MCAP_HISTORY,70198140000.0,67461000000.0,0.03899163140219954
WM,2022-03-31,66221300000.0,EULERPOOL_VENDOR_MCAP_HISTORY,66221300000.0,64066000000.0,0.03254692976429034
WM,2022-06-30,63700872000.0,EULERPOOL_VENDOR_MCAP_HISTORY,63700872000.0,61835000000.0,0.029291153188609413
WM,2022-09-30,66375003000.0,EULERPOOL_VENDOR_MCAP_HISTORY,66375003000.0,64757000000.0,0.02437669193024368
WM,2022-12-30,64995384000.0,EULERPOOL_VENDOR_MCAP_HISTORY,64995384000.0,63411000000.0,0.02437686959430842
WMT,2020-03-31,324384814500.0,EULERPOOL_VENDOR_MCAP_HISTORY,324384814500.0,,
WMT,2020-06-30,341253504900.0,EULERPOOL_VENDOR_MCAP_HISTORY,341253504900.0,,
WMT,2020-09-30,398463964800.0,EULERPOOL_VENDOR_MCAP_HISTORY,398463964800.0,,
WMT,2020-12-31,410683350000.0,EULERPOOL_VENDOR_MCAP_HISTORY,410683350000.0,,
WMT,2021-03-31,383855862600.0,EULERPOOL_VENDOR_MCAP_HISTORY,383855862600.0,,
WMT,2021-06-30,398945862900.0,EULERPOOL_VENDOR_MCAP_HISTORY,398945862900.0,,
WMT,2021-09-30,391936560000.0,EULERPOOL_VENDOR_MCAP_HISTORY,391936560000.0,375443000000.0,0.04208221861211416
WMT,2021-12-31,404697930000.0,EULERPOOL_VENDOR_MCAP_HISTORY,404697930000.0,389747000000.0,0.036943430869537684
WMT,2022-03-31,414295440000.0,EULERPOOL_VENDOR_MCAP_HISTORY,414295440000.0,401141000000.0,0.03175135116138377
WMT,2022-06-30,336168976500.0,EULERPOOL_VENDOR_MCAP_HISTORY,336168976500.0,327496000000.0,0.025799455352180603
WMT,2022-09-30,356026225500.0,EULERPOOL_VENDOR_MCAP_HISTORY,356026225500.0,349369000000.0,0.018698694149990362
WMT,2022-12-30,384392418900.0,EULERPOOL_VENDOR_MCAP_HISTORY,384392418900.0,381935000000.0,0.006392995228762042
WWD,2020-03-31,3837684160.0,EULERPOOL_VENDOR_MCAP_HISTORY,3837684160.0,,
WWD,2020-06-30,4918763850.0,EULERPOOL_VENDOR_MCAP_HISTORY,4918763850.0,,
WWD,2020-09-30,5129999520.0,EULERPOOL_VENDOR_MCAP_HISTORY,5129999520.0,,
WWD,2020-12-31,7886324760.0,EULERPOOL_VENDOR_MCAP_HISTORY,7886324760.0,,
WWD,2021-03-31,7919842020.0,EULERPOOL_VENDOR_MCAP_HISTORY,7919842020.0,,
WWD,2021-06-30,8099020800.0,EULERPOOL_VENDOR_MCAP_HISTORY,8099020800.0,,
WWD,2021-09-30,7438485200.0,EULERPOOL_VENDOR_MCAP_HISTORY,7438485200.0,6958000000.0,0.06459449566425164
WWD,2021-12-31,7125736540.0,EULERPOOL_VENDOR_MCAP_HISTORY,7125736540.0,6728000000.0,0.0558169022622888
WWD,2022-03-31,8071434380.0,EULERPOOL_VENDOR_MCAP_HISTORY,8071434380.0,7677000000.0,0.048867941115566624
WWD,2022-06-30,5742519120.0,EULERPOOL_VENDOR_MCAP_HISTORY,5742519120.0,5685000000.0,0.01001635672394592
WWD,2022-09-30,4914640840.0,EULERPOOL_VENDOR_MCAP_HISTORY,4914640840.0,4933000000.0,0.0037217028177579567
WWD,2022-12-30,5915816740.0,EULERPOOL_VENDOR_MCAP_HISTORY,5915816740.0,5938000000.0,0.0037358134051869315
XIFR,2020-03-31,,UNRESOLVED,,,
XIFR,2020-06-30,,UNRESOLVED,,,
XIFR,2020-09-30,,UNRESOLVED,,,
XIFR,2020-12-31,,UNRESOLVED,,,
XIFR,2021-03-31,,UNRESOLVED,,,
XIFR,2021-06-30,,UNRESOLVED,,,
XIFR,2021-09-30,7082000000.0,EULERPOOL_OFFICIAL_MCAP_5Y,,7082000000.0,
XIFR,2021-12-31,7931000000.0,EULERPOOL_OFFICIAL_MCAP_5Y,,7931000000.0,
XIFR,2022-03-31,7833000000.0,EULERPOOL_OFFICIAL_MCAP_5Y,,7833000000.0,
XIFR,2022-06-30,6969000000.0,EULERPOOL_OFFICIAL_MCAP_5Y,,6969000000.0,
XIFR,2022-09-30,6795000000.0,EULERPOOL_OFFICIAL_MCAP_5Y,,6795000000.0,
XIFR,2022-12-30,6586000000.0,EULERPOOL_OFFICIAL_MCAP_5Y,,6586000000.0,
XEL,2020-03-31,31778100000.0,EULERPOOL_VENDOR_MCAP_HISTORY,31778100000.0,,
XEL,2020-06-30,32937500000.0,EULERPOOL_VENDOR_MCAP_HISTORY,32937500000.0,,
XEL,2020-09-30,36437280000.0,EULERPOOL_VENDOR_MCAP_HISTORY,36437280000.0,,
XEL,2020-12-31,35468440000.0,EULERPOOL_VENDOR_MCAP_HISTORY,35468440000.0,,
XEL,2021-03-31,35848890000.0,EULERPOOL_VENDOR_MCAP_HISTORY,35848890000.0,,
XEL,2021-06-30,35509320000.0,EULERPOOL_VENDOR_MCAP_HISTORY,35509320000.0,,
XEL,2021-09-30,33687500000.0,EULERPOOL_VENDOR_MCAP_HISTORY,33687500000.0,36813000000.0,0.08490207263738353
XEL,2021-12-31,36693400000.0,EULERPOOL_VENDOR_MCAP_HISTORY,36693400000.0,39875000000.0,0.07978934169278996
XEL,2022-03-31,39332650000.0,EULERPOOL_VENDOR_MCAP_HISTORY,39332650000.0,42508000000.0,0.07470005645996047
XEL,2022-06-30,38634960000.0,EULERPOOL_VENDOR_MCAP_HISTORY,38634960000.0,41678000000.0,0.07301310043668122
XEL,2022-09-30,35072000000.0,EULERPOOL_VENDOR_MCAP_HISTORY,35072000000.0,37696000000.0,0.06960950764006792
XEL,2022-12-30,38420280000.0,EULERPOOL_VENDOR_MCAP_HISTORY,38420280000.0,41295000000.0,0.06961423901198692
XONE,2020-03-31,,UNRESOLVED,,,
XONE,2020-06-30,,UNRESOLVED,,,
XONE,2020-09-30,,UNRESOLVED,,,
XONE,2020-12-31,,UNRESOLVED,,,
XONE,2021-03-31,,UNRESOLVED,,,
XONE,2021-06-30,,UNRESOLVED,,,
XONE,2021-09-30,468000000.0,EULERPOOL_OFFICIAL_MCAP_5Y,,468000000.0,
XONE,2021-12-31,,UNRESOLVED,,,
XONE,2022-03-31,,UNRESOLVED,,,
XONE,2022-06-30,,UNRESOLVED,,,
XONE,2022-09-30,999000000.0,EULERPOOL_OFFICIAL_MCAP_5Y,,999000000.0,
XONE,2022-12-30,994000000.0,EULERPOOL_OFFICIAL_MCAP_5Y,,994000000.0,
YELP,2020-03-31,,UNRESOLVED,,,
YELP,2020-06-30,,UNRESOLVED,,,
YELP,2020-09-30,,UNRESOLVED,,,
YELP,2020-12-31,,UNRESOLVED,,,
YELP,2021-03-31,,UNRESOLVED,,,
YELP,2021-06-30,,UNRESOLVED,,,
YELP,2021-09-30,2290000000.0,EULERPOOL_OFFICIAL_MCAP_5Y,,2290000000.0,
YELP,2021-12-31,2228000000.0,EULERPOOL_OFFICIAL_MCAP_5Y,,2228000000.0,
YELP,2022-03-31,2097000000.0,EULERPOOL_OFFICIAL_MCAP_5Y,,2097000000.0,
YELP,2022-06-30,1708000000.0,EULERPOOL_OFFICIAL_MCAP_5Y,,1708000000.0,
YELP,2022-09-30,2085000000.0,EULERPOOL_OFFICIAL_MCAP_5Y,,2085000000.0,
YELP,2022-12-30,1681000000.0,EULERPOOL_OFFICIAL_MCAP_5Y,,1681000000.0,
XYL,2020-03-31,11808069000.0,EULERPOOL_VENDOR_MCAP_HISTORY,11808069000.0,,
XYL,2020-06-30,11731776000.0,EULERPOOL_VENDOR_MCAP_HISTORY,11731776000.0,,
XYL,2020-09-30,15225720000.0,EULERPOOL_VENDOR_MCAP_HISTORY,15225720000.0,,
XYL,2020-12-31,18474885000.0,EULERPOOL_VENDOR_MCAP_HISTORY,18474885000.0,,
XYL,2021-03-31,19090170000.0,EULERPOOL_VENDOR_MCAP_HISTORY,19090170000.0,,
XYL,2021-06-30,21748748000.0,EULERPOOL_VENDOR_MCAP_HISTORY,21748748000.0,,
XYL,2021-09-30,22460288000.0,EULERPOOL_VENDOR_MCAP_HISTORY,22460288000.0,29786000000.0,0.2459448062848318
XYL,2021-12-31,21777472000.0,EULERPOOL_VENDOR_MCAP_HISTORY,21777472000.0,28880000000.0,0.24593240997229918
XYL,2022-03-31,15432060000.0,EULERPOOL_VENDOR_MCAP_HISTORY,15432060000.0,20533000000.0,0.2484264354940827
XYL,2022-06-30,14119308000.0,EULERPOOL_VENDOR_MCAP_HISTORY,14119308000.0,18828000000.0,0.25008986615678774
XYL,2022-09-30,15803424000.0,EULERPOOL_VENDOR_MCAP_HISTORY,15803424000.0,21039000000.0,0.24885099101668332
XYL,2022-12-30,20002113000.0,EULERPOOL_VENDOR_MCAP_HISTORY,20002113000.0,26629000000.0,0.24885977693492056
YEXT,2020-03-31,,UNRESOLVED,,,
YEXT,2020-06-30,,UNRESOLVED,,,
YEXT,2020-09-30,,UNRESOLVED,,,
YEXT,2020-12-31,,UNRESOLVED,,,
YEXT,2021-03-31,,UNRESOLVED,,,
YEXT,2021-06-30,,UNRESOLVED,,,
YEXT,2021-09-30,1475000000.0,EULERPOOL_OFFICIAL_MCAP_5Y,,1475000000.0,
YEXT,2021-12-31,1216000000.0,EULERPOOL_OFFICIAL_MCAP_5Y,,1216000000.0,
YEXT,2022-03-31,845000000.0,EULERPOOL_OFFICIAL_MCAP_5Y,,845000000.0,
YEXT,2022-06-30,586000000.0,EULERPOOL_OFFICIAL_MCAP_5Y,,586000000.0,
YEXT,2022-09-30,547000000.0,EULERPOOL_OFFICIAL_MCAP_5Y,,547000000.0,
YEXT,2022-12-30,801000000.0,EULERPOOL_OFFICIAL_MCAP_5Y,,801000000.0,
YUM,2020-03-31,21038710000.0,EULERPOOL_VENDOR_MCAP_HISTORY,21038710000.0,,
YUM,2020-06-30,26681370000.0,EULERPOOL_VENDOR_MCAP_HISTORY,26681370000.0,,
YUM,2020-09-30,28029100000.0,EULERPOOL_VENDOR_MCAP_HISTORY,28029100000.0,,
YUM,2020-12-31,33327920000.0,EULERPOOL_VENDOR_MCAP_HISTORY,33327920000.0,,
YUM,2021-03-31,32994900000.0,EULERPOOL_VENDOR_MCAP_HISTORY,32994900000.0,,
YUM,2021-06-30,34969120000.0,EULERPOOL_VENDOR_MCAP_HISTORY,34969120000.0,,
YUM,2021-09-30,36937620000.0,EULERPOOL_VENDOR_MCAP_HISTORY,36937620000.0,34369000000.0,0.06953940183476899
YUM,2021-12-31,41380280000.0,EULERPOOL_VENDOR_MCAP_HISTORY,41380280000.0,39020000000.0,0.05703876339164452
YUM,2022-03-31,34847820000.0,EULERPOOL_VENDOR_MCAP_HISTORY,34847820000.0,33307000000.0,0.04421567834085461
YUM,2022-06-30,32917900000.0,EULERPOOL_VENDOR_MCAP_HISTORY,32917900000.0,31896000000.0,0.03104390012728637
YUM,2022-09-30,30732260000.0,EULERPOOL_VENDOR_MCAP_HISTORY,30732260000.0,29882000000.0,0.027666692914871865
YUM,2022-12-30,37015120000.0,EULERPOOL_VENDOR_MCAP_HISTORY,37015120000.0,35990000000.0,0.027694628573404597
ZLAB,2020-03-31,,UNRESOLVED,,,
ZLAB,2020-06-30,,UNRESOLVED,,,
ZLAB,2020-09-30,,UNRESOLVED,,,
ZLAB,2020-12-31,,UNRESOLVED,,,
ZLAB,2021-03-31,,UNRESOLVED,,,
ZLAB,2021-06-30,,UNRESOLVED,,,
ZLAB,2021-09-30,11841000000.0,EULERPOOL_OFFICIAL_MCAP_5Y,,11841000000.0,
ZLAB,2021-12-31,7062000000.0,EULERPOOL_OFFICIAL_MCAP_5Y,,7062000000.0,
ZLAB,2022-03-31,4941000000.0,EULERPOOL_OFFICIAL_MCAP_5Y,,4941000000.0,
ZLAB,2022-06-30,3896000000.0,EULERPOOL_OFFICIAL_MCAP_5Y,,3896000000.0,
ZLAB,2022-09-30,3843000000.0,EULERPOOL_OFFICIAL_MCAP_5Y,,3843000000.0,
ZLAB,2022-12-30,3449000000.0,EULERPOOL_OFFICIAL_MCAP_5Y,,3449000000.0,
ZNTL,2020-03-31,,UNRESOLVED,,,
ZNTL,2020-06-30,,UNRESOLVED,,,
ZNTL,2020-09-30,,UNRESOLVED,,,
ZNTL,2020-12-31,,UNRESOLVED,,,
ZNTL,2021-03-31,,UNRESOLVED,,,
ZNTL,2021-06-30,,UNRESOLVED,,,
ZNTL,2021-09-30,4815000000.0,EULERPOOL_OFFICIAL_MCAP_5Y,,4815000000.0,
ZNTL,2021-12-31,6073000000.0,EULERPOOL_OFFICIAL_MCAP_5Y,,6073000000.0,
ZNTL,2022-03-31,3334000000.0,EULERPOOL_OFFICIAL_MCAP_5Y,,3334000000.0,
ZNTL,2022-06-30,2030000000.0,EULERPOOL_OFFICIAL_MCAP_5Y,,2030000000.0,
ZNTL,2022-09-30,1565000000.0,EULERPOOL_OFFICIAL_MCAP_5Y,,1565000000.0,
ZNTL,2022-12-30,1455000000.0,EULERPOOL_OFFICIAL_MCAP_5Y,,1455000000.0,
ZS,2020-03-31,7790080000.0,EULERPOOL_VENDOR_MCAP_HISTORY,7790080000.0,,
ZS,2020-06-30,14235000000.0,EULERPOOL_VENDOR_MCAP_HISTORY,14235000000.0,,
ZS,2020-09-30,18149010000.0,EULERPOOL_VENDOR_MCAP_HISTORY,18149010000.0,,
ZS,2020-12-31,26561430000.0,EULERPOOL_VENDOR_MCAP_HISTORY,26561430000.0,,
ZS,2021-03-31,23175450000.0,EULERPOOL_VENDOR_MCAP_HISTORY,23175450000.0,,
ZS,2021-06-30,29384160000.0,EULERPOOL_VENDOR_MCAP_HISTORY,29384160000.0,,
ZS,2021-09-30,35661920000.0,EULERPOOL_VENDOR_MCAP_HISTORY,35661920000.0,41816000000.0,0.14717046106753395
ZS,2021-12-31,44664870000.0,EULERPOOL_VENDOR_MCAP_HISTORY,44664870000.0,51242000000.0,0.1283542796924398
ZS,2022-03-31,34020480000.0,EULERPOOL_VENDOR_MCAP_HISTORY,34020480000.0,38477000000.0,0.11582295917041349
ZS,2022-06-30,21080910000.0,EULERPOOL_VENDOR_MCAP_HISTORY,21080910000.0,23842000000.0,0.1158078181360624
ZS,2022-09-30,23176170000.0,EULERPOOL_VENDOR_MCAP_HISTORY,23176170000.0,26212000000.0,0.1158183274835953
ZS,2022-12-30,16001700000.0,EULERPOOL_VENDOR_MCAP_HISTORY,16001700000.0,17845000000.0,0.10329504062762679
