cik,entity_name,tag,role,unit,value,start,end,duration_days,qtrs_approx,filed,form,fp,fy,frame,accn,accepted,sub_form,sub_filing_date,accepted_mapped
7332,SOUTHWESTERN ENERGY COMPANY,NetCashProvidedByUsedInOperatingActivitiesContinuingOperations,CFO_CONTINUING,USD,312000000.0,2017-01-01,2017-03-31,90,1,2017-04-27,10-Q,Q1,2017,CY2017Q1,0000007332-17-000014,2017-04-27T16:31:35.000Z,10-Q,2017-04-27,True
7332,SOUTHWESTERN ENERGY COMPANY,NetCashProvidedByUsedInOperatingActivitiesContinuingOperations,CFO_CONTINUING,USD,578000000.0,2017-01-01,2017-06-30,181,2,2017-08-03,10-Q,Q2,2017,,0000007332-17-000026,2017-08-03T16:36:07.000Z,10-Q,2017-08-03,True
19446,CANTEL MEDICAL LLC,NetCashProvidedByUsedInOperatingActivitiesContinuingOperations,CFO_CONTINUING,USD,45001000.0,2016-08-01,2017-01-31,184,2,2017-03-29,10-Q/A,Q2,2017,,0001558370-17-002241,2017-03-29T14:19:05.000Z,10-Q/A,2017-03-29,True
19446,CANTEL MEDICAL LLC,NetCashProvidedByUsedInOperatingActivitiesContinuingOperations,CFO_CONTINUING,USD,73384000.0,2016-08-01,2017-04-30,273,3,2017-06-08,10-Q,Q3,2017,,0001558370-17-004731,2017-06-08T16:41:20.000Z,10-Q,2017-06-08,True
20520,"Frontier Communications Parent, Inc.",NetCashProvidedByUsedInOperatingActivitiesContinuingOperations,CFO_CONTINUING,USD,300000000.0,2017-01-01,2017-03-31,90,1,2017-05-04,10-Q,Q1,2017,CY2017Q1,0000020520-17-000007,2017-05-04T16:12:30.000Z,10-Q,2017-05-04,True
20520,"Frontier Communications Parent, Inc.",NetCashProvidedByUsedInOperatingActivitiesContinuingOperations,CFO_CONTINUING,USD,829000000.0,2017-01-01,2017-06-30,181,2,2017-08-03,10-Q,Q2,2017,,0000020520-17-000018,2017-08-03T16:43:15.000Z,10-Q,2017-08-03,True
20520,"Frontier Communications Parent, Inc.",WeightedAverageNumberOfShareOutstandingBasicAndDiluted,SHARES_BASIC_DILUTED_COMBINED,shares,1163739000.0,2017-01-01,2017-03-31,90,1,2017-05-04,10-Q,Q1,2017,,0000020520-17-000007,2017-05-04T16:12:30.000Z,10-Q,2017-05-04,True
20520,"Frontier Communications Parent, Inc.",WeightedAverageNumberOfShareOutstandingBasicAndDiluted,SHARES_BASIC_DILUTED_COMBINED,shares,77591000.0,2017-01-01,2017-03-31,90,1,2018-05-04,10-Q,Q1,2018,CY2017Q1,0000020520-18-000014,2018-05-03T17:39:32.000Z,10-Q,2018-05-04,True
20520,"Frontier Communications Parent, Inc.",WeightedAverageNumberOfShareOutstandingBasicAndDiluted,SHARES_BASIC_DILUTED_COMBINED,shares,77736000.0,2017-01-01,2017-12-31,365,4,2019-03-01,10-K,FY,2018,,0000020520-19-000005,2019-02-28T17:50:54.000Z,10-K,2019-03-01,True
20520,"Frontier Communications Parent, Inc.",WeightedAverageNumberOfShareOutstandingBasicAndDiluted,SHARES_BASIC_DILUTED_COMBINED,shares,77736000.0,2017-01-01,2017-12-31,365,4,2020-03-31,10-K,FY,2019,CY2017,0001140361-20-007583,2020-03-31T17:21:02.000Z,10-K,2020-03-31,True
20520,"Frontier Communications Parent, Inc.",WeightedAverageNumberOfShareOutstandingBasicAndDiluted,SHARES_BASIC_DILUTED_COMBINED,shares,77416000.0,2018-01-01,2018-03-31,90,1,2018-05-04,10-Q,Q1,2018,,0000020520-18-000014,2018-05-03T17:39:32.000Z,10-Q,2018-05-04,True
20520,"Frontier Communications Parent, Inc.",WeightedAverageNumberOfShareOutstandingBasicAndDiluted,SHARES_BASIC_DILUTED_COMBINED,shares,77416000.0,2018-01-01,2018-03-31,90,1,2019-05-02,10-Q,Q1,2019,CY2018Q1,0000020520-19-000008,2019-05-02T16:22:29.000Z,10-Q,2019-05-02,True
20520,"Frontier Communications Parent, Inc.",WeightedAverageNumberOfShareOutstandingBasicAndDiluted,SHARES_BASIC_DILUTED_COMBINED,shares,77685000.0,2018-01-01,2018-06-30,181,2,2019-08-07,10-Q,Q2,2019,,0000020520-19-000029,2019-08-07T17:20:57.000Z,10-Q,2019-08-07,True
20520,"Frontier Communications Parent, Inc.",WeightedAverageNumberOfShareOutstandingBasicAndDiluted,SHARES_BASIC_DILUTED_COMBINED,shares,78026000.0,2018-04-01,2018-06-30,91,1,2019-08-07,10-Q,Q2,2019,CY2018Q2,0000020520-19-000029,2019-08-07T17:20:57.000Z,10-Q,2019-08-07,True
20520,"Frontier Communications Parent, Inc.",WeightedAverageNumberOfShareOutstandingBasicAndDiluted,SHARES_BASIC_DILUTED_COMBINED,shares,87138000.0,2018-01-01,2018-09-30,273,3,2019-11-06,10-Q,Q3,2019,,0000020520-19-000033,2019-11-06T16:19:01.000Z,10-Q,2019-11-06,True
20520,"Frontier Communications Parent, Inc.",WeightedAverageNumberOfShareOutstandingBasicAndDiluted,SHARES_BASIC_DILUTED_COMBINED,shares,103665000.0,2018-07-01,2018-09-30,92,1,2019-11-06,10-Q,Q3,2019,CY2018Q3,0000020520-19-000033,2019-11-06T16:19:01.000Z,10-Q,2019-11-06,True
20520,"Frontier Communications Parent, Inc.",WeightedAverageNumberOfShareOutstandingBasicAndDiluted,SHARES_BASIC_DILUTED_COMBINED,shares,89683000.0,2018-01-01,2018-12-31,365,4,2019-03-01,10-K,FY,2018,,0000020520-19-000005,2019-02-28T17:50:54.000Z,10-K,2019-03-01,True
20520,"Frontier Communications Parent, Inc.",WeightedAverageNumberOfShareOutstandingBasicAndDiluted,SHARES_BASIC_DILUTED_COMBINED,shares,89683000.0,2018-01-01,2018-12-31,365,4,2020-03-31,10-K,FY,2019,,0001140361-20-007583,2020-03-31T17:21:02.000Z,10-K,2020-03-31,True
20520,"Frontier Communications Parent, Inc.",WeightedAverageNumberOfShareOutstandingBasicAndDiluted,SHARES_BASIC_DILUTED_COMBINED,shares,89683000.0,2018-01-01,2018-12-31,365,4,2021-03-03,10-K,FY,2020,CY2018,0001562762-21-000097,2021-03-03T16:44:49.000Z,10-K,2021-03-03,True
20520,"Frontier Communications Parent, Inc.",WeightedAverageNumberOfShareOutstandingBasicAndDiluted,SHARES_BASIC_DILUTED_COMBINED,shares,103885000.0,2019-01-01,2019-03-31,90,1,2019-05-02,10-Q,Q1,2019,,0000020520-19-000008,2019-05-02T16:22:29.000Z,10-Q,2019-05-02,True
20520,"Frontier Communications Parent, Inc.",WeightedAverageNumberOfShareOutstandingBasicAndDiluted,SHARES_BASIC_DILUTED_COMBINED,shares,103885000.0,2019-01-01,2019-03-31,90,1,2020-05-06,10-Q,Q1,2020,CY2019Q1,0001562762-20-000173,2020-05-06T16:26:10.000Z,10-Q,2020-05-06,True
20520,"Frontier Communications Parent, Inc.",WeightedAverageNumberOfShareOutstandingBasicAndDiluted,SHARES_BASIC_DILUTED_COMBINED,shares,103987000.0,2019-01-01,2019-06-30,181,2,2019-08-07,10-Q,Q2,2019,,0000020520-19-000029,2019-08-07T17:20:57.000Z,10-Q,2019-08-07,True
20520,"Frontier Communications Parent, Inc.",WeightedAverageNumberOfShareOutstandingBasicAndDiluted,SHARES_BASIC_DILUTED_COMBINED,shares,104118000.0,2019-04-01,2019-06-30,91,1,2019-08-07,10-Q,Q2,2019,,0000020520-19-000029,2019-08-07T17:20:57.000Z,10-Q,2019-08-07,True
20520,"Frontier Communications Parent, Inc.",WeightedAverageNumberOfShareOutstandingBasicAndDiluted,SHARES_BASIC_DILUTED_COMBINED,shares,103987000.0,2019-01-01,2019-06-30,181,2,2020-08-10,10-Q,Q2,2020,,0001562762-20-000319,2020-08-07T17:59:58.000Z,10-Q,2020-08-07,True
20520,"Frontier Communications Parent, Inc.",WeightedAverageNumberOfShareOutstandingBasicAndDiluted,SHARES_BASIC_DILUTED_COMBINED,shares,104118000.0,2019-04-01,2019-06-30,91,1,2020-08-10,10-Q,Q2,2020,CY2019Q2,0001562762-20-000319,2020-08-07T17:59:58.000Z,10-Q,2020-08-07,True
20520,"Frontier Communications Parent, Inc.",WeightedAverageNumberOfShareOutstandingBasicAndDiluted,SHARES_BASIC_DILUTED_COMBINED,shares,104031000.0,2019-01-01,2019-09-30,273,3,2019-11-06,10-Q,Q3,2019,,0000020520-19-000033,2019-11-06T16:19:01.000Z,10-Q,2019-11-06,True
20520,"Frontier Communications Parent, Inc.",WeightedAverageNumberOfShareOutstandingBasicAndDiluted,SHARES_BASIC_DILUTED_COMBINED,shares,104135000.0,2019-07-01,2019-09-30,92,1,2019-11-06,10-Q,Q3,2019,CY2019Q3,0000020520-19-000033,2019-11-06T16:19:01.000Z,10-Q,2019-11-06,True
20520,"Frontier Communications Parent, Inc.",WeightedAverageNumberOfShareOutstandingBasicAndDiluted,SHARES_BASIC_DILUTED_COMBINED,shares,104065000.0,2019-01-01,2019-12-31,365,4,2020-03-31,10-K,FY,2019,,0001140361-20-007583,2020-03-31T17:21:02.000Z,10-K,2020-03-31,True
20520,"Frontier Communications Parent, Inc.",WeightedAverageNumberOfShareOutstandingBasicAndDiluted,SHARES_BASIC_DILUTED_COMBINED,shares,104065000.0,2019-01-01,2019-12-31,365,4,2021-03-03,10-K,FY,2020,CY2019,0001562762-21-000097,2021-03-03T16:44:49.000Z,10-K,2021-03-03,True
20520,"Frontier Communications Parent, Inc.",WeightedAverageNumberOfShareOutstandingBasicAndDiluted,SHARES_BASIC_DILUTED_COMBINED,shares,104363000.0,2020-01-01,2020-03-31,91,1,2020-05-06,10-Q,Q1,2020,CY2020Q1,0001562762-20-000173,2020-05-06T16:26:10.000Z,10-Q,2020-05-06,True
20520,"Frontier Communications Parent, Inc.",WeightedAverageNumberOfShareOutstandingBasicAndDiluted,SHARES_BASIC_DILUTED_COMBINED,shares,104437000.0,2020-01-01,2020-06-30,182,2,2020-08-10,10-Q,Q2,2020,,0001562762-20-000319,2020-08-07T17:59:58.000Z,10-Q,2020-08-07,True
20520,"Frontier Communications Parent, Inc.",WeightedAverageNumberOfShareOutstandingBasicAndDiluted,SHARES_BASIC_DILUTED_COMBINED,shares,104525000.0,2020-04-01,2020-06-30,91,1,2020-08-10,10-Q,Q2,2020,CY2020Q2,0001562762-20-000319,2020-08-07T17:59:58.000Z,10-Q,2020-08-07,True
20520,"Frontier Communications Parent, Inc.",WeightedAverageNumberOfShareOutstandingBasicAndDiluted,SHARES_BASIC_DILUTED_COMBINED,shares,104467000.0,2020-01-01,2020-12-31,366,4,2021-03-03,10-K,FY,2020,CY2020,0001562762-21-000097,2021-03-03T16:44:49.000Z,10-K,2021-03-03,True
35214,FERRO CORP,NetCashProvidedByUsedInOperatingActivitiesContinuingOperations,CFO_CONTINUING,USD,1630000.0,2017-01-01,2017-03-31,90,1,2017-04-25,10-Q,Q1,2017,CY2017Q1,0001562762-17-000048,2017-04-25T16:46:42.000Z,10-Q,2017-04-25,True
35214,FERRO CORP,NetCashProvidedByUsedInOperatingActivitiesContinuingOperations,CFO_CONTINUING,USD,14705000.0,2017-01-01,2017-06-30,181,2,2017-07-26,10-Q,Q2,2017,,0001562762-17-000097,2017-07-26T16:42:02.000Z,10-Q,2017-07-26,True
35214,FERRO CORP,NetCashProvidedByUsedInOperatingActivitiesContinuingOperations,CFO_CONTINUING,USD,34691000.0,2017-01-01,2017-09-30,273,3,2017-11-01,10-Q,Q3,2017,,0001562762-17-000166,2017-11-01T16:57:38.000Z,10-Q,2017-11-01,True
35214,FERRO CORP,WeightedAverageNumberDilutedSharesOutstandingAdjustment,DILUTED_SHARES_ADJUSTMENT,shares,1443000.0,2017-01-01,2017-12-31,365,4,2018-02-28,10-K,FY,2017,,0001562762-18-000046,2018-02-28T16:42:15.000Z,10-K,2018-02-28,True
35214,FERRO CORP,WeightedAverageNumberDilutedSharesOutstandingAdjustment,DILUTED_SHARES_ADJUSTMENT,shares,1443000.0,2017-01-01,2017-12-31,365,4,2019-02-27,10-K,FY,2018,,0000035214-19-000019,2019-02-27T16:47:56.000Z,10-K,2019-02-27,True
35214,FERRO CORP,WeightedAverageNumberDilutedSharesOutstandingAdjustment,DILUTED_SHARES_ADJUSTMENT,shares,1443000.0,2017-01-01,2017-12-31,365,4,2020-03-02,10-K,FY,2019,CY2017,0000035214-20-000009,2020-03-02T17:29:54.000Z,10-K,2020-03-02,True
35214,FERRO CORP,WeightedAverageNumberDilutedSharesOutstandingAdjustment,DILUTED_SHARES_ADJUSTMENT,shares,1145000.0,2018-01-01,2018-12-31,365,4,2019-02-27,10-K,FY,2018,,0000035214-19-000019,2019-02-27T16:47:56.000Z,10-K,2019-02-27,True
35214,FERRO CORP,WeightedAverageNumberDilutedSharesOutstandingAdjustment,DILUTED_SHARES_ADJUSTMENT,shares,1145000.0,2018-01-01,2018-12-31,365,4,2020-03-02,10-K,FY,2019,,0000035214-20-000009,2020-03-02T17:29:54.000Z,10-K,2020-03-02,True
35214,FERRO CORP,WeightedAverageNumberDilutedSharesOutstandingAdjustment,DILUTED_SHARES_ADJUSTMENT,shares,1145000.0,2018-01-01,2018-12-31,365,4,2021-03-01,10-K,FY,2020,CY2018,0000035214-21-000006,2021-03-01T16:34:36.000Z,10-K,2021-03-01,True
35214,FERRO CORP,WeightedAverageNumberDilutedSharesOutstandingAdjustment,DILUTED_SHARES_ADJUSTMENT,shares,808000.0,2019-01-01,2019-12-31,365,4,2020-03-02,10-K,FY,2019,,0000035214-20-000009,2020-03-02T17:29:54.000Z,10-K,2020-03-02,True
35214,FERRO CORP,WeightedAverageNumberDilutedSharesOutstandingAdjustment,DILUTED_SHARES_ADJUSTMENT,shares,808000.0,2019-01-01,2019-12-31,365,4,2021-03-01,10-K,FY,2020,,0000035214-21-000006,2021-03-01T16:34:36.000Z,10-K,2021-03-01,True
35214,FERRO CORP,WeightedAverageNumberDilutedSharesOutstandingAdjustment,DILUTED_SHARES_ADJUSTMENT,shares,808000.0,2019-01-01,2019-12-31,365,4,2022-03-01,10-K,FY,2021,CY2019,0000035214-22-000009,2022-03-01T16:18:11.000Z,10-K,2022-03-01,True
35214,FERRO CORP,WeightedAverageNumberDilutedSharesOutstandingAdjustment,DILUTED_SHARES_ADJUSTMENT,shares,792000.0,2020-01-01,2020-12-31,366,4,2021-03-01,10-K,FY,2020,,0000035214-21-000006,2021-03-01T16:34:36.000Z,10-K,2021-03-01,True
35214,FERRO CORP,WeightedAverageNumberDilutedSharesOutstandingAdjustment,DILUTED_SHARES_ADJUSTMENT,shares,792000.0,2020-01-01,2020-12-31,366,4,2022-03-01,10-K,FY,2021,CY2020,0000035214-22-000009,2022-03-01T16:18:11.000Z,10-K,2022-03-01,True
35214,FERRO CORP,WeightedAverageNumberDilutedSharesOutstandingAdjustment,DILUTED_SHARES_ADJUSTMENT,shares,886000.0,2021-01-01,2021-12-31,365,4,2022-03-01,10-K,FY,2021,CY2021,0000035214-22-000009,2022-03-01T16:18:11.000Z,10-K,2022-03-01,True
54480,KANSAS CITY SOUTHERN,NetCashProvidedByUsedInOperatingActivitiesContinuingOperations,CFO_CONTINUING,USD,129600000.0,2017-01-01,2017-03-31,90,1,2017-04-21,10-Q,Q1,2017,,0000054480-17-000079,2017-04-21T11:03:20.000Z,10-Q,2017-04-21,True
54480,KANSAS CITY SOUTHERN,NetCashProvidedByUsedInOperatingActivitiesContinuingOperations,CFO_CONTINUING,USD,129600000.0,2017-01-01,2017-03-31,90,1,2018-04-20,10-Q,Q1,2018,CY2017Q1,0000054480-18-000135,2018-04-20T13:35:54.000Z,10-Q,2018-04-20,True
54480,KANSAS CITY SOUTHERN,NetCashProvidedByUsedInOperatingActivitiesContinuingOperations,CFO_CONTINUING,USD,416900000.0,2017-01-01,2017-06-30,181,2,2017-07-21,10-Q,Q2,2017,,0000054480-17-000144,2017-07-21T11:02:38.000Z,10-Q,2017-07-21,True
54480,KANSAS CITY SOUTHERN,NetCashProvidedByUsedInOperatingActivitiesContinuingOperations,CFO_CONTINUING,USD,416900000.0,2017-01-01,2017-06-30,181,2,2018-07-20,10-Q,Q2,2018,,0000054480-18-000178,2018-07-20T11:17:26.000Z,10-Q,2018-07-20,True
54480,KANSAS CITY SOUTHERN,NetCashProvidedByUsedInOperatingActivitiesContinuingOperations,CFO_CONTINUING,USD,733700000.0,2017-01-01,2017-09-30,273,3,2017-10-20,10-Q,Q3,2017,,0000054480-17-000171,2017-10-20T12:15:07.000Z,10-Q,2017-10-20,True
54480,KANSAS CITY SOUTHERN,NetCashProvidedByUsedInOperatingActivitiesContinuingOperations,CFO_CONTINUING,USD,733700000.0,2017-01-01,2017-09-30,273,3,2018-10-19,10-Q,Q3,2018,,0000054480-18-000201,2018-10-19T11:36:31.000Z,10-Q,2018-10-19,True
54480,KANSAS CITY SOUTHERN,NetCashProvidedByUsedInOperatingActivitiesContinuingOperations,CFO_CONTINUING,USD,1028400000.0,2017-01-01,2017-12-31,365,4,2018-01-26,10-K,FY,2017,,0000054480-18-000046,2018-01-26T16:56:39.000Z,10-K,2018-01-26,True
54480,KANSAS CITY SOUTHERN,NetCashProvidedByUsedInOperatingActivitiesContinuingOperations,CFO_CONTINUING,USD,1028400000.0,2017-01-01,2017-12-31,365,4,2019-01-25,10-K,FY,2018,CY2017,0000054480-19-000012,2019-01-25T16:59:10.000Z,10-K,2019-01-25,True
54480,KANSAS CITY SOUTHERN,NetCashProvidedByUsedInOperatingActivitiesContinuingOperations,CFO_CONTINUING,USD,140600000.0,2018-01-01,2018-03-31,90,1,2018-04-20,10-Q,Q1,2018,,0000054480-18-000135,2018-04-20T13:35:54.000Z,10-Q,2018-04-20,True
54480,KANSAS CITY SOUTHERN,NetCashProvidedByUsedInOperatingActivitiesContinuingOperations,CFO_CONTINUING,USD,140600000.0,2018-01-01,2018-03-31,90,1,2019-04-17,10-Q,Q1,2019,CY2018Q1,0000054480-19-000123,2019-04-17T14:22:28.000Z,10-Q,2019-04-17,True
54480,KANSAS CITY SOUTHERN,NetCashProvidedByUsedInOperatingActivitiesContinuingOperations,CFO_CONTINUING,USD,425800000.0,2018-01-01,2018-06-30,181,2,2018-07-20,10-Q,Q2,2018,,0000054480-18-000178,2018-07-20T11:17:26.000Z,10-Q,2018-07-20,True
54480,KANSAS CITY SOUTHERN,NetCashProvidedByUsedInOperatingActivitiesContinuingOperations,CFO_CONTINUING,USD,425800000.0,2018-01-01,2018-06-30,181,2,2019-07-19,10-Q,Q2,2019,,0000054480-19-000183,2019-07-19T11:43:30.000Z,10-Q,2019-07-19,True
54480,KANSAS CITY SOUTHERN,NetCashProvidedByUsedInOperatingActivitiesContinuingOperations,CFO_CONTINUING,USD,705800000.0,2018-01-01,2018-09-30,273,3,2018-10-19,10-Q,Q3,2018,,0000054480-18-000201,2018-10-19T11:36:31.000Z,10-Q,2018-10-19,True
54480,KANSAS CITY SOUTHERN,NetCashProvidedByUsedInOperatingActivitiesContinuingOperations,CFO_CONTINUING,USD,945700000.0,2018-01-01,2018-12-31,365,4,2019-01-25,10-K,FY,2018,CY2018,0000054480-19-000012,2019-01-25T16:59:10.000Z,10-K,2019-01-25,True
54480,KANSAS CITY SOUTHERN,NetCashProvidedByUsedInOperatingActivitiesContinuingOperations,CFO_CONTINUING,USD,272700000.0,2019-01-01,2019-03-31,90,1,2019-04-17,10-Q,Q1,2019,CY2019Q1,0000054480-19-000123,2019-04-17T14:22:28.000Z,10-Q,2019-04-17,True
54480,KANSAS CITY SOUTHERN,NetCashProvidedByUsedInOperatingActivitiesContinuingOperations,CFO_CONTINUING,USD,541200000.0,2019-01-01,2019-06-30,181,2,2019-07-19,10-Q,Q2,2019,,0000054480-19-000183,2019-07-19T11:43:30.000Z,10-Q,2019-07-19,True
54480,KANSAS CITY SOUTHERN,WeightedAverageNumberDilutedSharesOutstandingAdjustment,DILUTED_SHARES_ADJUSTMENT,shares,215000.0,2017-01-01,2017-03-31,90,1,2017-04-21,10-Q,Q1,2017,,0000054480-17-000079,2017-04-21T11:03:20.000Z,10-Q,2017-04-21,True
54480,KANSAS CITY SOUTHERN,WeightedAverageNumberDilutedSharesOutstandingAdjustment,DILUTED_SHARES_ADJUSTMENT,shares,215000.0,2017-01-01,2017-03-31,90,1,2018-04-20,10-Q,Q1,2018,CY2017Q1,0000054480-18-000135,2018-04-20T13:35:54.000Z,10-Q,2018-04-20,True
54480,KANSAS CITY SOUTHERN,WeightedAverageNumberDilutedSharesOutstandingAdjustment,DILUTED_SHARES_ADJUSTMENT,shares,250000.0,2017-01-01,2017-06-30,181,2,2017-07-21,10-Q,Q2,2017,,0000054480-17-000144,2017-07-21T11:02:38.000Z,10-Q,2017-07-21,True
54480,KANSAS CITY SOUTHERN,WeightedAverageNumberDilutedSharesOutstandingAdjustment,DILUTED_SHARES_ADJUSTMENT,shares,285000.0,2017-04-01,2017-06-30,91,1,2017-07-21,10-Q,Q2,2017,,0000054480-17-000144,2017-07-21T11:02:38.000Z,10-Q,2017-07-21,True
54480,KANSAS CITY SOUTHERN,WeightedAverageNumberDilutedSharesOutstandingAdjustment,DILUTED_SHARES_ADJUSTMENT,shares,250000.0,2017-01-01,2017-06-30,181,2,2018-07-20,10-Q,Q2,2018,,0000054480-18-000178,2018-07-20T11:17:26.000Z,10-Q,2018-07-20,True
54480,KANSAS CITY SOUTHERN,WeightedAverageNumberDilutedSharesOutstandingAdjustment,DILUTED_SHARES_ADJUSTMENT,shares,285000.0,2017-04-01,2017-06-30,91,1,2018-07-20,10-Q,Q2,2018,CY2017Q2,0000054480-18-000178,2018-07-20T11:17:26.000Z,10-Q,2018-07-20,True
54480,KANSAS CITY SOUTHERN,WeightedAverageNumberDilutedSharesOutstandingAdjustment,DILUTED_SHARES_ADJUSTMENT,shares,285000.0,2017-01-01,2017-09-30,273,3,2017-10-20,10-Q,Q3,2017,,0000054480-17-000171,2017-10-20T12:15:07.000Z,10-Q,2017-10-20,True
54480,KANSAS CITY SOUTHERN,WeightedAverageNumberDilutedSharesOutstandingAdjustment,DILUTED_SHARES_ADJUSTMENT,shares,354000.0,2017-07-01,2017-09-30,92,1,2017-10-20,10-Q,Q3,2017,,0000054480-17-000171,2017-10-20T12:15:07.000Z,10-Q,2017-10-20,True
54480,KANSAS CITY SOUTHERN,WeightedAverageNumberDilutedSharesOutstandingAdjustment,DILUTED_SHARES_ADJUSTMENT,shares,285000.0,2017-01-01,2017-09-30,273,3,2018-10-19,10-Q,Q3,2018,,0000054480-18-000201,2018-10-19T11:36:31.000Z,10-Q,2018-10-19,True
54480,KANSAS CITY SOUTHERN,WeightedAverageNumberDilutedSharesOutstandingAdjustment,DILUTED_SHARES_ADJUSTMENT,shares,354000.0,2017-07-01,2017-09-30,92,1,2018-10-19,10-Q,Q3,2018,CY2017Q3,0000054480-18-000201,2018-10-19T11:36:31.000Z,10-Q,2018-10-19,True
54480,KANSAS CITY SOUTHERN,WeightedAverageNumberDilutedSharesOutstandingAdjustment,DILUTED_SHARES_ADJUSTMENT,shares,312000.0,2017-01-01,2017-12-31,365,4,2018-01-26,10-K,FY,2017,,0000054480-18-000046,2018-01-26T16:56:39.000Z,10-K,2018-01-26,True
54480,KANSAS CITY SOUTHERN,WeightedAverageNumberDilutedSharesOutstandingAdjustment,DILUTED_SHARES_ADJUSTMENT,shares,312000.0,2017-01-01,2017-12-31,365,4,2019-01-25,10-K,FY,2018,,0000054480-19-000012,2019-01-25T16:59:10.000Z,10-K,2019-01-25,True
54480,KANSAS CITY SOUTHERN,WeightedAverageNumberDilutedSharesOutstandingAdjustment,DILUTED_SHARES_ADJUSTMENT,shares,312000.0,2017-01-01,2017-12-31,365,4,2020-01-24,10-K,FY,2019,CY2017,0000054480-20-000015,2020-01-24T15:32:02.000Z,10-K,2020-01-24,True
54480,KANSAS CITY SOUTHERN,WeightedAverageNumberDilutedSharesOutstandingAdjustment,DILUTED_SHARES_ADJUSTMENT,shares,402000.0,2018-01-01,2018-03-31,90,1,2018-04-20,10-Q,Q1,2018,,0000054480-18-000135,2018-04-20T13:35:54.000Z,10-Q,2018-04-20,True
54480,KANSAS CITY SOUTHERN,WeightedAverageNumberDilutedSharesOutstandingAdjustment,DILUTED_SHARES_ADJUSTMENT,shares,402000.0,2018-01-01,2018-03-31,90,1,2019-04-17,10-Q,Q1,2019,CY2018Q1,0000054480-19-000123,2019-04-17T14:22:28.000Z,10-Q,2019-04-17,True
54480,KANSAS CITY SOUTHERN,WeightedAverageNumberDilutedSharesOutstandingAdjustment,DILUTED_SHARES_ADJUSTMENT,shares,401000.0,2018-01-01,2018-06-30,181,2,2018-07-20,10-Q,Q2,2018,,0000054480-18-000178,2018-07-20T11:17:26.000Z,10-Q,2018-07-20,True
54480,KANSAS CITY SOUTHERN,WeightedAverageNumberDilutedSharesOutstandingAdjustment,DILUTED_SHARES_ADJUSTMENT,shares,400000.0,2018-04-01,2018-06-30,91,1,2018-07-20,10-Q,Q2,2018,,0000054480-18-000178,2018-07-20T11:17:26.000Z,10-Q,2018-07-20,True
54480,KANSAS CITY SOUTHERN,WeightedAverageNumberDilutedSharesOutstandingAdjustment,DILUTED_SHARES_ADJUSTMENT,shares,401000.0,2018-01-01,2018-06-30,181,2,2019-07-19,10-Q,Q2,2019,,0000054480-19-000183,2019-07-19T11:43:30.000Z,10-Q,2019-07-19,True
54480,KANSAS CITY SOUTHERN,WeightedAverageNumberDilutedSharesOutstandingAdjustment,DILUTED_SHARES_ADJUSTMENT,shares,400000.0,2018-04-01,2018-06-30,91,1,2019-07-19,10-Q,Q2,2019,CY2018Q2,0000054480-19-000183,2019-07-19T11:43:30.000Z,10-Q,2019-07-19,True
54480,KANSAS CITY SOUTHERN,WeightedAverageNumberDilutedSharesOutstandingAdjustment,DILUTED_SHARES_ADJUSTMENT,shares,418000.0,2018-01-01,2018-09-30,273,3,2018-10-19,10-Q,Q3,2018,,0000054480-18-000201,2018-10-19T11:36:31.000Z,10-Q,2018-10-19,True
54480,KANSAS CITY SOUTHERN,WeightedAverageNumberDilutedSharesOutstandingAdjustment,DILUTED_SHARES_ADJUSTMENT,shares,452000.0,2018-07-01,2018-09-30,92,1,2018-10-19,10-Q,Q3,2018,,0000054480-18-000201,2018-10-19T11:36:31.000Z,10-Q,2018-10-19,True
54480,KANSAS CITY SOUTHERN,WeightedAverageNumberDilutedSharesOutstandingAdjustment,DILUTED_SHARES_ADJUSTMENT,shares,418000.0,2018-01-01,2018-09-30,273,3,2019-10-18,10-Q,Q3,2019,,0000054480-19-000214,2019-10-18T12:30:54.000Z,10-Q,2019-10-18,True
54480,KANSAS CITY SOUTHERN,WeightedAverageNumberDilutedSharesOutstandingAdjustment,DILUTED_SHARES_ADJUSTMENT,shares,452000.0,2018-07-01,2018-09-30,92,1,2019-10-18,10-Q,Q3,2019,CY2018Q3,0000054480-19-000214,2019-10-18T12:30:54.000Z,10-Q,2019-10-18,True
54480,KANSAS CITY SOUTHERN,WeightedAverageNumberDilutedSharesOutstandingAdjustment,DILUTED_SHARES_ADJUSTMENT,shares,418000.0,2018-01-01,2018-12-31,365,4,2019-01-25,10-K,FY,2018,,0000054480-19-000012,2019-01-25T16:59:10.000Z,10-K,2019-01-25,True
54480,KANSAS CITY SOUTHERN,WeightedAverageNumberDilutedSharesOutstandingAdjustment,DILUTED_SHARES_ADJUSTMENT,shares,418000.0,2018-01-01,2018-12-31,365,4,2020-01-24,10-K,FY,2019,,0000054480-20-000015,2020-01-24T15:32:02.000Z,10-K,2020-01-24,True
54480,KANSAS CITY SOUTHERN,WeightedAverageNumberDilutedSharesOutstandingAdjustment,DILUTED_SHARES_ADJUSTMENT,shares,418000.0,2018-01-01,2018-12-31,365,4,2021-01-29,10-K,FY,2020,CY2018,0000054480-21-000021,2021-01-29T13:52:54.000Z,10-K,2021-01-29,True
54480,KANSAS CITY SOUTHERN,WeightedAverageNumberDilutedSharesOutstandingAdjustment,DILUTED_SHARES_ADJUSTMENT,shares,415000.0,2019-01-01,2019-03-31,90,1,2019-04-17,10-Q,Q1,2019,,0000054480-19-000123,2019-04-17T14:22:28.000Z,10-Q,2019-04-17,True
54480,KANSAS CITY SOUTHERN,WeightedAverageNumberDilutedSharesOutstandingAdjustment,DILUTED_SHARES_ADJUSTMENT,shares,415000.0,2019-01-01,2019-03-31,90,1,2020-04-17,10-Q,Q1,2020,CY2019Q1,0000054480-20-000113,2020-04-17T13:46:55.000Z,10-Q,2020-04-17,True
54480,KANSAS CITY SOUTHERN,WeightedAverageNumberDilutedSharesOutstandingAdjustment,DILUTED_SHARES_ADJUSTMENT,shares,405000.0,2019-01-01,2019-06-30,181,2,2019-07-19,10-Q,Q2,2019,,0000054480-19-000183,2019-07-19T11:43:30.000Z,10-Q,2019-07-19,True
54480,KANSAS CITY SOUTHERN,WeightedAverageNumberDilutedSharesOutstandingAdjustment,DILUTED_SHARES_ADJUSTMENT,shares,394000.0,2019-04-01,2019-06-30,91,1,2019-07-19,10-Q,Q2,2019,,0000054480-19-000183,2019-07-19T11:43:30.000Z,10-Q,2019-07-19,True
54480,KANSAS CITY SOUTHERN,WeightedAverageNumberDilutedSharesOutstandingAdjustment,DILUTED_SHARES_ADJUSTMENT,shares,405000.0,2019-01-01,2019-06-30,181,2,2020-07-17,10-Q,Q2,2020,,0000054480-20-000181,2020-07-17T14:23:21.000Z,10-Q,2020-07-17,True
54480,KANSAS CITY SOUTHERN,WeightedAverageNumberDilutedSharesOutstandingAdjustment,DILUTED_SHARES_ADJUSTMENT,shares,394000.0,2019-04-01,2019-06-30,91,1,2020-07-17,10-Q,Q2,2020,CY2019Q2,0000054480-20-000181,2020-07-17T14:23:21.000Z,10-Q,2020-07-17,True
54480,KANSAS CITY SOUTHERN,WeightedAverageNumberDilutedSharesOutstandingAdjustment,DILUTED_SHARES_ADJUSTMENT,shares,405000.0,2019-01-01,2019-09-30,273,3,2019-10-18,10-Q,Q3,2019,,0000054480-19-000214,2019-10-18T12:30:54.000Z,10-Q,2019-10-18,True
54480,KANSAS CITY SOUTHERN,WeightedAverageNumberDilutedSharesOutstandingAdjustment,DILUTED_SHARES_ADJUSTMENT,shares,403000.0,2019-07-01,2019-09-30,92,1,2019-10-18,10-Q,Q3,2019,,0000054480-19-000214,2019-10-18T12:30:54.000Z,10-Q,2019-10-18,True
54480,KANSAS CITY SOUTHERN,WeightedAverageNumberDilutedSharesOutstandingAdjustment,DILUTED_SHARES_ADJUSTMENT,shares,405000.0,2019-01-01,2019-09-30,273,3,2020-10-16,10-Q,Q3,2020,,0000054480-20-000221,2020-10-16T12:12:54.000Z,10-Q,2020-10-16,True
54480,KANSAS CITY SOUTHERN,WeightedAverageNumberDilutedSharesOutstandingAdjustment,DILUTED_SHARES_ADJUSTMENT,shares,403000.0,2019-07-01,2019-09-30,92,1,2020-10-16,10-Q,Q3,2020,CY2019Q3,0000054480-20-000221,2020-10-16T12:12:54.000Z,10-Q,2020-10-16,True
54480,KANSAS CITY SOUTHERN,WeightedAverageNumberDilutedSharesOutstandingAdjustment,DILUTED_SHARES_ADJUSTMENT,shares,431000.0,2019-01-01,2019-12-31,365,4,2020-01-24,10-K,FY,2019,,0000054480-20-000015,2020-01-24T15:32:02.000Z,10-K,2020-01-24,True
54480,KANSAS CITY SOUTHERN,WeightedAverageNumberDilutedSharesOutstandingAdjustment,DILUTED_SHARES_ADJUSTMENT,shares,431000.0,2019-01-01,2019-12-31,365,4,2021-01-29,10-K,FY,2020,CY2019,0000054480-21-000021,2021-01-29T13:52:54.000Z,10-K,2021-01-29,True
54480,KANSAS CITY SOUTHERN,WeightedAverageNumberDilutedSharesOutstandingAdjustment,DILUTED_SHARES_ADJUSTMENT,shares,509000.0,2020-01-01,2020-03-31,91,1,2020-04-17,10-Q,Q1,2020,,0000054480-20-000113,2020-04-17T13:46:55.000Z,10-Q,2020-04-17,True
54480,KANSAS CITY SOUTHERN,WeightedAverageNumberDilutedSharesOutstandingAdjustment,DILUTED_SHARES_ADJUSTMENT,shares,509000.0,2020-01-01,2020-03-31,91,1,2021-04-16,10-Q,Q1,2021,CY2020Q1,0000054480-21-000117,2021-04-16T11:56:41.000Z,10-Q,2021-04-16,True
54480,KANSAS CITY SOUTHERN,WeightedAverageNumberDilutedSharesOutstandingAdjustment,DILUTED_SHARES_ADJUSTMENT,shares,464000.0,2020-01-01,2020-06-30,182,2,2020-07-17,10-Q,Q2,2020,,0000054480-20-000181,2020-07-17T14:23:21.000Z,10-Q,2020-07-17,True
54480,KANSAS CITY SOUTHERN,WeightedAverageNumberDilutedSharesOutstandingAdjustment,DILUTED_SHARES_ADJUSTMENT,shares,417000.0,2020-04-01,2020-06-30,91,1,2020-07-17,10-Q,Q2,2020,,0000054480-20-000181,2020-07-17T14:23:21.000Z,10-Q,2020-07-17,True
54480,KANSAS CITY SOUTHERN,WeightedAverageNumberDilutedSharesOutstandingAdjustment,DILUTED_SHARES_ADJUSTMENT,shares,464000.0,2020-01-01,2020-06-30,182,2,2021-07-16,10-Q,Q2,2021,,0000054480-21-000199,2021-07-16T12:33:48.000Z,10-Q,2021-07-16,True
54480,KANSAS CITY SOUTHERN,WeightedAverageNumberDilutedSharesOutstandingAdjustment,DILUTED_SHARES_ADJUSTMENT,shares,417000.0,2020-04-01,2020-06-30,91,1,2021-07-16,10-Q,Q2,2021,CY2020Q2,0000054480-21-000199,2021-07-16T12:33:48.000Z,10-Q,2021-07-16,True
54480,KANSAS CITY SOUTHERN,WeightedAverageNumberDilutedSharesOutstandingAdjustment,DILUTED_SHARES_ADJUSTMENT,shares,477000.0,2020-01-01,2020-09-30,274,3,2020-10-16,10-Q,Q3,2020,,0000054480-20-000221,2020-10-16T12:12:54.000Z,10-Q,2020-10-16,True
54480,KANSAS CITY SOUTHERN,WeightedAverageNumberDilutedSharesOutstandingAdjustment,DILUTED_SHARES_ADJUSTMENT,shares,504000.0,2020-07-01,2020-09-30,92,1,2020-10-16,10-Q,Q3,2020,,0000054480-20-000221,2020-10-16T12:12:54.000Z,10-Q,2020-10-16,True
54480,KANSAS CITY SOUTHERN,WeightedAverageNumberDilutedSharesOutstandingAdjustment,DILUTED_SHARES_ADJUSTMENT,shares,477000.0,2020-01-01,2020-09-30,274,3,2021-10-19,10-Q,Q3,2021,,0000054480-21-000220,2021-10-19T12:54:32.000Z,10-Q,2021-10-19,True
54480,KANSAS CITY SOUTHERN,WeightedAverageNumberDilutedSharesOutstandingAdjustment,DILUTED_SHARES_ADJUSTMENT,shares,504000.0,2020-07-01,2020-09-30,92,1,2021-10-19,10-Q,Q3,2021,CY2020Q3,0000054480-21-000220,2021-10-19T12:54:32.000Z,10-Q,2021-10-19,True
54480,KANSAS CITY SOUTHERN,WeightedAverageNumberDilutedSharesOutstandingAdjustment,DILUTED_SHARES_ADJUSTMENT,shares,489000.0,2020-01-01,2020-12-31,366,4,2021-01-29,10-K,FY,2020,CY2020,0000054480-21-000021,2021-01-29T13:52:54.000Z,10-K,2021-01-29,True
54480,KANSAS CITY SOUTHERN,WeightedAverageNumberDilutedSharesOutstandingAdjustment,DILUTED_SHARES_ADJUSTMENT,shares,529000.0,2021-01-01,2021-03-31,90,1,2021-04-16,10-Q,Q1,2021,CY2021Q1,0000054480-21-000117,2021-04-16T11:56:41.000Z,10-Q,2021-04-16,True
54480,KANSAS CITY SOUTHERN,WeightedAverageNumberDilutedSharesOutstandingAdjustment,DILUTED_SHARES_ADJUSTMENT,shares,0.0,2021-01-01,2021-06-30,181,2,2021-07-16,10-Q,Q2,2021,,0000054480-21-000199,2021-07-16T12:33:48.000Z,10-Q,2021-07-16,True
54480,KANSAS CITY SOUTHERN,WeightedAverageNumberDilutedSharesOutstandingAdjustment,DILUTED_SHARES_ADJUSTMENT,shares,0.0,2021-04-01,2021-06-30,91,1,2021-07-16,10-Q,Q2,2021,CY2021Q2,0000054480-21-000199,2021-07-16T12:33:48.000Z,10-Q,2021-07-16,True
54480,KANSAS CITY SOUTHERN,WeightedAverageNumberDilutedSharesOutstandingAdjustment,DILUTED_SHARES_ADJUSTMENT,shares,0.0,2021-01-01,2021-09-30,273,3,2021-10-19,10-Q,Q3,2021,,0000054480-21-000220,2021-10-19T12:54:32.000Z,10-Q,2021-10-19,True
54480,KANSAS CITY SOUTHERN,WeightedAverageNumberDilutedSharesOutstandingAdjustment,DILUTED_SHARES_ADJUSTMENT,shares,566000.0,2021-07-01,2021-09-30,92,1,2021-10-19,10-Q,Q3,2021,CY2021Q3,0000054480-21-000220,2021-10-19T12:54:32.000Z,10-Q,2021-10-19,True
58492,LEGGETT & PLATT INC,WeightedAverageNumberDilutedSharesOutstandingAdjustment,DILUTED_SHARES_ADJUSTMENT,shares,1300000.0,2017-01-01,2017-03-31,90,1,2017-05-09,10-Q,Q1,2017,,0000058492-17-000007,2017-05-09T20:39:02.000Z,10-Q,2017-05-09,True
58492,LEGGETT & PLATT INC,WeightedAverageNumberDilutedSharesOutstandingAdjustment,DILUTED_SHARES_ADJUSTMENT,shares,1300000.0,2017-01-01,2017-03-31,90,1,2018-05-08,10-Q,Q1,2018,CY2017Q1,0000058492-18-000006,2018-05-08T16:17:16.000Z,10-Q,2018-05-08,True
58492,LEGGETT & PLATT INC,WeightedAverageNumberDilutedSharesOutstandingAdjustment,DILUTED_SHARES_ADJUSTMENT,shares,1400000.0,2017-01-01,2017-06-30,181,2,2017-08-04,10-Q,Q2,2017,,0000058492-17-000015,2017-08-04T15:35:40.000Z,10-Q,2017-08-04,True
58492,LEGGETT & PLATT INC,WeightedAverageNumberDilutedSharesOutstandingAdjustment,DILUTED_SHARES_ADJUSTMENT,shares,1400000.0,2017-04-01,2017-06-30,91,1,2017-08-04,10-Q,Q2,2017,,0000058492-17-000015,2017-08-04T15:35:40.000Z,10-Q,2017-08-04,True
58492,LEGGETT & PLATT INC,WeightedAverageNumberDilutedSharesOutstandingAdjustment,DILUTED_SHARES_ADJUSTMENT,shares,1400000.0,2017-01-01,2017-06-30,181,2,2018-08-03,10-Q,Q2,2018,,0000058492-18-000011,2018-08-03T17:17:26.000Z,10-Q,2018-08-03,True
58492,LEGGETT & PLATT INC,WeightedAverageNumberDilutedSharesOutstandingAdjustment,DILUTED_SHARES_ADJUSTMENT,shares,1400000.0,2017-04-01,2017-06-30,91,1,2018-08-03,10-Q,Q2,2018,CY2017Q2,0000058492-18-000011,2018-08-03T17:17:26.000Z,10-Q,2018-08-03,True
58492,LEGGETT & PLATT INC,WeightedAverageNumberDilutedSharesOutstandingAdjustment,DILUTED_SHARES_ADJUSTMENT,shares,1400000.0,2017-01-01,2017-09-30,273,3,2017-11-07,10-Q,Q3,2017,,0000058492-17-000017,2017-11-07T21:04:32.000Z,10-Q,2017-11-07,True
58492,LEGGETT & PLATT INC,WeightedAverageNumberDilutedSharesOutstandingAdjustment,DILUTED_SHARES_ADJUSTMENT,shares,1200000.0,2017-07-01,2017-09-30,92,1,2017-11-07,10-Q,Q3,2017,,0000058492-17-000017,2017-11-07T21:04:32.000Z,10-Q,2017-11-07,True
58492,LEGGETT & PLATT INC,WeightedAverageNumberDilutedSharesOutstandingAdjustment,DILUTED_SHARES_ADJUSTMENT,shares,1400000.0,2017-01-01,2017-09-30,273,3,2018-11-07,10-Q,Q3,2018,,0000058492-18-000014,2018-11-07T21:00:08.000Z,10-Q,2018-11-07,True
58492,LEGGETT & PLATT INC,WeightedAverageNumberDilutedSharesOutstandingAdjustment,DILUTED_SHARES_ADJUSTMENT,shares,1200000.0,2017-07-01,2017-09-30,92,1,2018-11-07,10-Q,Q3,2018,CY2017Q3,0000058492-18-000014,2018-11-07T21:00:08.000Z,10-Q,2018-11-07,True
58492,LEGGETT & PLATT INC,WeightedAverageNumberDilutedSharesOutstandingAdjustment,DILUTED_SHARES_ADJUSTMENT,shares,1300000.0,2017-01-01,2017-12-31,365,4,2018-02-22,10-K,FY,2017,,0000058492-18-000004,2018-02-22T20:02:48.000Z,10-K,2018-02-22,True
58492,LEGGETT & PLATT INC,WeightedAverageNumberDilutedSharesOutstandingAdjustment,DILUTED_SHARES_ADJUSTMENT,shares,1300000.0,2017-01-01,2017-12-31,365,4,2019-02-27,10-K,FY,2018,,0000058492-19-000004,2019-02-27T21:27:37.000Z,10-K,2019-02-27,True
58492,LEGGETT & PLATT INC,WeightedAverageNumberDilutedSharesOutstandingAdjustment,DILUTED_SHARES_ADJUSTMENT,shares,1300000.0,2017-01-01,2017-12-31,365,4,2020-02-20,10-K,FY,2019,CY2017,0000058492-20-000002,2020-02-20T19:07:46.000Z,10-K,2020-02-20,True
58492,LEGGETT & PLATT INC,WeightedAverageNumberDilutedSharesOutstandingAdjustment,DILUTED_SHARES_ADJUSTMENT,shares,1000000.0,2018-01-01,2018-03-31,90,1,2018-05-08,10-Q,Q1,2018,,0000058492-18-000006,2018-05-08T16:17:16.000Z,10-Q,2018-05-08,True
58492,LEGGETT & PLATT INC,WeightedAverageNumberDilutedSharesOutstandingAdjustment,DILUTED_SHARES_ADJUSTMENT,shares,1000000.0,2018-01-01,2018-03-31,90,1,2019-05-07,10-Q,Q1,2019,CY2018Q1,0000058492-19-000010,2019-05-07T18:27:45.000Z,10-Q,2019-05-07,True
58492,LEGGETT & PLATT INC,WeightedAverageNumberDilutedSharesOutstandingAdjustment,DILUTED_SHARES_ADJUSTMENT,shares,1000000.0,2018-01-01,2018-06-30,181,2,2018-08-03,10-Q,Q2,2018,,0000058492-18-000011,2018-08-03T17:17:26.000Z,10-Q,2018-08-03,True
58492,LEGGETT & PLATT INC,WeightedAverageNumberDilutedSharesOutstandingAdjustment,DILUTED_SHARES_ADJUSTMENT,shares,900000.0,2018-04-01,2018-06-30,91,1,2018-08-03,10-Q,Q2,2018,,0000058492-18-000011,2018-08-03T17:17:26.000Z,10-Q,2018-08-03,True
58492,LEGGETT & PLATT INC,WeightedAverageNumberDilutedSharesOutstandingAdjustment,DILUTED_SHARES_ADJUSTMENT,shares,1000000.0,2018-01-01,2018-06-30,181,2,2019-08-06,10-Q,Q2,2019,,0000058492-19-000015,2019-08-06T19:56:20.000Z,10-Q,2019-08-06,True
58492,LEGGETT & PLATT INC,WeightedAverageNumberDilutedSharesOutstandingAdjustment,DILUTED_SHARES_ADJUSTMENT,shares,900000.0,2018-04-01,2018-06-30,91,1,2019-08-06,10-Q,Q2,2019,CY2018Q2,0000058492-19-000015,2019-08-06T19:56:20.000Z,10-Q,2019-08-06,True
58492,LEGGETT & PLATT INC,WeightedAverageNumberDilutedSharesOutstandingAdjustment,DILUTED_SHARES_ADJUSTMENT,shares,1000000.0,2018-01-01,2018-09-30,273,3,2018-11-07,10-Q,Q3,2018,,0000058492-18-000014,2018-11-07T21:00:08.000Z,10-Q,2018-11-07,True
58492,LEGGETT & PLATT INC,WeightedAverageNumberDilutedSharesOutstandingAdjustment,DILUTED_SHARES_ADJUSTMENT,shares,900000.0,2018-07-01,2018-09-30,92,1,2018-11-07,10-Q,Q3,2018,,0000058492-18-000014,2018-11-07T21:00:08.000Z,10-Q,2018-11-07,True
58492,LEGGETT & PLATT INC,WeightedAverageNumberDilutedSharesOutstandingAdjustment,DILUTED_SHARES_ADJUSTMENT,shares,1000000.0,2018-01-01,2018-09-30,273,3,2019-11-05,10-Q,Q3,2019,,0000058492-19-000018,2019-11-05T20:24:40.000Z,10-Q,2019-11-05,True
58492,LEGGETT & PLATT INC,WeightedAverageNumberDilutedSharesOutstandingAdjustment,DILUTED_SHARES_ADJUSTMENT,shares,900000.0,2018-07-01,2018-09-30,92,1,2019-11-05,10-Q,Q3,2019,CY2018Q3,0000058492-19-000018,2019-11-05T20:24:40.000Z,10-Q,2019-11-05,True
58492,LEGGETT & PLATT INC,WeightedAverageNumberDilutedSharesOutstandingAdjustment,DILUTED_SHARES_ADJUSTMENT,shares,900000.0,2018-01-01,2018-12-31,365,4,2019-02-27,10-K,FY,2018,,0000058492-19-000004,2019-02-27T21:27:37.000Z,10-K,2019-02-27,True
58492,LEGGETT & PLATT INC,WeightedAverageNumberDilutedSharesOutstandingAdjustment,DILUTED_SHARES_ADJUSTMENT,shares,900000.0,2018-01-01,2018-12-31,365,4,2020-02-20,10-K,FY,2019,,0000058492-20-000002,2020-02-20T19:07:46.000Z,10-K,2020-02-20,True
58492,LEGGETT & PLATT INC,WeightedAverageNumberDilutedSharesOutstandingAdjustment,DILUTED_SHARES_ADJUSTMENT,shares,900000.0,2018-01-01,2018-12-31,365,4,2021-02-24,10-K,FY,2020,,0000058492-21-000005,2021-02-24T22:02:57.000Z,10-K,2021-02-24,True
58492,LEGGETT & PLATT INC,WeightedAverageNumberDilutedSharesOutstandingAdjustment,DILUTED_SHARES_ADJUSTMENT,shares,600000.0,2019-01-01,2019-03-31,90,1,2019-05-07,10-Q,Q1,2019,,0000058492-19-000010,2019-05-07T18:27:45.000Z,10-Q,2019-05-07,True
58492,LEGGETT & PLATT INC,WeightedAverageNumberDilutedSharesOutstandingAdjustment,DILUTED_SHARES_ADJUSTMENT,shares,600000.0,2019-01-01,2019-03-31,90,1,2020-05-08,10-Q,Q1,2020,CY2019Q1,0000058492-20-000009,2020-05-08T17:06:53.000Z,10-Q,2020-05-08,True
58492,LEGGETT & PLATT INC,WeightedAverageNumberDilutedSharesOutstandingAdjustment,DILUTED_SHARES_ADJUSTMENT,shares,600000.0,2019-01-01,2019-06-30,181,2,2019-08-06,10-Q,Q2,2019,,0000058492-19-000015,2019-08-06T19:56:20.000Z,10-Q,2019-08-06,True
58492,LEGGETT & PLATT INC,WeightedAverageNumberDilutedSharesOutstandingAdjustment,DILUTED_SHARES_ADJUSTMENT,shares,500000.0,2019-04-01,2019-06-30,91,1,2019-08-06,10-Q,Q2,2019,,0000058492-19-000015,2019-08-06T19:56:20.000Z,10-Q,2019-08-06,True
58492,LEGGETT & PLATT INC,WeightedAverageNumberDilutedSharesOutstandingAdjustment,DILUTED_SHARES_ADJUSTMENT,shares,600000.0,2019-01-01,2019-06-30,181,2,2020-08-06,10-Q,Q2,2020,,0000058492-20-000021,2020-08-06T19:38:37.000Z,10-Q,2020-08-06,True
58492,LEGGETT & PLATT INC,WeightedAverageNumberDilutedSharesOutstandingAdjustment,DILUTED_SHARES_ADJUSTMENT,shares,500000.0,2019-04-01,2019-06-30,91,1,2020-08-06,10-Q,Q2,2020,CY2019Q2,0000058492-20-000021,2020-08-06T19:38:37.000Z,10-Q,2020-08-06,True
58492,LEGGETT & PLATT INC,WeightedAverageNumberDilutedSharesOutstandingAdjustment,DILUTED_SHARES_ADJUSTMENT,shares,500000.0,2019-01-01,2019-09-30,273,3,2019-11-05,10-Q,Q3,2019,,0000058492-19-000018,2019-11-05T20:24:40.000Z,10-Q,2019-11-05,True
58492,LEGGETT & PLATT INC,WeightedAverageNumberDilutedSharesOutstandingAdjustment,DILUTED_SHARES_ADJUSTMENT,shares,500000.0,2019-07-01,2019-09-30,92,1,2019-11-05,10-Q,Q3,2019,,0000058492-19-000018,2019-11-05T20:24:40.000Z,10-Q,2019-11-05,True
58492,LEGGETT & PLATT INC,WeightedAverageNumberDilutedSharesOutstandingAdjustment,DILUTED_SHARES_ADJUSTMENT,shares,500000.0,2019-01-01,2019-09-30,273,3,2020-11-05,10-Q,Q3,2020,,0000058492-20-000025,2020-11-05T21:37:37.000Z,10-Q,2020-11-05,True
58492,LEGGETT & PLATT INC,WeightedAverageNumberDilutedSharesOutstandingAdjustment,DILUTED_SHARES_ADJUSTMENT,shares,500000.0,2019-07-01,2019-09-30,92,1,2020-11-05,10-Q,Q3,2020,CY2019Q3,0000058492-20-000025,2020-11-05T21:37:37.000Z,10-Q,2020-11-05,True
58492,LEGGETT & PLATT INC,WeightedAverageNumberDilutedSharesOutstandingAdjustment,DILUTED_SHARES_ADJUSTMENT,shares,600000.0,2019-01-01,2019-12-31,365,4,2020-02-20,10-K,FY,2019,,0000058492-20-000002,2020-02-20T19:07:46.000Z,10-K,2020-02-20,True
58492,LEGGETT & PLATT INC,WeightedAverageNumberDilutedSharesOutstandingAdjustment,DILUTED_SHARES_ADJUSTMENT,shares,600000.0,2019-01-01,2019-12-31,365,4,2021-02-24,10-K,FY,2020,,0000058492-21-000005,2021-02-24T22:02:57.000Z,10-K,2021-02-24,True
58492,LEGGETT & PLATT INC,WeightedAverageNumberDilutedSharesOutstandingAdjustment,DILUTED_SHARES_ADJUSTMENT,shares,600000.0,2019-01-01,2019-12-31,365,4,2022-02-22,10-K,FY,2021,CY2019,0000058492-22-000009,2022-02-22T20:23:36.000Z,10-K,2022-02-22,True
58492,LEGGETT & PLATT INC,WeightedAverageNumberDilutedSharesOutstandingAdjustment,DILUTED_SHARES_ADJUSTMENT,shares,200000.0,2020-01-01,2020-03-31,91,1,2020-05-08,10-Q,Q1,2020,,0000058492-20-000009,2020-05-08T17:06:53.000Z,10-Q,2020-05-08,True
58492,LEGGETT & PLATT INC,WeightedAverageNumberDilutedSharesOutstandingAdjustment,DILUTED_SHARES_ADJUSTMENT,shares,200000.0,2020-01-01,2020-03-31,91,1,2021-05-06,10-Q,Q1,2021,CY2020Q1,0000058492-21-000015,2021-05-06T17:56:42.000Z,10-Q,2021-05-06,True
58492,LEGGETT & PLATT INC,WeightedAverageNumberDilutedSharesOutstandingAdjustment,DILUTED_SHARES_ADJUSTMENT,shares,200000.0,2020-01-01,2020-06-30,182,2,2020-08-06,10-Q,Q2,2020,,0000058492-20-000021,2020-08-06T19:38:37.000Z,10-Q,2020-08-06,True
58492,LEGGETT & PLATT INC,WeightedAverageNumberDilutedSharesOutstandingAdjustment,DILUTED_SHARES_ADJUSTMENT,shares,0.0,2020-04-01,2020-06-30,91,1,2020-08-06,10-Q,Q2,2020,,0000058492-20-000021,2020-08-06T19:38:37.000Z,10-Q,2020-08-06,True
58492,LEGGETT & PLATT INC,WeightedAverageNumberDilutedSharesOutstandingAdjustment,DILUTED_SHARES_ADJUSTMENT,shares,200000.0,2020-01-01,2020-06-30,182,2,2021-08-05,10-Q,Q2,2021,,0000058492-21-000038,2021-08-05T18:45:38.000Z,10-Q,2021-08-05,True
58492,LEGGETT & PLATT INC,WeightedAverageNumberDilutedSharesOutstandingAdjustment,DILUTED_SHARES_ADJUSTMENT,shares,0.0,2020-04-01,2020-06-30,91,1,2021-08-05,10-Q,Q2,2021,CY2020Q2,0000058492-21-000038,2021-08-05T18:45:38.000Z,10-Q,2021-08-05,True
58492,LEGGETT & PLATT INC,WeightedAverageNumberDilutedSharesOutstandingAdjustment,DILUTED_SHARES_ADJUSTMENT,shares,200000.0,2020-01-01,2020-09-30,274,3,2020-11-05,10-Q,Q3,2020,,0000058492-20-000025,2020-11-05T21:37:37.000Z,10-Q,2020-11-05,True
58492,LEGGETT & PLATT INC,WeightedAverageNumberDilutedSharesOutstandingAdjustment,DILUTED_SHARES_ADJUSTMENT,shares,300000.0,2020-07-01,2020-09-30,92,1,2020-11-05,10-Q,Q3,2020,,0000058492-20-000025,2020-11-05T21:37:37.000Z,10-Q,2020-11-05,True
58492,LEGGETT & PLATT INC,WeightedAverageNumberDilutedSharesOutstandingAdjustment,DILUTED_SHARES_ADJUSTMENT,shares,200000.0,2020-01-01,2020-09-30,274,3,2021-11-05,10-Q,Q3,2021,,0000058492-21-000042,2021-11-05T14:37:36.000Z,10-Q,2021-11-05,True
58492,LEGGETT & PLATT INC,WeightedAverageNumberDilutedSharesOutstandingAdjustment,DILUTED_SHARES_ADJUSTMENT,shares,300000.0,2020-07-01,2020-09-30,92,1,2021-11-05,10-Q,Q3,2021,CY2020Q3,0000058492-21-000042,2021-11-05T14:37:36.000Z,10-Q,2021-11-05,True
58492,LEGGETT & PLATT INC,WeightedAverageNumberDilutedSharesOutstandingAdjustment,DILUTED_SHARES_ADJUSTMENT,shares,200000.0,2020-01-01,2020-12-31,366,4,2021-02-24,10-K,FY,2020,,0000058492-21-000005,2021-02-24T22:02:57.000Z,10-K,2021-02-24,True
58492,LEGGETT & PLATT INC,WeightedAverageNumberDilutedSharesOutstandingAdjustment,DILUTED_SHARES_ADJUSTMENT,shares,200000.0,2020-01-01,2020-12-31,366,4,2022-02-22,10-K,FY,2021,,0000058492-22-000009,2022-02-22T20:23:36.000Z,10-K,2022-02-22,True
58492,LEGGETT & PLATT INC,WeightedAverageNumberDilutedSharesOutstandingAdjustment,DILUTED_SHARES_ADJUSTMENT,shares,300000.0,2021-01-01,2021-03-31,90,1,2021-05-06,10-Q,Q1,2021,,0000058492-21-000015,2021-05-06T17:56:42.000Z,10-Q,2021-05-06,True
58492,LEGGETT & PLATT INC,WeightedAverageNumberDilutedSharesOutstandingAdjustment,DILUTED_SHARES_ADJUSTMENT,shares,300000.0,2021-01-01,2021-03-31,90,1,2022-05-05,10-Q,Q1,2022,CY2021Q1,0000058492-22-000013,2022-05-05T19:09:03.000Z,10-Q,2022-05-05,True
58492,LEGGETT & PLATT INC,WeightedAverageNumberDilutedSharesOutstandingAdjustment,DILUTED_SHARES_ADJUSTMENT,shares,500000.0,2021-01-01,2021-06-30,181,2,2021-08-05,10-Q,Q2,2021,,0000058492-21-000038,2021-08-05T18:45:38.000Z,10-Q,2021-08-05,True
58492,LEGGETT & PLATT INC,WeightedAverageNumberDilutedSharesOutstandingAdjustment,DILUTED_SHARES_ADJUSTMENT,shares,500000.0,2021-04-01,2021-06-30,91,1,2021-08-05,10-Q,Q2,2021,,0000058492-21-000038,2021-08-05T18:45:38.000Z,10-Q,2021-08-05,True
58492,LEGGETT & PLATT INC,WeightedAverageNumberDilutedSharesOutstandingAdjustment,DILUTED_SHARES_ADJUSTMENT,shares,500000.0,2021-01-01,2021-06-30,181,2,2022-08-04,10-Q,Q2,2022,,0000058492-22-000020,2022-08-04T18:31:33.000Z,10-Q,2022-08-04,True
58492,LEGGETT & PLATT INC,WeightedAverageNumberDilutedSharesOutstandingAdjustment,DILUTED_SHARES_ADJUSTMENT,shares,500000.0,2021-04-01,2021-06-30,91,1,2022-08-04,10-Q,Q2,2022,CY2021Q2,0000058492-22-000020,2022-08-04T18:31:33.000Z,10-Q,2022-08-04,True
58492,LEGGETT & PLATT INC,WeightedAverageNumberDilutedSharesOutstandingAdjustment,DILUTED_SHARES_ADJUSTMENT,shares,500000.0,2021-01-01,2021-09-30,273,3,2021-11-05,10-Q,Q3,2021,,0000058492-21-000042,2021-11-05T14:37:36.000Z,10-Q,2021-11-05,True
58492,LEGGETT & PLATT INC,WeightedAverageNumberDilutedSharesOutstandingAdjustment,DILUTED_SHARES_ADJUSTMENT,shares,500000.0,2021-07-01,2021-09-30,92,1,2021-11-05,10-Q,Q3,2021,,0000058492-21-000042,2021-11-05T14:37:36.000Z,10-Q,2021-11-05,True
58492,LEGGETT & PLATT INC,WeightedAverageNumberDilutedSharesOutstandingAdjustment,DILUTED_SHARES_ADJUSTMENT,shares,500000.0,2021-01-01,2021-09-30,273,3,2022-11-03,10-Q,Q3,2022,,0000058492-22-000024,2022-11-03T18:33:37.000Z,10-Q,2022-11-03,True
58492,LEGGETT & PLATT INC,WeightedAverageNumberDilutedSharesOutstandingAdjustment,DILUTED_SHARES_ADJUSTMENT,shares,500000.0,2021-07-01,2021-09-30,92,1,2022-11-03,10-Q,Q3,2022,CY2021Q3,0000058492-22-000024,2022-11-03T18:33:37.000Z,10-Q,2022-11-03,True
58492,LEGGETT & PLATT INC,WeightedAverageNumberDilutedSharesOutstandingAdjustment,DILUTED_SHARES_ADJUSTMENT,shares,400000.0,2021-01-01,2021-12-31,365,4,2022-02-22,10-K,FY,2021,,0000058492-22-000009,2022-02-22T20:23:36.000Z,10-K,2022-02-22,True
58492,LEGGETT & PLATT INC,WeightedAverageNumberDilutedSharesOutstandingAdjustment,DILUTED_SHARES_ADJUSTMENT,shares,300000.0,2022-01-01,2022-03-31,90,1,2022-05-05,10-Q,Q1,2022,,0000058492-22-000013,2022-05-05T19:09:03.000Z,10-Q,2022-05-05,True
58492,LEGGETT & PLATT INC,WeightedAverageNumberDilutedSharesOutstandingAdjustment,DILUTED_SHARES_ADJUSTMENT,shares,400000.0,2022-01-01,2022-06-30,181,2,2022-08-04,10-Q,Q2,2022,,0000058492-22-000020,2022-08-04T18:31:33.000Z,10-Q,2022-08-04,True
58492,LEGGETT & PLATT INC,WeightedAverageNumberDilutedSharesOutstandingAdjustment,DILUTED_SHARES_ADJUSTMENT,shares,400000.0,2022-04-01,2022-06-30,91,1,2022-08-04,10-Q,Q2,2022,,0000058492-22-000020,2022-08-04T18:31:33.000Z,10-Q,2022-08-04,True
58492,LEGGETT & PLATT INC,WeightedAverageNumberDilutedSharesOutstandingAdjustment,DILUTED_SHARES_ADJUSTMENT,shares,400000.0,2022-01-01,2022-09-30,273,3,2022-11-03,10-Q,Q3,2022,,0000058492-22-000024,2022-11-03T18:33:37.000Z,10-Q,2022-11-03,True
58492,LEGGETT & PLATT INC,WeightedAverageNumberDilutedSharesOutstandingAdjustment,DILUTED_SHARES_ADJUSTMENT,shares,400000.0,2022-07-01,2022-09-30,92,1,2022-11-03,10-Q,Q3,2022,,0000058492-22-000024,2022-11-03T18:33:37.000Z,10-Q,2022-11-03,True
77877,"PDC Energy, Inc.",NetCashProvidedByUsedInOperatingActivitiesContinuingOperations,CFO_CONTINUING,USD,588563000.0,2017-01-01,2017-12-31,365,4,2018-02-27,10-K,FY,2017,,0000077877-18-000008,2018-02-26T17:53:06.000Z,10-K,2018-02-27,True
77877,"PDC Energy, Inc.",NetCashProvidedByUsedInOperatingActivitiesContinuingOperations,CFO_CONTINUING,USD,588563000.0,2017-01-01,2017-12-31,365,4,2018-05-01,10-K/A,FY,2017,,0000077877-18-000016,2018-05-01T17:06:16.000Z,10-K/A,2018-05-01,True
77877,"PDC Energy, Inc.",NetCashProvidedByUsedInOperatingActivitiesContinuingOperations,CFO_CONTINUING,USD,597813000.0,2017-01-01,2017-12-31,365,4,2019-02-28,10-K,FY,2018,,0000077877-19-000009,2019-02-27T17:42:13.000Z,10-K,2019-02-28,True
77877,"PDC Energy, Inc.",NetCashProvidedByUsedInOperatingActivitiesContinuingOperations,CFO_CONTINUING,USD,597813000.0,2017-01-01,2017-12-31,365,4,2020-02-27,10-K,FY,2019,CY2017,0000077877-20-000010,2020-02-26T18:22:55.000Z,10-K,2020-02-27,True
77877,"PDC Energy, Inc.",NetCashProvidedByUsedInOperatingActivitiesContinuingOperations,CFO_CONTINUING,USD,889302000.0,2018-01-01,2018-12-31,365,4,2019-02-28,10-K,FY,2018,,0000077877-19-000009,2019-02-27T17:42:13.000Z,10-K,2019-02-28,True
77877,"PDC Energy, Inc.",NetCashProvidedByUsedInOperatingActivitiesContinuingOperations,CFO_CONTINUING,USD,889302000.0,2018-01-01,2018-12-31,365,4,2020-02-27,10-K,FY,2019,,0000077877-20-000010,2020-02-26T18:22:55.000Z,10-K,2020-02-27,True
77877,"PDC Energy, Inc.",NetCashProvidedByUsedInOperatingActivitiesContinuingOperations,CFO_CONTINUING,USD,889302000.0,2018-01-01,2018-12-31,365,4,2021-02-25,10-K,FY,2020,CY2018,0000077877-21-000020,2021-02-24T18:19:46.000Z,10-K,2021-02-25,True
77877,"PDC Energy, Inc.",NetCashProvidedByUsedInOperatingActivitiesContinuingOperations,CFO_CONTINUING,USD,858226000.0,2019-01-01,2019-12-31,365,4,2020-02-27,10-K,FY,2019,,0000077877-20-000010,2020-02-26T18:22:55.000Z,10-K,2020-02-27,True
77877,"PDC Energy, Inc.",NetCashProvidedByUsedInOperatingActivitiesContinuingOperations,CFO_CONTINUING,USD,858226000.0,2019-01-01,2019-12-31,365,4,2021-02-25,10-K,FY,2020,CY2019,0000077877-21-000020,2021-02-24T18:19:46.000Z,10-K,2021-02-25,True
77877,"PDC Energy, Inc.",NetCashProvidedByUsedInOperatingActivitiesContinuingOperations,CFO_CONTINUING,USD,870079000.0,2020-01-01,2020-12-31,366,4,2021-02-25,10-K,FY,2020,CY2020,0000077877-21-000020,2021-02-24T18:19:46.000Z,10-K,2021-02-25,True
91928,"SOUTH JERSEY INDUSTRIES, INC.",NetCashProvidedByUsedInOperatingActivitiesContinuingOperations,CFO_CONTINUING,USD,190321000.0,2017-01-01,2017-12-31,365,4,2018-02-26,10-K,FY,2017,,0000091928-18-000034,2018-02-26T17:23:19.000Z,10-K,2018-02-26,True
91928,"SOUTH JERSEY INDUSTRIES, INC.",NetCashProvidedByUsedInOperatingActivitiesContinuingOperations,CFO_CONTINUING,USD,190321000.0,2017-01-01,2017-12-31,365,4,2018-03-01,10-K,FY,2017,CY2017,0000091928-18-000038,2018-03-01T16:31:36.000Z,10-K/A,2018-03-01,True
91928,"SOUTH JERSEY INDUSTRIES, INC.",CashProvidedByUsedInOperatingActivitiesDiscontinuedOperations,CFO_DISCONTINUED,USD,-4000.0,2017-01-01,2017-12-31,365,4,2018-02-26,10-K,FY,2017,,0000091928-18-000034,2018-02-26T17:23:19.000Z,10-K,2018-02-26,True
91928,"SOUTH JERSEY INDUSTRIES, INC.",CashProvidedByUsedInOperatingActivitiesDiscontinuedOperations,CFO_DISCONTINUED,USD,-4000.0,2017-01-01,2017-12-31,365,4,2018-03-01,10-K,FY,2017,,0000091928-18-000038,2018-03-01T16:31:36.000Z,10-K/A,2018-03-01,True
91928,"SOUTH JERSEY INDUSTRIES, INC.",CashProvidedByUsedInOperatingActivitiesDiscontinuedOperations,CFO_DISCONTINUED,USD,-4000.0,2017-01-01,2017-12-31,365,4,2019-02-28,10-K,FY,2018,,0000091928-19-000032,2019-02-27T19:48:50.000Z,10-K,2019-02-28,True
91928,"SOUTH JERSEY INDUSTRIES, INC.",CashProvidedByUsedInOperatingActivitiesDiscontinuedOperations,CFO_DISCONTINUED,USD,-4000.0,2017-01-01,2017-12-31,365,4,2020-02-27,10-K,FY,2019,CY2017,0000091928-20-000013,2020-02-27T10:31:52.000Z,10-K,2020-02-27,True
91928,"SOUTH JERSEY INDUSTRIES, INC.",CashProvidedByUsedInOperatingActivitiesDiscontinuedOperations,CFO_DISCONTINUED,USD,7000.0,2018-01-01,2018-12-31,365,4,2019-02-28,10-K,FY,2018,,0000091928-19-000032,2019-02-27T19:48:50.000Z,10-K,2019-02-28,True
91928,"SOUTH JERSEY INDUSTRIES, INC.",CashProvidedByUsedInOperatingActivitiesDiscontinuedOperations,CFO_DISCONTINUED,USD,7000.0,2018-01-01,2018-12-31,365,4,2020-02-27,10-K,FY,2019,,0000091928-20-000013,2020-02-27T10:31:52.000Z,10-K,2020-02-27,True
91928,"SOUTH JERSEY INDUSTRIES, INC.",CashProvidedByUsedInOperatingActivitiesDiscontinuedOperations,CFO_DISCONTINUED,USD,7000.0,2018-01-01,2018-12-31,365,4,2021-02-25,10-K,FY,2020,CY2018,0000091928-21-000014,2021-02-24T21:08:28.000Z,10-K,2021-02-25,True
91928,"SOUTH JERSEY INDUSTRIES, INC.",CashProvidedByUsedInOperatingActivitiesDiscontinuedOperations,CFO_DISCONTINUED,USD,0.0,2019-01-01,2019-12-31,365,4,2020-02-27,10-K,FY,2019,,0000091928-20-000013,2020-02-27T10:31:52.000Z,10-K,2020-02-27,True
91928,"SOUTH JERSEY INDUSTRIES, INC.",CashProvidedByUsedInOperatingActivitiesDiscontinuedOperations,CFO_DISCONTINUED,USD,0.0,2019-01-01,2019-12-31,365,4,2021-02-25,10-K,FY,2020,,0000091928-21-000014,2021-02-24T21:08:28.000Z,10-K,2021-02-25,True
91928,"SOUTH JERSEY INDUSTRIES, INC.",CashProvidedByUsedInOperatingActivitiesDiscontinuedOperations,CFO_DISCONTINUED,USD,0.0,2019-01-01,2019-12-31,365,4,2022-02-24,10-K,FY,2021,CY2019,0000091928-22-000010,2022-02-24T16:25:55.000Z,10-K,2022-02-24,True
91928,"SOUTH JERSEY INDUSTRIES, INC.",CashProvidedByUsedInOperatingActivitiesDiscontinuedOperations,CFO_DISCONTINUED,USD,3000.0,2020-01-01,2020-12-31,366,4,2021-02-25,10-K,FY,2020,,0000091928-21-000014,2021-02-24T21:08:28.000Z,10-K,2021-02-25,True
91928,"SOUTH JERSEY INDUSTRIES, INC.",CashProvidedByUsedInOperatingActivitiesDiscontinuedOperations,CFO_DISCONTINUED,USD,3000.0,2020-01-01,2020-12-31,366,4,2022-02-24,10-K,FY,2021,CY2020,0000091928-22-000010,2022-02-24T16:25:55.000Z,10-K,2022-02-24,True
91928,"SOUTH JERSEY INDUSTRIES, INC.",CashProvidedByUsedInOperatingActivitiesDiscontinuedOperations,CFO_DISCONTINUED,USD,2000.0,2021-01-01,2021-12-31,365,4,2022-02-24,10-K,FY,2021,CY2021,0000091928-22-000010,2022-02-24T16:25:55.000Z,10-K,2022-02-24,True
101778,Marathon Oil Corporation,NetCashProvidedByUsedInOperatingActivitiesContinuingOperations,CFO_CONTINUING,USD,501000000.0,2017-01-01,2017-03-31,90,1,2017-05-05,10-Q,Q1,2017,,0000101778-17-000078,2017-05-05T16:50:12.000Z,10-Q,2017-05-05,True
101778,Marathon Oil Corporation,NetCashProvidedByUsedInOperatingActivitiesContinuingOperations,CFO_CONTINUING,USD,501000000.0,2017-01-01,2017-03-31,90,1,2018-05-03,10-Q,Q1,2018,CY2017Q1,0000101778-18-000091,2018-05-03T16:36:10.000Z,10-Q,2018-05-03,True
101778,Marathon Oil Corporation,NetCashProvidedByUsedInOperatingActivitiesContinuingOperations,CFO_CONTINUING,USD,923000000.0,2017-01-01,2017-06-30,181,2,2017-08-03,10-Q,Q2,2017,,0000101778-17-000108,2017-08-03T16:38:34.000Z,10-Q,2017-08-03,True
101778,Marathon Oil Corporation,NetCashProvidedByUsedInOperatingActivitiesContinuingOperations,CFO_CONTINUING,USD,923000000.0,2017-01-01,2017-06-30,181,2,2018-08-02,10-Q,Q2,2018,,0000101778-18-000107,2018-08-02T16:38:17.000Z,10-Q,2018-08-02,True
101778,Marathon Oil Corporation,NetCashProvidedByUsedInOperatingActivitiesContinuingOperations,CFO_CONTINUING,USD,1487000000.0,2017-01-01,2017-09-30,273,3,2017-11-02,10-Q,Q3,2017,,0000101778-17-000121,2017-11-02T16:37:43.000Z,10-Q,2017-11-02,True
101778,Marathon Oil Corporation,NetCashProvidedByUsedInOperatingActivitiesContinuingOperations,CFO_CONTINUING,USD,1487000000.0,2017-01-01,2017-09-30,273,3,2018-11-08,10-Q,Q3,2018,,0000101778-18-000118,2018-11-08T16:46:51.000Z,10-Q,2018-11-08,True
101778,Marathon Oil Corporation,NetCashProvidedByUsedInOperatingActivitiesContinuingOperations,CFO_CONTINUING,USD,1988000000.0,2017-01-01,2017-12-31,365,4,2018-02-22,10-K,FY,2017,,0000101778-18-000026,2018-02-22T17:14:17.000Z,10-K,2018-02-22,True
101778,Marathon Oil Corporation,NetCashProvidedByUsedInOperatingActivitiesContinuingOperations,CFO_CONTINUING,USD,1988000000.0,2017-01-01,2017-12-31,365,4,2019-02-21,10-K,FY,2018,CY2017,0000101778-19-000022,2019-02-21T16:53:44.000Z,10-K,2019-02-21,True
101778,Marathon Oil Corporation,NetCashProvidedByUsedInOperatingActivitiesContinuingOperations,CFO_CONTINUING,USD,649000000.0,2018-01-01,2018-03-31,90,1,2018-05-03,10-Q,Q1,2018,,0000101778-18-000091,2018-05-03T16:36:10.000Z,10-Q,2018-05-03,True
101778,Marathon Oil Corporation,NetCashProvidedByUsedInOperatingActivitiesContinuingOperations,CFO_CONTINUING,USD,649000000.0,2018-01-01,2018-03-31,90,1,2019-05-02,10-Q,Q1,2019,CY2018Q1,0000101778-19-000070,2019-05-02T16:35:37.000Z,10-Q,2019-05-02,True
101778,Marathon Oil Corporation,NetCashProvidedByUsedInOperatingActivitiesContinuingOperations,CFO_CONTINUING,USD,1416000000.0,2018-01-01,2018-06-30,181,2,2018-08-02,10-Q,Q2,2018,,0000101778-18-000107,2018-08-02T16:38:17.000Z,10-Q,2018-08-02,True
101778,Marathon Oil Corporation,NetCashProvidedByUsedInOperatingActivitiesContinuingOperations,CFO_CONTINUING,USD,1416000000.0,2018-01-01,2018-06-30,181,2,2019-08-08,10-Q,Q2,2019,,0000101778-19-000093,2019-08-08T16:35:53.000Z,10-Q,2019-08-08,True
101778,Marathon Oil Corporation,NetCashProvidedByUsedInOperatingActivitiesContinuingOperations,CFO_CONTINUING,USD,2379000000.0,2018-01-01,2018-09-30,273,3,2018-11-08,10-Q,Q3,2018,,0000101778-18-000118,2018-11-08T16:46:51.000Z,10-Q,2018-11-08,True
101778,Marathon Oil Corporation,NetCashProvidedByUsedInOperatingActivitiesContinuingOperations,CFO_CONTINUING,USD,3234000000.0,2018-01-01,2018-12-31,365,4,2019-02-21,10-K,FY,2018,CY2018,0000101778-19-000022,2019-02-21T16:53:44.000Z,10-K,2019-02-21,True
101778,Marathon Oil Corporation,NetCashProvidedByUsedInOperatingActivitiesContinuingOperations,CFO_CONTINUING,USD,515000000.0,2019-01-01,2019-03-31,90,1,2019-05-02,10-Q,Q1,2019,CY2019Q1,0000101778-19-000070,2019-05-02T16:35:37.000Z,10-Q,2019-05-02,True
101778,Marathon Oil Corporation,NetCashProvidedByUsedInOperatingActivitiesContinuingOperations,CFO_CONTINUING,USD,1312000000.0,2019-01-01,2019-06-30,181,2,2019-08-08,10-Q,Q2,2019,,0000101778-19-000093,2019-08-08T16:35:53.000Z,10-Q,2019-08-08,True
101778,Marathon Oil Corporation,CashProvidedByUsedInOperatingActivitiesDiscontinuedOperations,CFO_DISCONTINUED,USD,95000000.0,2017-01-01,2017-03-31,90,1,2017-05-05,10-Q,Q1,2017,,0000101778-17-000078,2017-05-05T16:50:12.000Z,10-Q,2017-05-05,True
101778,Marathon Oil Corporation,CashProvidedByUsedInOperatingActivitiesDiscontinuedOperations,CFO_DISCONTINUED,USD,95000000.0,2017-01-01,2017-03-31,90,1,2018-05-03,10-Q,Q1,2018,CY2017Q1,0000101778-18-000091,2018-05-03T16:36:10.000Z,10-Q,2018-05-03,True
101778,Marathon Oil Corporation,CashProvidedByUsedInOperatingActivitiesDiscontinuedOperations,CFO_DISCONTINUED,USD,141000000.0,2017-01-01,2017-06-30,181,2,2017-08-03,10-Q,Q2,2017,,0000101778-17-000108,2017-08-03T16:38:34.000Z,10-Q,2017-08-03,True
101778,Marathon Oil Corporation,CashProvidedByUsedInOperatingActivitiesDiscontinuedOperations,CFO_DISCONTINUED,USD,141000000.0,2017-01-01,2017-09-30,273,3,2017-11-02,10-Q,Q3,2017,,0000101778-17-000121,2017-11-02T16:37:43.000Z,10-Q,2017-11-02,True
101778,Marathon Oil Corporation,CashProvidedByUsedInOperatingActivitiesDiscontinuedOperations,CFO_DISCONTINUED,USD,141000000.0,2017-01-01,2017-12-31,365,4,2018-02-22,10-K,FY,2017,CY2017,0000101778-18-000026,2018-02-22T17:14:17.000Z,10-K,2018-02-22,True
101778,Marathon Oil Corporation,CashProvidedByUsedInOperatingActivitiesDiscontinuedOperations,CFO_DISCONTINUED,USD,0.0,2018-01-01,2018-03-31,90,1,2018-05-03,10-Q,Q1,2018,CY2018Q1,0000101778-18-000091,2018-05-03T16:36:10.000Z,10-Q,2018-05-03,True
101778,Marathon Oil Corporation,WeightedAverageNumberDilutedSharesOutstandingAdjustment,DILUTED_SHARES_ADJUSTMENT,shares,0.0,2017-01-01,2017-03-31,90,1,2018-05-03,10-Q,Q1,2018,CY2017Q1,0000101778-18-000091,2018-05-03T16:36:10.000Z,10-Q,2018-05-03,True
101778,Marathon Oil Corporation,WeightedAverageNumberDilutedSharesOutstandingAdjustment,DILUTED_SHARES_ADJUSTMENT,shares,0.0,2017-01-01,2017-06-30,181,2,2018-08-02,10-Q,Q2,2018,,0000101778-18-000107,2018-08-02T16:38:17.000Z,10-Q,2018-08-02,True
101778,Marathon Oil Corporation,WeightedAverageNumberDilutedSharesOutstandingAdjustment,DILUTED_SHARES_ADJUSTMENT,shares,0.0,2017-04-01,2017-06-30,91,1,2018-08-02,10-Q,Q2,2018,CY2017Q2,0000101778-18-000107,2018-08-02T16:38:17.000Z,10-Q,2018-08-02,True
101778,Marathon Oil Corporation,WeightedAverageNumberDilutedSharesOutstandingAdjustment,DILUTED_SHARES_ADJUSTMENT,shares,0.0,2017-01-01,2017-09-30,273,3,2018-11-08,10-Q,Q3,2018,,0000101778-18-000118,2018-11-08T16:46:51.000Z,10-Q,2018-11-08,True
101778,Marathon Oil Corporation,WeightedAverageNumberDilutedSharesOutstandingAdjustment,DILUTED_SHARES_ADJUSTMENT,shares,0.0,2017-07-01,2017-09-30,92,1,2018-11-08,10-Q,Q3,2018,CY2017Q3,0000101778-18-000118,2018-11-08T16:46:51.000Z,10-Q,2018-11-08,True
101778,Marathon Oil Corporation,WeightedAverageNumberDilutedSharesOutstandingAdjustment,DILUTED_SHARES_ADJUSTMENT,shares,0.0,2017-01-01,2017-12-31,365,4,2019-02-21,10-K,FY,2018,,0000101778-19-000022,2019-02-21T16:53:44.000Z,10-K,2019-02-21,True
101778,Marathon Oil Corporation,WeightedAverageNumberDilutedSharesOutstandingAdjustment,DILUTED_SHARES_ADJUSTMENT,shares,0.0,2017-01-01,2017-12-31,365,4,2020-02-20,10-K,FY,2019,CY2017,0000101778-20-000023,2020-02-20T16:42:06.000Z,10-K,2020-02-20,True
101778,Marathon Oil Corporation,WeightedAverageNumberDilutedSharesOutstandingAdjustment,DILUTED_SHARES_ADJUSTMENT,shares,1000000.0,2018-01-01,2018-03-31,90,1,2018-05-03,10-Q,Q1,2018,,0000101778-18-000091,2018-05-03T16:36:10.000Z,10-Q,2018-05-03,True
101778,Marathon Oil Corporation,WeightedAverageNumberDilutedSharesOutstandingAdjustment,DILUTED_SHARES_ADJUSTMENT,shares,1000000.0,2018-01-01,2018-03-31,90,1,2019-05-02,10-Q,Q1,2019,CY2018Q1,0000101778-19-000070,2019-05-02T16:35:37.000Z,10-Q,2019-05-02,True
101778,Marathon Oil Corporation,WeightedAverageNumberDilutedSharesOutstandingAdjustment,DILUTED_SHARES_ADJUSTMENT,shares,1000000.0,2018-01-01,2018-06-30,181,2,2018-08-02,10-Q,Q2,2018,,0000101778-18-000107,2018-08-02T16:38:17.000Z,10-Q,2018-08-02,True
101778,Marathon Oil Corporation,WeightedAverageNumberDilutedSharesOutstandingAdjustment,DILUTED_SHARES_ADJUSTMENT,shares,1000000.0,2018-04-01,2018-06-30,91,1,2018-08-02,10-Q,Q2,2018,,0000101778-18-000107,2018-08-02T16:38:17.000Z,10-Q,2018-08-02,True
101778,Marathon Oil Corporation,WeightedAverageNumberDilutedSharesOutstandingAdjustment,DILUTED_SHARES_ADJUSTMENT,shares,1000000.0,2018-01-01,2018-06-30,181,2,2019-08-08,10-Q,Q2,2019,,0000101778-19-000093,2019-08-08T16:35:53.000Z,10-Q,2019-08-08,True
101778,Marathon Oil Corporation,WeightedAverageNumberDilutedSharesOutstandingAdjustment,DILUTED_SHARES_ADJUSTMENT,shares,1000000.0,2018-04-01,2018-06-30,91,1,2019-08-08,10-Q,Q2,2019,CY2018Q2,0000101778-19-000093,2019-08-08T16:35:53.000Z,10-Q,2019-08-08,True
101778,Marathon Oil Corporation,WeightedAverageNumberDilutedSharesOutstandingAdjustment,DILUTED_SHARES_ADJUSTMENT,shares,1000000.0,2018-01-01,2018-09-30,273,3,2018-11-08,10-Q,Q3,2018,,0000101778-18-000118,2018-11-08T16:46:51.000Z,10-Q,2018-11-08,True
101778,Marathon Oil Corporation,WeightedAverageNumberDilutedSharesOutstandingAdjustment,DILUTED_SHARES_ADJUSTMENT,shares,1000000.0,2018-07-01,2018-09-30,92,1,2018-11-08,10-Q,Q3,2018,,0000101778-18-000118,2018-11-08T16:46:51.000Z,10-Q,2018-11-08,True
101778,Marathon Oil Corporation,WeightedAverageNumberDilutedSharesOutstandingAdjustment,DILUTED_SHARES_ADJUSTMENT,shares,1000000.0,2018-01-01,2018-09-30,273,3,2019-11-07,10-Q,Q3,2019,,0000101778-19-000113,2019-11-07T16:34:06.000Z,10-Q,2019-11-07,True
101778,Marathon Oil Corporation,WeightedAverageNumberDilutedSharesOutstandingAdjustment,DILUTED_SHARES_ADJUSTMENT,shares,1000000.0,2018-07-01,2018-09-30,92,1,2019-11-07,10-Q,Q3,2019,CY2018Q3,0000101778-19-000113,2019-11-07T16:34:06.000Z,10-Q,2019-11-07,True
101778,Marathon Oil Corporation,WeightedAverageNumberDilutedSharesOutstandingAdjustment,DILUTED_SHARES_ADJUSTMENT,shares,1000000.0,2018-01-01,2018-12-31,365,4,2019-02-21,10-K,FY,2018,,0000101778-19-000022,2019-02-21T16:53:44.000Z,10-K,2019-02-21,True
101778,Marathon Oil Corporation,WeightedAverageNumberDilutedSharesOutstandingAdjustment,DILUTED_SHARES_ADJUSTMENT,shares,1000000.0,2018-01-01,2018-12-31,365,4,2020-02-20,10-K,FY,2019,,0000101778-20-000023,2020-02-20T16:42:06.000Z,10-K,2020-02-20,True
101778,Marathon Oil Corporation,WeightedAverageNumberDilutedSharesOutstandingAdjustment,DILUTED_SHARES_ADJUSTMENT,shares,1000000.0,2018-01-01,2018-12-31,365,4,2021-02-23,10-K,FY,2020,CY2018,0000101778-21-000018,2021-02-23T16:11:47.000Z,10-K,2021-02-23,True
101778,Marathon Oil Corporation,WeightedAverageNumberDilutedSharesOutstandingAdjustment,DILUTED_SHARES_ADJUSTMENT,shares,1000000.0,2019-01-01,2019-03-31,90,1,2019-05-02,10-Q,Q1,2019,,0000101778-19-000070,2019-05-02T16:35:37.000Z,10-Q,2019-05-02,True
101778,Marathon Oil Corporation,WeightedAverageNumberDilutedSharesOutstandingAdjustment,DILUTED_SHARES_ADJUSTMENT,shares,1000000.0,2019-01-01,2019-03-31,90,1,2020-05-07,10-Q,Q1,2020,CY2019Q1,0000101778-20-000081,2020-05-07T16:33:58.000Z,10-Q,2020-05-07,True
101778,Marathon Oil Corporation,WeightedAverageNumberDilutedSharesOutstandingAdjustment,DILUTED_SHARES_ADJUSTMENT,shares,0.0,2019-01-01,2019-06-30,181,2,2019-08-08,10-Q,Q2,2019,,0000101778-19-000093,2019-08-08T16:35:53.000Z,10-Q,2019-08-08,True
101778,Marathon Oil Corporation,WeightedAverageNumberDilutedSharesOutstandingAdjustment,DILUTED_SHARES_ADJUSTMENT,shares,1000000.0,2019-04-01,2019-06-30,91,1,2019-08-08,10-Q,Q2,2019,,0000101778-19-000093,2019-08-08T16:35:53.000Z,10-Q,2019-08-08,True
101778,Marathon Oil Corporation,WeightedAverageNumberDilutedSharesOutstandingAdjustment,DILUTED_SHARES_ADJUSTMENT,shares,0.0,2019-01-01,2019-06-30,181,2,2020-08-06,10-Q,Q2,2020,,0000101778-20-000103,2020-08-06T16:02:12.000Z,10-Q,2020-08-06,True
101778,Marathon Oil Corporation,WeightedAverageNumberDilutedSharesOutstandingAdjustment,DILUTED_SHARES_ADJUSTMENT,shares,1000000.0,2019-04-01,2019-06-30,91,1,2020-08-06,10-Q,Q2,2020,CY2019Q2,0000101778-20-000103,2020-08-06T16:02:12.000Z,10-Q,2020-08-06,True
101778,Marathon Oil Corporation,WeightedAverageNumberDilutedSharesOutstandingAdjustment,DILUTED_SHARES_ADJUSTMENT,shares,0.0,2019-01-01,2019-09-30,273,3,2019-11-07,10-Q,Q3,2019,,0000101778-19-000113,2019-11-07T16:34:06.000Z,10-Q,2019-11-07,True
101778,Marathon Oil Corporation,WeightedAverageNumberDilutedSharesOutstandingAdjustment,DILUTED_SHARES_ADJUSTMENT,shares,1000000.0,2019-07-01,2019-09-30,92,1,2019-11-07,10-Q,Q3,2019,,0000101778-19-000113,2019-11-07T16:34:06.000Z,10-Q,2019-11-07,True
101778,Marathon Oil Corporation,WeightedAverageNumberDilutedSharesOutstandingAdjustment,DILUTED_SHARES_ADJUSTMENT,shares,0.0,2019-01-01,2019-09-30,273,3,2020-11-05,10-Q,Q3,2020,,0000101778-20-000111,2020-11-05T16:17:43.000Z,10-Q,2020-11-05,True
101778,Marathon Oil Corporation,WeightedAverageNumberDilutedSharesOutstandingAdjustment,DILUTED_SHARES_ADJUSTMENT,shares,1000000.0,2019-07-01,2019-09-30,92,1,2020-11-05,10-Q,Q3,2020,CY2019Q3,0000101778-20-000111,2020-11-05T16:17:43.000Z,10-Q,2020-11-05,True
101778,Marathon Oil Corporation,WeightedAverageNumberDilutedSharesOutstandingAdjustment,DILUTED_SHARES_ADJUSTMENT,shares,0.0,2019-01-01,2019-12-31,365,4,2020-02-20,10-K,FY,2019,,0000101778-20-000023,2020-02-20T16:42:06.000Z,10-K,2020-02-20,True
101778,Marathon Oil Corporation,WeightedAverageNumberDilutedSharesOutstandingAdjustment,DILUTED_SHARES_ADJUSTMENT,shares,0.0,2019-01-01,2019-12-31,365,4,2021-02-23,10-K,FY,2020,,0000101778-21-000018,2021-02-23T16:11:47.000Z,10-K,2021-02-23,True
101778,Marathon Oil Corporation,WeightedAverageNumberDilutedSharesOutstandingAdjustment,DILUTED_SHARES_ADJUSTMENT,shares,0.0,2019-01-01,2019-12-31,365,4,2022-02-17,10-K,FY,2021,CY2019,0000101778-22-000016,2022-02-17T16:18:00.000Z,10-K,2022-02-17,True
101778,Marathon Oil Corporation,WeightedAverageNumberDilutedSharesOutstandingAdjustment,DILUTED_SHARES_ADJUSTMENT,shares,0.0,2020-01-01,2020-03-31,91,1,2020-05-07,10-Q,Q1,2020,,0000101778-20-000081,2020-05-07T16:33:58.000Z,10-Q,2020-05-07,True
101778,Marathon Oil Corporation,WeightedAverageNumberDilutedSharesOutstandingAdjustment,DILUTED_SHARES_ADJUSTMENT,shares,0.0,2020-01-01,2020-03-31,91,1,2021-05-06,10-Q,Q1,2021,CY2020Q1,0000101778-21-000083,2021-05-06T16:08:51.000Z,10-Q,2021-05-06,True
101778,Marathon Oil Corporation,WeightedAverageNumberDilutedSharesOutstandingAdjustment,DILUTED_SHARES_ADJUSTMENT,shares,0.0,2020-01-01,2020-06-30,182,2,2020-08-06,10-Q,Q2,2020,,0000101778-20-000103,2020-08-06T16:02:12.000Z,10-Q,2020-08-06,True
101778,Marathon Oil Corporation,WeightedAverageNumberDilutedSharesOutstandingAdjustment,DILUTED_SHARES_ADJUSTMENT,shares,0.0,2020-04-01,2020-06-30,91,1,2020-08-06,10-Q,Q2,2020,,0000101778-20-000103,2020-08-06T16:02:12.000Z,10-Q,2020-08-06,True
101778,Marathon Oil Corporation,WeightedAverageNumberDilutedSharesOutstandingAdjustment,DILUTED_SHARES_ADJUSTMENT,shares,0.0,2020-01-01,2020-06-30,182,2,2021-08-05,10-Q,Q2,2021,,0000101778-21-000099,2021-08-05T16:08:37.000Z,10-Q,2021-08-05,True
101778,Marathon Oil Corporation,WeightedAverageNumberDilutedSharesOutstandingAdjustment,DILUTED_SHARES_ADJUSTMENT,shares,0.0,2020-04-01,2020-06-30,91,1,2021-08-05,10-Q,Q2,2021,CY2020Q2,0000101778-21-000099,2021-08-05T16:08:37.000Z,10-Q,2021-08-05,True
101778,Marathon Oil Corporation,WeightedAverageNumberDilutedSharesOutstandingAdjustment,DILUTED_SHARES_ADJUSTMENT,shares,0.0,2020-01-01,2020-09-30,274,3,2020-11-05,10-Q,Q3,2020,,0000101778-20-000111,2020-11-05T16:17:43.000Z,10-Q,2020-11-05,True
101778,Marathon Oil Corporation,WeightedAverageNumberDilutedSharesOutstandingAdjustment,DILUTED_SHARES_ADJUSTMENT,shares,0.0,2020-07-01,2020-09-30,92,1,2020-11-05,10-Q,Q3,2020,,0000101778-20-000111,2020-11-05T16:17:43.000Z,10-Q,2020-11-05,True
101778,Marathon Oil Corporation,WeightedAverageNumberDilutedSharesOutstandingAdjustment,DILUTED_SHARES_ADJUSTMENT,shares,0.0,2020-01-01,2020-09-30,274,3,2021-11-04,10-Q,Q3,2021,,0000101778-21-000109,2021-11-04T16:09:16.000Z,10-Q,2021-11-04,True
101778,Marathon Oil Corporation,WeightedAverageNumberDilutedSharesOutstandingAdjustment,DILUTED_SHARES_ADJUSTMENT,shares,0.0,2020-07-01,2020-09-30,92,1,2021-11-04,10-Q,Q3,2021,CY2020Q3,0000101778-21-000109,2021-11-04T16:09:16.000Z,10-Q,2021-11-04,True
101778,Marathon Oil Corporation,WeightedAverageNumberDilutedSharesOutstandingAdjustment,DILUTED_SHARES_ADJUSTMENT,shares,0.0,2020-01-01,2020-12-31,366,4,2021-02-23,10-K,FY,2020,,0000101778-21-000018,2021-02-23T16:11:47.000Z,10-K,2021-02-23,True
101778,Marathon Oil Corporation,WeightedAverageNumberDilutedSharesOutstandingAdjustment,DILUTED_SHARES_ADJUSTMENT,shares,0.0,2020-01-01,2020-12-31,366,4,2022-02-17,10-K,FY,2021,,0000101778-22-000016,2022-02-17T16:18:00.000Z,10-K,2022-02-17,True
101778,Marathon Oil Corporation,WeightedAverageNumberDilutedSharesOutstandingAdjustment,DILUTED_SHARES_ADJUSTMENT,shares,0.0,2021-01-01,2021-03-31,90,1,2021-05-06,10-Q,Q1,2021,,0000101778-21-000083,2021-05-06T16:08:51.000Z,10-Q,2021-05-06,True
101778,Marathon Oil Corporation,WeightedAverageNumberDilutedSharesOutstandingAdjustment,DILUTED_SHARES_ADJUSTMENT,shares,0.0,2021-01-01,2021-03-31,90,1,2022-05-05,10-Q,Q1,2022,CY2021Q1,0000101778-22-000118,2022-05-05T16:01:47.000Z,10-Q,2022-05-05,True
101778,Marathon Oil Corporation,WeightedAverageNumberDilutedSharesOutstandingAdjustment,DILUTED_SHARES_ADJUSTMENT,shares,1000000.0,2021-01-01,2021-06-30,181,2,2021-08-05,10-Q,Q2,2021,,0000101778-21-000099,2021-08-05T16:08:37.000Z,10-Q,2021-08-05,True
101778,Marathon Oil Corporation,WeightedAverageNumberDilutedSharesOutstandingAdjustment,DILUTED_SHARES_ADJUSTMENT,shares,0.0,2021-04-01,2021-06-30,91,1,2021-08-05,10-Q,Q2,2021,,0000101778-21-000099,2021-08-05T16:08:37.000Z,10-Q,2021-08-05,True
101778,Marathon Oil Corporation,WeightedAverageNumberDilutedSharesOutstandingAdjustment,DILUTED_SHARES_ADJUSTMENT,shares,1000000.0,2021-01-01,2021-06-30,181,2,2022-08-04,10-Q,Q2,2022,,0000101778-22-000168,2022-08-04T16:03:38.000Z,10-Q,2022-08-04,True
101778,Marathon Oil Corporation,WeightedAverageNumberDilutedSharesOutstandingAdjustment,DILUTED_SHARES_ADJUSTMENT,shares,0.0,2021-04-01,2021-06-30,91,1,2022-08-04,10-Q,Q2,2022,CY2021Q2,0000101778-22-000168,2022-08-04T16:03:38.000Z,10-Q,2022-08-04,True
101778,Marathon Oil Corporation,WeightedAverageNumberDilutedSharesOutstandingAdjustment,DILUTED_SHARES_ADJUSTMENT,shares,0.0,2021-01-01,2021-09-30,273,3,2021-11-04,10-Q,Q3,2021,,0000101778-21-000109,2021-11-04T16:09:16.000Z,10-Q,2021-11-04,True
101778,Marathon Oil Corporation,WeightedAverageNumberDilutedSharesOutstandingAdjustment,DILUTED_SHARES_ADJUSTMENT,shares,0.0,2021-07-01,2021-09-30,92,1,2021-11-04,10-Q,Q3,2021,,0000101778-21-000109,2021-11-04T16:09:16.000Z,10-Q,2021-11-04,True
101778,Marathon Oil Corporation,WeightedAverageNumberDilutedSharesOutstandingAdjustment,DILUTED_SHARES_ADJUSTMENT,shares,0.0,2021-01-01,2021-09-30,273,3,2022-11-03,10-Q,Q3,2022,,0000101778-22-000192,2022-11-03T16:08:54.000Z,10-Q,2022-11-03,True
101778,Marathon Oil Corporation,WeightedAverageNumberDilutedSharesOutstandingAdjustment,DILUTED_SHARES_ADJUSTMENT,shares,0.0,2021-07-01,2021-09-30,92,1,2022-11-03,10-Q,Q3,2022,CY2021Q3,0000101778-22-000192,2022-11-03T16:08:54.000Z,10-Q,2022-11-03,True
101778,Marathon Oil Corporation,WeightedAverageNumberDilutedSharesOutstandingAdjustment,DILUTED_SHARES_ADJUSTMENT,shares,1000000.0,2021-01-01,2021-12-31,365,4,2022-02-17,10-K,FY,2021,,0000101778-22-000016,2022-02-17T16:18:00.000Z,10-K,2022-02-17,True
101778,Marathon Oil Corporation,WeightedAverageNumberDilutedSharesOutstandingAdjustment,DILUTED_SHARES_ADJUSTMENT,shares,2000000.0,2022-01-01,2022-03-31,90,1,2022-05-05,10-Q,Q1,2022,,0000101778-22-000118,2022-05-05T16:01:47.000Z,10-Q,2022-05-05,True
101778,Marathon Oil Corporation,WeightedAverageNumberDilutedSharesOutstandingAdjustment,DILUTED_SHARES_ADJUSTMENT,shares,2000000.0,2022-01-01,2022-06-30,181,2,2022-08-04,10-Q,Q2,2022,,0000101778-22-000168,2022-08-04T16:03:38.000Z,10-Q,2022-08-04,True
101778,Marathon Oil Corporation,WeightedAverageNumberDilutedSharesOutstandingAdjustment,DILUTED_SHARES_ADJUSTMENT,shares,2000000.0,2022-04-01,2022-06-30,91,1,2022-08-04,10-Q,Q2,2022,,0000101778-22-000168,2022-08-04T16:03:38.000Z,10-Q,2022-08-04,True
101778,Marathon Oil Corporation,WeightedAverageNumberDilutedSharesOutstandingAdjustment,DILUTED_SHARES_ADJUSTMENT,shares,2000000.0,2022-01-01,2022-09-30,273,3,2022-11-03,10-Q,Q3,2022,,0000101778-22-000192,2022-11-03T16:08:54.000Z,10-Q,2022-11-03,True
101778,Marathon Oil Corporation,WeightedAverageNumberDilutedSharesOutstandingAdjustment,DILUTED_SHARES_ADJUSTMENT,shares,2000000.0,2022-07-01,2022-09-30,92,1,2022-11-03,10-Q,Q3,2022,,0000101778-22-000192,2022-11-03T16:08:54.000Z,10-Q,2022-11-03,True
354908,FLIR SYSTEMS INC,WeightedAverageNumberDilutedSharesOutstandingAdjustment,DILUTED_SHARES_ADJUSTMENT,shares,229000.0,2017-01-01,2017-03-31,90,1,2017-05-03,10-Q,Q1,2017,CY2017Q1,0000354908-17-000032,2017-05-03T13:55:00.000Z,10-Q,2017-05-03,True
354908,FLIR SYSTEMS INC,WeightedAverageNumberDilutedSharesOutstandingAdjustment,DILUTED_SHARES_ADJUSTMENT,shares,195000.0,2017-01-01,2017-06-30,181,2,2017-07-28,10-Q,Q2,2017,,0000354908-17-000055,2017-07-28T16:01:56.000Z,10-Q,2017-07-28,True
354908,FLIR SYSTEMS INC,WeightedAverageNumberDilutedSharesOutstandingAdjustment,DILUTED_SHARES_ADJUSTMENT,shares,211000.0,2017-01-01,2017-09-30,273,3,2017-10-27,10-Q,Q3,2017,,0000354908-17-000068,2017-10-27T16:16:22.000Z,10-Q,2017-10-27,True
354908,FLIR SYSTEMS INC,WeightedAverageNumberDilutedSharesOutstandingAdjustment,DILUTED_SHARES_ADJUSTMENT,shares,492000.0,2017-01-01,2017-12-31,365,4,2018-02-23,10-K,FY,2017,CY2017,0000354908-18-000014,2018-02-23T16:23:38.000Z,10-K,2018-02-23,True
712515,ELECTRONIC ARTS INC.,NetCashProvidedByUsedInOperatingActivitiesContinuingOperations,CFO_CONTINUING,USD,1383000000.0,2016-04-01,2017-03-31,365,4,2017-05-24,10-K,FY,2017,,0000712515-17-000035,2017-05-24T20:41:12.000Z,10-K,2017-05-24,True
712515,ELECTRONIC ARTS INC.,NetCashProvidedByUsedInOperatingActivitiesContinuingOperations,CFO_CONTINUING,USD,1578000000.0,2016-04-01,2017-03-31,365,4,2018-05-23,10-K,FY,2018,,0000712515-18-000024,2018-05-23T20:34:06.000Z,10-K,2018-05-23,True
712515,ELECTRONIC ARTS INC.,NetCashProvidedByUsedInOperatingActivitiesContinuingOperations,CFO_CONTINUING,USD,1578000000.0,2016-04-01,2017-03-31,365,4,2019-05-24,10-K,FY,2019,CY2016,0000712515-19-000019,2019-05-24T00:16:54.000Z,10-K,2019-05-24,True
712515,ELECTRONIC ARTS INC.,NetCashProvidedByUsedInOperatingActivitiesContinuingOperations,CFO_CONTINUING,USD,176000000.0,2017-04-01,2017-06-30,91,1,2017-08-08,10-Q,Q1,2018,,0000712515-17-000063,2017-08-08T21:05:57.000Z,10-Q,2017-08-08,True
712515,ELECTRONIC ARTS INC.,NetCashProvidedByUsedInOperatingActivitiesContinuingOperations,CFO_CONTINUING,USD,176000000.0,2017-04-01,2017-06-30,91,1,2018-08-08,10-Q,Q1,2019,CY2017Q2,0000712515-18-000045,2018-08-07T23:03:30.000Z,10-Q,2018-08-08,True
712515,ELECTRONIC ARTS INC.,NetCashProvidedByUsedInOperatingActivitiesContinuingOperations,CFO_CONTINUING,USD,228000000.0,2017-04-01,2017-09-30,183,2,2017-11-07,10-Q,Q2,2018,,0000712515-17-000078,2017-11-06T22:56:32.000Z,10-Q,2017-11-07,True
712515,ELECTRONIC ARTS INC.,NetCashProvidedByUsedInOperatingActivitiesContinuingOperations,CFO_CONTINUING,USD,228000000.0,2017-04-01,2017-09-30,183,2,2018-11-06,10-Q,Q2,2019,,0000712515-18-000059,2018-11-06T21:25:26.000Z,10-Q,2018-11-06,True
712515,ELECTRONIC ARTS INC.,NetCashProvidedByUsedInOperatingActivitiesContinuingOperations,CFO_CONTINUING,USD,1077000000.0,2017-04-01,2017-12-31,275,3,2018-02-06,10-Q,Q3,2018,,0000712515-18-000008,2018-02-06T21:22:20.000Z,10-Q,2018-02-06,True
712515,ELECTRONIC ARTS INC.,NetCashProvidedByUsedInOperatingActivitiesContinuingOperations,CFO_CONTINUING,USD,1077000000.0,2017-04-01,2017-12-31,275,3,2019-02-06,10-Q,Q3,2019,,0000712515-19-000004,2019-02-06T21:20:21.000Z,10-Q,2019-02-06,True
712515,ELECTRONIC ARTS INC.,NetCashProvidedByUsedInOperatingActivitiesContinuingOperations,CFO_CONTINUING,USD,1692000000.0,2017-04-01,2018-03-31,365,4,2018-05-23,10-K,FY,2018,,0000712515-18-000024,2018-05-23T20:34:06.000Z,10-K,2018-05-23,True
712515,ELECTRONIC ARTS INC.,NetCashProvidedByUsedInOperatingActivitiesContinuingOperations,CFO_CONTINUING,USD,1692000000.0,2017-04-01,2018-03-31,365,4,2019-05-24,10-K,FY,2019,,0000712515-19-000019,2019-05-24T00:16:54.000Z,10-K,2019-05-24,True
712515,ELECTRONIC ARTS INC.,NetCashProvidedByUsedInOperatingActivitiesContinuingOperations,CFO_CONTINUING,USD,1692000000.0,2017-04-01,2018-03-31,365,4,2020-05-20,10-K,FY,2020,CY2017,0000712515-20-000019,2020-05-20T20:37:16.000Z,10-K,2020-05-20,True
712515,ELECTRONIC ARTS INC.,NetCashProvidedByUsedInOperatingActivitiesContinuingOperations,CFO_CONTINUING,USD,120000000.0,2018-04-01,2018-06-30,91,1,2018-08-08,10-Q,Q1,2019,,0000712515-18-000045,2018-08-07T23:03:30.000Z,10-Q,2018-08-08,True
712515,ELECTRONIC ARTS INC.,NetCashProvidedByUsedInOperatingActivitiesContinuingOperations,CFO_CONTINUING,USD,120000000.0,2018-04-01,2018-06-30,91,1,2019-08-06,10-Q,Q1,2020,CY2018Q2,0000712515-19-000049,2019-08-06T20:18:08.000Z,10-Q,2019-08-06,True
712515,ELECTRONIC ARTS INC.,NetCashProvidedByUsedInOperatingActivitiesContinuingOperations,CFO_CONTINUING,USD,-6000000.0,2018-04-01,2018-09-30,183,2,2018-11-06,10-Q,Q2,2019,,0000712515-18-000059,2018-11-06T21:25:26.000Z,10-Q,2018-11-06,True
712515,ELECTRONIC ARTS INC.,NetCashProvidedByUsedInOperatingActivitiesContinuingOperations,CFO_CONTINUING,USD,-6000000.0,2018-04-01,2018-09-30,183,2,2019-11-06,10-Q,Q2,2020,,0000712515-19-000129,2019-11-06T00:28:23.000Z,10-Q,2019-11-06,True
712515,ELECTRONIC ARTS INC.,NetCashProvidedByUsedInOperatingActivitiesContinuingOperations,CFO_CONTINUING,USD,948000000.0,2018-04-01,2018-12-31,275,3,2019-02-06,10-Q,Q3,2019,,0000712515-19-000004,2019-02-06T21:20:21.000Z,10-Q,2019-02-06,True
712515,ELECTRONIC ARTS INC.,NetCashProvidedByUsedInOperatingActivitiesContinuingOperations,CFO_CONTINUING,USD,948000000.0,2018-04-01,2018-12-31,275,3,2020-02-04,10-Q,Q3,2020,,0000712515-20-000006,2020-02-04T21:18:59.000Z,10-Q,2020-02-04,True
712515,ELECTRONIC ARTS INC.,NetCashProvidedByUsedInOperatingActivitiesContinuingOperations,CFO_CONTINUING,USD,1547000000.0,2018-04-01,2019-03-31,365,4,2019-05-24,10-K,FY,2019,,0000712515-19-000019,2019-05-24T00:16:54.000Z,10-K,2019-05-24,True
712515,ELECTRONIC ARTS INC.,NetCashProvidedByUsedInOperatingActivitiesContinuingOperations,CFO_CONTINUING,USD,1547000000.0,2018-04-01,2019-03-31,365,4,2020-05-20,10-K,FY,2020,CY2018,0000712515-20-000019,2020-05-20T20:37:16.000Z,10-K,2020-05-20,True
712515,ELECTRONIC ARTS INC.,NetCashProvidedByUsedInOperatingActivitiesContinuingOperations,CFO_CONTINUING,USD,158000000.0,2019-04-01,2019-06-30,91,1,2019-08-06,10-Q,Q1,2020,,0000712515-19-000049,2019-08-06T20:18:08.000Z,10-Q,2019-08-06,True
712515,ELECTRONIC ARTS INC.,NetCashProvidedByUsedInOperatingActivitiesContinuingOperations,CFO_CONTINUING,USD,158000000.0,2019-04-01,2019-06-30,91,1,2020-08-07,10-Q,Q1,2021,CY2019Q2,0000712515-20-000068,2020-08-07T22:02:51.000Z,10-Q,2020-08-07,True
712515,ELECTRONIC ARTS INC.,NetCashProvidedByUsedInOperatingActivitiesContinuingOperations,CFO_CONTINUING,USD,195000000.0,2019-04-01,2019-09-30,183,2,2019-11-06,10-Q,Q2,2020,,0000712515-19-000129,2019-11-06T00:28:23.000Z,10-Q,2019-11-06,True
712515,ELECTRONIC ARTS INC.,NetCashProvidedByUsedInOperatingActivitiesContinuingOperations,CFO_CONTINUING,USD,195000000.0,2019-04-01,2019-09-30,183,2,2020-11-10,10-Q,Q2,2021,,0000712515-20-000075,2020-11-10T21:17:44.000Z,10-Q,2020-11-10,True
712515,ELECTRONIC ARTS INC.,NetCashProvidedByUsedInOperatingActivitiesContinuingOperations,CFO_CONTINUING,USD,1299000000.0,2019-04-01,2019-12-31,275,3,2020-02-04,10-Q,Q3,2020,,0000712515-20-000006,2020-02-04T21:18:59.000Z,10-Q,2020-02-04,True
712515,ELECTRONIC ARTS INC.,NetCashProvidedByUsedInOperatingActivitiesContinuingOperations,CFO_CONTINUING,USD,1299000000.0,2019-04-01,2019-12-31,275,3,2021-02-08,10-Q,Q3,2021,,0000712515-21-000016,2021-02-08T22:02:57.000Z,10-Q,2021-02-08,True
712515,ELECTRONIC ARTS INC.,NetCashProvidedByUsedInOperatingActivitiesContinuingOperations,CFO_CONTINUING,USD,1797000000.0,2019-04-01,2020-03-31,366,4,2020-05-20,10-K,FY,2020,CY2019,0000712515-20-000019,2020-05-20T20:37:16.000Z,10-K,2020-05-20,True
712515,ELECTRONIC ARTS INC.,NetCashProvidedByUsedInOperatingActivitiesContinuingOperations,CFO_CONTINUING,USD,378000000.0,2020-04-01,2020-06-30,91,1,2020-08-07,10-Q,Q1,2021,,0000712515-20-000068,2020-08-07T22:02:51.000Z,10-Q,2020-08-07,True
712515,ELECTRONIC ARTS INC.,NetCashProvidedByUsedInOperatingActivitiesContinuingOperations,CFO_CONTINUING,USD,378000000.0,2020-04-01,2020-06-30,91,1,2021-08-10,10-Q,Q1,2022,CY2020Q2,0000712515-21-000118,2021-08-10T20:08:36.000Z,10-Q,2021-08-10,True
712515,ELECTRONIC ARTS INC.,NetCashProvidedByUsedInOperatingActivitiesContinuingOperations,CFO_CONTINUING,USD,439000000.0,2020-04-01,2020-09-30,183,2,2020-11-10,10-Q,Q2,2021,,0000712515-20-000075,2020-11-10T21:17:44.000Z,10-Q,2020-11-10,True
712515,ELECTRONIC ARTS INC.,NetCashProvidedByUsedInOperatingActivitiesContinuingOperations,CFO_CONTINUING,USD,439000000.0,2020-04-01,2020-09-30,183,2,2021-11-09,10-Q,Q2,2022,,0000712515-21-000148,2021-11-09T21:11:14.000Z,10-Q,2021-11-09,True
712515,ELECTRONIC ARTS INC.,NetCashProvidedByUsedInOperatingActivitiesContinuingOperations,CFO_CONTINUING,USD,1563000000.0,2020-04-01,2020-12-31,275,3,2021-02-08,10-Q,Q3,2021,,0000712515-21-000016,2021-02-08T22:02:57.000Z,10-Q,2021-02-08,True
712515,ELECTRONIC ARTS INC.,NetCashProvidedByUsedInOperatingActivitiesContinuingOperations,CFO_CONTINUING,USD,-143000000.0,2021-04-01,2021-06-30,91,1,2021-08-10,10-Q,Q1,2022,CY2021Q2,0000712515-21-000118,2021-08-10T20:08:36.000Z,10-Q,2021-08-10,True
712515,ELECTRONIC ARTS INC.,NetCashProvidedByUsedInOperatingActivitiesContinuingOperations,CFO_CONTINUING,USD,-79000000.0,2021-04-01,2021-09-30,183,2,2021-11-09,10-Q,Q2,2022,,0000712515-21-000148,2021-11-09T21:11:14.000Z,10-Q,2021-11-09,True
794619,American Woodmark Corp,WeightedAverageNumberDilutedSharesOutstandingAdjustment,DILUTED_SHARES_ADJUSTMENT,shares,134000.0,2016-05-01,2017-01-31,276,3,2017-02-28,10-Q,Q3,2017,,0000794619-17-000024,2017-02-28T19:28:48.000Z,10-Q,2017-02-28,True
794619,American Woodmark Corp,WeightedAverageNumberDilutedSharesOutstandingAdjustment,DILUTED_SHARES_ADJUSTMENT,shares,140000.0,2016-11-01,2017-01-31,92,1,2017-02-28,10-Q,Q3,2017,,0000794619-17-000024,2017-02-28T19:28:48.000Z,10-Q,2017-02-28,True
794619,American Woodmark Corp,WeightedAverageNumberDilutedSharesOutstandingAdjustment,DILUTED_SHARES_ADJUSTMENT,shares,134000.0,2016-05-01,2017-01-31,276,3,2018-03-12,10-Q,Q3,2018,,0000794619-18-000032,2018-03-12T20:59:38.000Z,10-Q,2018-03-12,True
794619,American Woodmark Corp,WeightedAverageNumberDilutedSharesOutstandingAdjustment,DILUTED_SHARES_ADJUSTMENT,shares,140000.0,2016-11-01,2017-01-31,92,1,2018-03-12,10-Q,Q3,2018,CY2016Q4,0000794619-18-000032,2018-03-12T20:59:38.000Z,10-Q,2018-03-12,True
794619,American Woodmark Corp,WeightedAverageNumberDilutedSharesOutstandingAdjustment,DILUTED_SHARES_ADJUSTMENT,shares,139000.0,2016-05-01,2017-04-30,365,4,2017-06-29,10-K,FY,2017,,0000794619-17-000087,2017-06-29T18:55:21.000Z,10-K,2017-06-29,True
794619,American Woodmark Corp,WeightedAverageNumberDilutedSharesOutstandingAdjustment,DILUTED_SHARES_ADJUSTMENT,shares,139000.0,2016-05-01,2017-04-30,365,4,2018-06-29,10-K,FY,2018,,0000794619-18-000077,2018-06-29T20:09:37.000Z,10-K,2018-06-29,True
794619,American Woodmark Corp,WeightedAverageNumberDilutedSharesOutstandingAdjustment,DILUTED_SHARES_ADJUSTMENT,shares,139000.0,2016-05-01,2017-04-30,365,4,2019-06-28,10-K,FY,2019,CY2016,0000794619-19-000046,2019-06-28T20:20:16.000Z,10-K,2019-06-28,True
794619,American Woodmark Corp,WeightedAverageNumberDilutedSharesOutstandingAdjustment,DILUTED_SHARES_ADJUSTMENT,shares,83000.0,2017-05-01,2017-07-31,92,1,2017-08-30,10-Q,Q1,2018,,0000794619-17-000121,2017-08-30T19:10:24.000Z,10-Q,2017-08-30,True
794619,American Woodmark Corp,WeightedAverageNumberDilutedSharesOutstandingAdjustment,DILUTED_SHARES_ADJUSTMENT,shares,83000.0,2017-05-01,2017-07-31,92,1,2018-08-31,10-Q,Q1,2019,CY2017Q2,0000794619-18-000100,2018-08-31T18:52:01.000Z,10-Q,2018-08-31,True
794619,American Woodmark Corp,WeightedAverageNumberDilutedSharesOutstandingAdjustment,DILUTED_SHARES_ADJUSTMENT,shares,84000.0,2017-05-01,2017-10-31,184,2,2017-12-05,10-Q,Q2,2018,,0000794619-17-000168,2017-12-05T21:05:46.000Z,10-Q,2017-12-05,True
794619,American Woodmark Corp,WeightedAverageNumberDilutedSharesOutstandingAdjustment,DILUTED_SHARES_ADJUSTMENT,shares,71000.0,2017-08-01,2017-10-31,92,1,2017-12-05,10-Q,Q2,2018,,0000794619-17-000168,2017-12-05T21:05:46.000Z,10-Q,2017-12-05,True
794619,American Woodmark Corp,WeightedAverageNumberDilutedSharesOutstandingAdjustment,DILUTED_SHARES_ADJUSTMENT,shares,84000.0,2017-05-01,2017-10-31,184,2,2018-11-30,10-Q,Q2,2019,,0000794619-18-000110,2018-11-30T21:47:21.000Z,10-Q,2018-11-30,True
794619,American Woodmark Corp,WeightedAverageNumberDilutedSharesOutstandingAdjustment,DILUTED_SHARES_ADJUSTMENT,shares,71000.0,2017-08-01,2017-10-31,92,1,2018-11-30,10-Q,Q2,2019,CY2017Q3,0000794619-18-000110,2018-11-30T21:47:21.000Z,10-Q,2018-11-30,True
794619,American Woodmark Corp,WeightedAverageNumberDilutedSharesOutstandingAdjustment,DILUTED_SHARES_ADJUSTMENT,shares,112000.0,2017-05-01,2018-01-31,276,3,2018-03-12,10-Q,Q3,2018,,0000794619-18-000032,2018-03-12T20:59:38.000Z,10-Q,2018-03-12,True
794619,American Woodmark Corp,WeightedAverageNumberDilutedSharesOutstandingAdjustment,DILUTED_SHARES_ADJUSTMENT,shares,113000.0,2017-11-01,2018-01-31,92,1,2018-03-12,10-Q,Q3,2018,,0000794619-18-000032,2018-03-12T20:59:38.000Z,10-Q,2018-03-12,True
794619,American Woodmark Corp,WeightedAverageNumberDilutedSharesOutstandingAdjustment,DILUTED_SHARES_ADJUSTMENT,shares,112000.0,2017-05-01,2018-01-31,276,3,2019-02-27,10-Q,Q3,2019,,0000794619-19-000009,2019-02-27T19:37:04.000Z,10-Q,2019-02-27,True
794619,American Woodmark Corp,WeightedAverageNumberDilutedSharesOutstandingAdjustment,DILUTED_SHARES_ADJUSTMENT,shares,113000.0,2017-11-01,2018-01-31,92,1,2019-02-27,10-Q,Q3,2019,CY2017Q4,0000794619-19-000009,2019-02-27T19:37:04.000Z,10-Q,2019-02-27,True
794619,American Woodmark Corp,WeightedAverageNumberDilutedSharesOutstandingAdjustment,DILUTED_SHARES_ADJUSTMENT,shares,114000.0,2017-05-01,2018-04-30,365,4,2018-06-29,10-K,FY,2018,,0000794619-18-000077,2018-06-29T20:09:37.000Z,10-K,2018-06-29,True
794619,American Woodmark Corp,WeightedAverageNumberDilutedSharesOutstandingAdjustment,DILUTED_SHARES_ADJUSTMENT,shares,114000.0,2017-05-01,2018-04-30,365,4,2019-06-28,10-K,FY,2019,,0000794619-19-000046,2019-06-28T20:20:16.000Z,10-K,2019-06-28,True
794619,American Woodmark Corp,WeightedAverageNumberDilutedSharesOutstandingAdjustment,DILUTED_SHARES_ADJUSTMENT,shares,114000.0,2017-05-01,2018-04-30,365,4,2020-06-29,10-K,FY,2020,CY2017,0000794619-20-000047,2020-06-29T18:58:17.000Z,10-K,2020-06-29,True
794619,American Woodmark Corp,WeightedAverageNumberDilutedSharesOutstandingAdjustment,DILUTED_SHARES_ADJUSTMENT,shares,85000.0,2018-05-01,2018-07-31,92,1,2018-08-31,10-Q,Q1,2019,,0000794619-18-000100,2018-08-31T18:52:01.000Z,10-Q,2018-08-31,True
794619,American Woodmark Corp,WeightedAverageNumberDilutedSharesOutstandingAdjustment,DILUTED_SHARES_ADJUSTMENT,shares,85000.0,2018-05-01,2018-07-31,92,1,2019-08-29,10-Q,Q1,2020,CY2018Q2,0000794619-19-000068,2019-08-29T21:19:20.000Z,10-Q,2019-08-29,True
794619,American Woodmark Corp,WeightedAverageNumberDilutedSharesOutstandingAdjustment,DILUTED_SHARES_ADJUSTMENT,shares,45000.0,2018-05-01,2018-10-31,184,2,2018-11-30,10-Q,Q2,2019,,0000794619-18-000110,2018-11-30T21:47:21.000Z,10-Q,2018-11-30,True
794619,American Woodmark Corp,WeightedAverageNumberDilutedSharesOutstandingAdjustment,DILUTED_SHARES_ADJUSTMENT,shares,32000.0,2018-08-01,2018-10-31,92,1,2018-11-30,10-Q,Q2,2019,,0000794619-18-000110,2018-11-30T21:47:21.000Z,10-Q,2018-11-30,True
794619,American Woodmark Corp,WeightedAverageNumberDilutedSharesOutstandingAdjustment,DILUTED_SHARES_ADJUSTMENT,shares,45000.0,2018-05-01,2018-10-31,184,2,2019-11-26,10-Q,Q2,2020,,0000794619-19-000085,2019-11-26T21:26:26.000Z,10-Q,2019-11-26,True
794619,American Woodmark Corp,WeightedAverageNumberDilutedSharesOutstandingAdjustment,DILUTED_SHARES_ADJUSTMENT,shares,32000.0,2018-08-01,2018-10-31,92,1,2019-11-26,10-Q,Q2,2020,CY2018Q3,0000794619-19-000085,2019-11-26T21:26:26.000Z,10-Q,2019-11-26,True
794619,American Woodmark Corp,WeightedAverageNumberDilutedSharesOutstandingAdjustment,DILUTED_SHARES_ADJUSTMENT,shares,42000.0,2018-05-01,2019-01-31,276,3,2019-02-27,10-Q,Q3,2019,,0000794619-19-000009,2019-02-27T19:37:04.000Z,10-Q,2019-02-27,True
794619,American Woodmark Corp,WeightedAverageNumberDilutedSharesOutstandingAdjustment,DILUTED_SHARES_ADJUSTMENT,shares,30000.0,2018-11-01,2019-01-31,92,1,2019-02-27,10-Q,Q3,2019,,0000794619-19-000009,2019-02-27T19:37:04.000Z,10-Q,2019-02-27,True
794619,American Woodmark Corp,WeightedAverageNumberDilutedSharesOutstandingAdjustment,DILUTED_SHARES_ADJUSTMENT,shares,42000.0,2018-05-01,2019-01-31,276,3,2020-02-26,10-Q,Q3,2020,,0000794619-20-000009,2020-02-26T21:07:12.000Z,10-Q,2020-02-26,True
794619,American Woodmark Corp,WeightedAverageNumberDilutedSharesOutstandingAdjustment,DILUTED_SHARES_ADJUSTMENT,shares,30000.0,2018-11-01,2019-01-31,92,1,2020-02-26,10-Q,Q3,2020,CY2018Q4,0000794619-20-000009,2020-02-26T21:07:12.000Z,10-Q,2020-02-26,True
794619,American Woodmark Corp,WeightedAverageNumberDilutedSharesOutstandingAdjustment,DILUTED_SHARES_ADJUSTMENT,shares,41000.0,2018-05-01,2019-04-30,365,4,2019-06-28,10-K,FY,2019,,0000794619-19-000046,2019-06-28T20:20:16.000Z,10-K,2019-06-28,True
794619,American Woodmark Corp,WeightedAverageNumberDilutedSharesOutstandingAdjustment,DILUTED_SHARES_ADJUSTMENT,shares,41000.0,2018-05-01,2019-04-30,365,4,2020-06-29,10-K,FY,2020,,0000794619-20-000047,2020-06-29T18:58:17.000Z,10-K,2020-06-29,True
794619,American Woodmark Corp,WeightedAverageNumberDilutedSharesOutstandingAdjustment,DILUTED_SHARES_ADJUSTMENT,shares,41000.0,2018-05-01,2019-04-30,365,4,2021-06-29,10-K,FY,2021,CY2018,0000794619-21-000046,2021-06-29T20:06:51.000Z,10-K,2021-06-29,True
794619,American Woodmark Corp,WeightedAverageNumberDilutedSharesOutstandingAdjustment,DILUTED_SHARES_ADJUSTMENT,shares,43000.0,2019-05-01,2019-07-31,92,1,2019-08-29,10-Q,Q1,2020,,0000794619-19-000068,2019-08-29T21:19:20.000Z,10-Q,2019-08-29,True
794619,American Woodmark Corp,WeightedAverageNumberDilutedSharesOutstandingAdjustment,DILUTED_SHARES_ADJUSTMENT,shares,43000.0,2019-05-01,2019-07-31,92,1,2020-08-26,10-Q,Q1,2021,CY2019Q2,0000794619-20-000078,2020-08-26T20:17:47.000Z,10-Q,2020-08-26,True
794619,American Woodmark Corp,WeightedAverageNumberDilutedSharesOutstandingAdjustment,DILUTED_SHARES_ADJUSTMENT,shares,40000.0,2019-05-01,2019-10-31,184,2,2019-11-26,10-Q,Q2,2020,,0000794619-19-000085,2019-11-26T21:26:26.000Z,10-Q,2019-11-26,True
794619,American Woodmark Corp,WeightedAverageNumberDilutedSharesOutstandingAdjustment,DILUTED_SHARES_ADJUSTMENT,shares,36000.0,2019-08-01,2019-10-31,92,1,2019-11-26,10-Q,Q2,2020,,0000794619-19-000085,2019-11-26T21:26:26.000Z,10-Q,2019-11-26,True
794619,American Woodmark Corp,WeightedAverageNumberDilutedSharesOutstandingAdjustment,DILUTED_SHARES_ADJUSTMENT,shares,40000.0,2019-05-01,2019-10-31,184,2,2020-11-24,10-Q,Q2,2021,,0000794619-20-000086,2020-11-24T20:26:06.000Z,10-Q,2020-11-24,True
794619,American Woodmark Corp,WeightedAverageNumberDilutedSharesOutstandingAdjustment,DILUTED_SHARES_ADJUSTMENT,shares,36000.0,2019-08-01,2019-10-31,92,1,2020-11-24,10-Q,Q2,2021,CY2019Q3,0000794619-20-000086,2020-11-24T20:26:06.000Z,10-Q,2020-11-24,True
794619,American Woodmark Corp,WeightedAverageNumberDilutedSharesOutstandingAdjustment,DILUTED_SHARES_ADJUSTMENT,shares,45000.0,2019-05-01,2020-01-31,276,3,2020-02-26,10-Q,Q3,2020,,0000794619-20-000009,2020-02-26T21:07:12.000Z,10-Q,2020-02-26,True
794619,American Woodmark Corp,WeightedAverageNumberDilutedSharesOutstandingAdjustment,DILUTED_SHARES_ADJUSTMENT,shares,53000.0,2019-11-01,2020-01-31,92,1,2020-02-26,10-Q,Q3,2020,,0000794619-20-000009,2020-02-26T21:07:12.000Z,10-Q,2020-02-26,True
794619,American Woodmark Corp,WeightedAverageNumberDilutedSharesOutstandingAdjustment,DILUTED_SHARES_ADJUSTMENT,shares,45000.0,2019-05-01,2020-01-31,276,3,2021-02-25,10-Q,Q3,2021,,0000794619-21-000006,2021-02-25T21:14:32.000Z,10-Q,2021-02-25,True
794619,American Woodmark Corp,WeightedAverageNumberDilutedSharesOutstandingAdjustment,DILUTED_SHARES_ADJUSTMENT,shares,53000.0,2019-11-01,2020-01-31,92,1,2021-02-25,10-Q,Q3,2021,CY2019Q4,0000794619-21-000006,2021-02-25T21:14:32.000Z,10-Q,2021-02-25,True
794619,American Woodmark Corp,WeightedAverageNumberDilutedSharesOutstandingAdjustment,DILUTED_SHARES_ADJUSTMENT,shares,44000.0,2019-05-01,2020-04-30,366,4,2020-06-29,10-K,FY,2020,,0000794619-20-000047,2020-06-29T18:58:17.000Z,10-K,2020-06-29,True
794619,American Woodmark Corp,WeightedAverageNumberDilutedSharesOutstandingAdjustment,DILUTED_SHARES_ADJUSTMENT,shares,44000.0,2019-05-01,2020-04-30,366,4,2021-06-29,10-K,FY,2021,,0000794619-21-000046,2021-06-29T20:06:51.000Z,10-K,2021-06-29,True
794619,American Woodmark Corp,WeightedAverageNumberDilutedSharesOutstandingAdjustment,DILUTED_SHARES_ADJUSTMENT,shares,44000.0,2019-05-01,2020-04-30,366,4,2022-06-29,10-K,FY,2022,CY2019,0000794619-22-000069,2022-06-29T20:58:54.000Z,10-K,2022-06-29,True
794619,American Woodmark Corp,WeightedAverageNumberDilutedSharesOutstandingAdjustment,DILUTED_SHARES_ADJUSTMENT,shares,77000.0,2020-05-01,2020-07-31,92,1,2020-08-26,10-Q,Q1,2021,,0000794619-20-000078,2020-08-26T20:17:47.000Z,10-Q,2020-08-26,True
794619,American Woodmark Corp,WeightedAverageNumberDilutedSharesOutstandingAdjustment,DILUTED_SHARES_ADJUSTMENT,shares,77000.0,2020-05-01,2020-07-31,92,1,2021-08-31,10-Q,Q1,2022,CY2020Q2,0000794619-21-000073,2021-08-31T20:16:35.000Z,10-Q,2021-08-31,True
794619,American Woodmark Corp,WeightedAverageNumberDilutedSharesOutstandingAdjustment,DILUTED_SHARES_ADJUSTMENT,shares,72000.0,2020-05-01,2020-10-31,184,2,2020-11-24,10-Q,Q2,2021,,0000794619-20-000086,2020-11-24T20:26:06.000Z,10-Q,2020-11-24,True
794619,American Woodmark Corp,WeightedAverageNumberDilutedSharesOutstandingAdjustment,DILUTED_SHARES_ADJUSTMENT,shares,55000.0,2020-08-01,2020-10-31,92,1,2020-11-24,10-Q,Q2,2021,,0000794619-20-000086,2020-11-24T20:26:06.000Z,10-Q,2020-11-24,True
794619,American Woodmark Corp,WeightedAverageNumberDilutedSharesOutstandingAdjustment,DILUTED_SHARES_ADJUSTMENT,shares,72000.0,2020-05-01,2020-10-31,184,2,2021-11-23,10-Q,Q2,2022,,0000794619-21-000087,2021-11-23T21:10:40.000Z,10-Q,2021-11-23,True
794619,American Woodmark Corp,WeightedAverageNumberDilutedSharesOutstandingAdjustment,DILUTED_SHARES_ADJUSTMENT,shares,55000.0,2020-08-01,2020-10-31,92,1,2021-11-23,10-Q,Q2,2022,CY2020Q3,0000794619-21-000087,2021-11-23T21:10:40.000Z,10-Q,2021-11-23,True
794619,American Woodmark Corp,WeightedAverageNumberDilutedSharesOutstandingAdjustment,DILUTED_SHARES_ADJUSTMENT,shares,62000.0,2020-05-01,2021-01-31,276,3,2021-02-25,10-Q,Q3,2021,,0000794619-21-000006,2021-02-25T21:14:32.000Z,10-Q,2021-02-25,True
794619,American Woodmark Corp,WeightedAverageNumberDilutedSharesOutstandingAdjustment,DILUTED_SHARES_ADJUSTMENT,shares,52000.0,2020-11-01,2021-01-31,92,1,2021-02-25,10-Q,Q3,2021,,0000794619-21-000006,2021-02-25T21:14:32.000Z,10-Q,2021-02-25,True
794619,American Woodmark Corp,WeightedAverageNumberDilutedSharesOutstandingAdjustment,DILUTED_SHARES_ADJUSTMENT,shares,62000.0,2020-05-01,2021-01-31,276,3,2022-02-24,10-Q,Q3,2022,,0000794619-22-000013,2022-02-24T21:20:18.000Z,10-Q,2022-02-24,True
794619,American Woodmark Corp,WeightedAverageNumberDilutedSharesOutstandingAdjustment,DILUTED_SHARES_ADJUSTMENT,shares,52000.0,2020-11-01,2021-01-31,92,1,2022-02-24,10-Q,Q3,2022,CY2020Q4,0000794619-22-000013,2022-02-24T21:20:18.000Z,10-Q,2022-02-24,True
794619,American Woodmark Corp,WeightedAverageNumberDilutedSharesOutstandingAdjustment,DILUTED_SHARES_ADJUSTMENT,shares,67000.0,2020-05-01,2021-04-30,365,4,2021-06-29,10-K,FY,2021,,0000794619-21-000046,2021-06-29T20:06:51.000Z,10-K,2021-06-29,True
794619,American Woodmark Corp,WeightedAverageNumberDilutedSharesOutstandingAdjustment,DILUTED_SHARES_ADJUSTMENT,shares,67000.0,2020-05-01,2021-04-30,365,4,2022-06-29,10-K,FY,2022,,0000794619-22-000069,2022-06-29T20:58:54.000Z,10-K,2022-06-29,True
794619,American Woodmark Corp,WeightedAverageNumberDilutedSharesOutstandingAdjustment,DILUTED_SHARES_ADJUSTMENT,shares,55000.0,2021-05-01,2021-07-31,92,1,2021-08-31,10-Q,Q1,2022,,0000794619-21-000073,2021-08-31T20:16:35.000Z,10-Q,2021-08-31,True
794619,American Woodmark Corp,WeightedAverageNumberDilutedSharesOutstandingAdjustment,DILUTED_SHARES_ADJUSTMENT,shares,55000.0,2021-05-01,2021-07-31,92,1,2022-08-30,10-Q,Q1,2023,CY2021Q2,0000794619-22-000098,2022-08-30T20:46:50.000Z,10-Q,2022-08-30,True
794619,American Woodmark Corp,WeightedAverageNumberDilutedSharesOutstandingAdjustment,DILUTED_SHARES_ADJUSTMENT,shares,49000.0,2021-05-01,2021-10-31,184,2,2021-11-23,10-Q,Q2,2022,,0000794619-21-000087,2021-11-23T21:10:40.000Z,10-Q,2021-11-23,True
794619,American Woodmark Corp,WeightedAverageNumberDilutedSharesOutstandingAdjustment,DILUTED_SHARES_ADJUSTMENT,shares,39000.0,2021-08-01,2021-10-31,92,1,2021-11-23,10-Q,Q2,2022,,0000794619-21-000087,2021-11-23T21:10:40.000Z,10-Q,2021-11-23,True
794619,American Woodmark Corp,WeightedAverageNumberDilutedSharesOutstandingAdjustment,DILUTED_SHARES_ADJUSTMENT,shares,49000.0,2021-05-01,2021-10-31,184,2,2022-11-22,10-Q,Q2,2023,,0000794619-22-000103,2022-11-22T21:12:11.000Z,10-Q,2022-11-22,True
794619,American Woodmark Corp,WeightedAverageNumberDilutedSharesOutstandingAdjustment,DILUTED_SHARES_ADJUSTMENT,shares,39000.0,2021-08-01,2021-10-31,92,1,2022-11-22,10-Q,Q2,2023,CY2021Q3,0000794619-22-000103,2022-11-22T21:12:11.000Z,10-Q,2022-11-22,True
794619,American Woodmark Corp,WeightedAverageNumberDilutedSharesOutstandingAdjustment,DILUTED_SHARES_ADJUSTMENT,shares,0.0,2021-05-01,2022-01-31,276,3,2022-02-24,10-Q,Q3,2022,,0000794619-22-000013,2022-02-24T21:20:18.000Z,10-Q,2022-02-24,True
794619,American Woodmark Corp,WeightedAverageNumberDilutedSharesOutstandingAdjustment,DILUTED_SHARES_ADJUSTMENT,shares,0.0,2021-11-01,2022-01-31,92,1,2022-02-24,10-Q,Q3,2022,,0000794619-22-000013,2022-02-24T21:20:18.000Z,10-Q,2022-02-24,True
794619,American Woodmark Corp,WeightedAverageNumberDilutedSharesOutstandingAdjustment,DILUTED_SHARES_ADJUSTMENT,shares,0.0,2021-05-01,2022-04-30,365,4,2022-06-29,10-K,FY,2022,,0000794619-22-000069,2022-06-29T20:58:54.000Z,10-K,2022-06-29,True
794619,American Woodmark Corp,WeightedAverageNumberDilutedSharesOutstandingAdjustment,DILUTED_SHARES_ADJUSTMENT,shares,36000.0,2022-05-01,2022-07-31,92,1,2022-08-30,10-Q,Q1,2023,,0000794619-22-000098,2022-08-30T20:46:50.000Z,10-Q,2022-08-30,True
794619,American Woodmark Corp,WeightedAverageNumberDilutedSharesOutstandingAdjustment,DILUTED_SHARES_ADJUSTMENT,shares,40000.0,2022-05-01,2022-10-31,184,2,2022-11-22,10-Q,Q2,2023,,0000794619-22-000103,2022-11-22T21:12:11.000Z,10-Q,2022-11-22,True
794619,American Woodmark Corp,WeightedAverageNumberDilutedSharesOutstandingAdjustment,DILUTED_SHARES_ADJUSTMENT,shares,42000.0,2022-08-01,2022-10-31,92,1,2022-11-22,10-Q,Q2,2023,,0000794619-22-000103,2022-11-22T21:12:11.000Z,10-Q,2022-11-22,True
866829,"HORNBECK OFFSHORE SERVICES, INC.",NetCashProvidedByUsedInOperatingActivitiesContinuingOperations,CFO_CONTINUING,USD,28849000.0,2017-01-01,2017-03-31,90,1,2017-04-25,10-Q,Q1,2017,,0000866829-17-000013,2017-04-25T19:01:55.000Z,10-Q,2017-04-25,True
866829,"HORNBECK OFFSHORE SERVICES, INC.",NetCashProvidedByUsedInOperatingActivitiesContinuingOperations,CFO_CONTINUING,USD,28849000.0,2017-01-01,2017-03-31,90,1,2018-04-25,10-Q,Q1,2018,CY2017Q1,0000866829-18-000011,2018-04-25T21:27:14.000Z,10-Q,2018-04-25,True
866829,"HORNBECK OFFSHORE SERVICES, INC.",NetCashProvidedByUsedInOperatingActivitiesContinuingOperations,CFO_CONTINUING,USD,15601000.0,2017-01-01,2017-06-30,181,2,2017-07-25,10-Q,Q2,2017,,0000866829-17-000024,2017-07-25T17:29:03.000Z,10-Q,2017-07-25,True
866829,"HORNBECK OFFSHORE SERVICES, INC.",NetCashProvidedByUsedInOperatingActivitiesContinuingOperations,CFO_CONTINUING,USD,15601000.0,2017-01-01,2017-06-30,181,2,2018-07-25,10-Q,Q2,2018,,0000866829-18-000017,2018-07-25T21:20:40.000Z,10-Q,2018-07-25,True
866829,"HORNBECK OFFSHORE SERVICES, INC.",NetCashProvidedByUsedInOperatingActivitiesContinuingOperations,CFO_CONTINUING,USD,31323000.0,2017-01-01,2017-09-30,273,3,2017-10-24,10-Q,Q3,2017,,0000866829-17-000028,2017-10-24T20:12:31.000Z,10-Q,2017-10-24,True
866829,"HORNBECK OFFSHORE SERVICES, INC.",NetCashProvidedByUsedInOperatingActivitiesContinuingOperations,CFO_CONTINUING,USD,31323000.0,2017-01-01,2017-09-30,273,3,2018-10-24,10-Q,Q3,2018,,0000866829-18-000024,2018-10-24T21:20:06.000Z,10-Q,2018-10-24,True
866829,"HORNBECK OFFSHORE SERVICES, INC.",NetCashProvidedByUsedInOperatingActivitiesContinuingOperations,CFO_CONTINUING,USD,41046000.0,2018-01-01,2018-03-31,90,1,2018-04-25,10-Q,Q1,2018,,0000866829-18-000011,2018-04-25T21:27:14.000Z,10-Q,2018-04-25,True
866829,"HORNBECK OFFSHORE SERVICES, INC.",NetCashProvidedByUsedInOperatingActivitiesContinuingOperations,CFO_CONTINUING,USD,41046000.0,2018-01-01,2018-03-31,90,1,2019-04-24,10-Q,Q1,2019,CY2018Q1,0000866829-19-000015,2019-04-24T21:06:22.000Z,10-Q,2019-04-24,True
866829,"HORNBECK OFFSHORE SERVICES, INC.",NetCashProvidedByUsedInOperatingActivitiesContinuingOperations,CFO_CONTINUING,USD,87666000.0,2018-01-01,2018-06-30,181,2,2018-07-25,10-Q,Q2,2018,,0000866829-18-000017,2018-07-25T21:20:40.000Z,10-Q,2018-07-25,True
866829,"HORNBECK OFFSHORE SERVICES, INC.",NetCashProvidedByUsedInOperatingActivitiesContinuingOperations,CFO_CONTINUING,USD,87666000.0,2018-01-01,2018-06-30,181,2,2019-07-26,10-Q,Q2,2019,,0000866829-19-000026,2019-07-26T12:59:57.000Z,10-Q,2019-07-26,True
866829,"HORNBECK OFFSHORE SERVICES, INC.",NetCashProvidedByUsedInOperatingActivitiesContinuingOperations,CFO_CONTINUING,USD,150827000.0,2018-01-01,2018-09-30,273,3,2018-10-24,10-Q,Q3,2018,,0000866829-18-000024,2018-10-24T21:20:06.000Z,10-Q,2018-10-24,True
866829,"HORNBECK OFFSHORE SERVICES, INC.",NetCashProvidedByUsedInOperatingActivitiesContinuingOperations,CFO_CONTINUING,USD,-34246000.0,2019-01-01,2019-03-31,90,1,2019-04-24,10-Q,Q1,2019,CY2019Q1,0000866829-19-000015,2019-04-24T21:06:22.000Z,10-Q,2019-04-24,True
866829,"HORNBECK OFFSHORE SERVICES, INC.",NetCashProvidedByUsedInOperatingActivitiesContinuingOperations,CFO_CONTINUING,USD,32561000.0,2019-01-01,2019-06-30,181,2,2019-07-26,10-Q,Q2,2019,,0000866829-19-000026,2019-07-26T12:59:57.000Z,10-Q,2019-07-26,True
866829,"HORNBECK OFFSHORE SERVICES, INC.",WeightedAverageNumberOfShareOutstandingBasicAndDiluted,SHARES_BASIC_DILUTED_COMBINED,shares,148863000.0,2020-01-01,2020-03-31,91,1,2021-04-28,10-Q,Q1,2021,CY2020Q1,0000866829-21-000011,2021-04-28T20:02:01.000Z,10-Q,2021-04-28,True
866829,"HORNBECK OFFSHORE SERVICES, INC.",WeightedAverageNumberOfShareOutstandingBasicAndDiluted,SHARES_BASIC_DILUTED_COMBINED,shares,149935000.0,2021-01-01,2021-03-31,90,1,2021-04-28,10-Q,Q1,2021,CY2021Q1,0000866829-21-000011,2021-04-28T20:02:01.000Z,10-Q,2021-04-28,True
896262,AMEDISYS INC,NetCashProvidedByUsedInOperatingActivitiesContinuingOperations,CFO_CONTINUING,USD,27097000.0,2017-01-01,2017-03-31,90,1,2017-05-03,10-Q,Q1,2017,CY2017Q1,0001193125-17-155092,2017-05-03T08:06:03.000Z,10-Q,2017-05-03,True
896262,AMEDISYS INC,NetCashProvidedByUsedInOperatingActivitiesContinuingOperations,CFO_CONTINUING,USD,63341000.0,2017-01-01,2017-06-30,181,2,2017-07-27,10-Q,Q2,2017,,0001193125-17-237451,2017-07-27T08:02:00.000Z,10-Q,2017-07-27,True
896262,AMEDISYS INC,NetCashProvidedByUsedInOperatingActivitiesContinuingOperations,CFO_CONTINUING,USD,73542000.0,2017-01-01,2017-09-30,273,3,2017-11-08,10-Q,Q3,2017,,0001193125-17-336507,2017-11-08T08:01:37.000Z,10-Q,2017-11-08,True
928022,Callon Petroleum Co,NetCashProvidedByUsedInOperatingActivitiesContinuingOperations,CFO_CONTINUING,USD,52684000.0,2017-01-01,2017-03-31,90,1,2017-05-03,10-Q,Q1,2017,CY2017Q1,0000928022-17-000037,2017-05-02T19:23:16.000Z,10-Q,2017-05-03,True
949039,"Diamond Offshore Drilling, Inc.",NetCashProvidedByUsedInOperatingActivitiesContinuingOperations,CFO_CONTINUING,USD,98676000.0,2017-01-01,2017-03-31,90,1,2017-05-01,10-Q,Q1,2017,,0001193125-17-150507,2017-05-01T09:48:26.000Z,10-Q,2017-05-01,True
949039,"Diamond Offshore Drilling, Inc.",NetCashProvidedByUsedInOperatingActivitiesContinuingOperations,CFO_CONTINUING,USD,98676000.0,2017-01-01,2017-03-31,90,1,2018-04-30,10-Q,Q1,2018,CY2017Q1,0001193125-18-141235,2018-04-30T09:41:59.000Z,10-Q,2018-04-30,True
949039,"Diamond Offshore Drilling, Inc.",NetCashProvidedByUsedInOperatingActivitiesContinuingOperations,CFO_CONTINUING,USD,176881000.0,2017-01-01,2017-06-30,181,2,2017-07-31,10-Q,Q2,2017,,0001193125-17-241644,2017-07-31T09:31:00.000Z,10-Q,2017-07-31,True
949039,"Diamond Offshore Drilling, Inc.",NetCashProvidedByUsedInOperatingActivitiesContinuingOperations,CFO_CONTINUING,USD,366635000.0,2017-01-01,2017-09-30,273,3,2017-10-30,10-Q,Q3,2017,,0001193125-17-324049,2017-10-30T09:34:57.000Z,10-Q,2017-10-30,True
949039,"Diamond Offshore Drilling, Inc.",NetCashProvidedByUsedInOperatingActivitiesContinuingOperations,CFO_CONTINUING,USD,493808000.0,2017-01-01,2017-12-31,365,4,2018-02-13,10-K,FY,2017,CY2017,0001193125-18-041668,2018-02-13T11:00:51.000Z,10-K,2018-02-13,True
949039,"Diamond Offshore Drilling, Inc.",NetCashProvidedByUsedInOperatingActivitiesContinuingOperations,CFO_CONTINUING,USD,83769000.0,2018-01-01,2018-03-31,90,1,2018-04-30,10-Q,Q1,2018,CY2018Q1,0001193125-18-141235,2018-04-30T09:41:59.000Z,10-Q,2018-04-30,True
949039,"Diamond Offshore Drilling, Inc.",WeightedAverageNumberOfShareOutstandingBasicAndDiluted,SHARES_BASIC_DILUTED_COMBINED,shares,137399000.0,2018-01-01,2018-12-31,365,4,2021-02-10,10-K,FY,2020,CY2018,0001564590-21-005225,2021-02-10T14:26:16.000Z,10-K,2021-02-10,True
949039,"Diamond Offshore Drilling, Inc.",WeightedAverageNumberOfShareOutstandingBasicAndDiluted,SHARES_BASIC_DILUTED_COMBINED,shares,137652000.0,2019-01-01,2019-12-31,365,4,2021-02-10,10-K,FY,2020,,0001564590-21-005225,2021-02-10T14:26:16.000Z,10-K,2021-02-10,True
949039,"Diamond Offshore Drilling, Inc.",WeightedAverageNumberOfShareOutstandingBasicAndDiluted,SHARES_BASIC_DILUTED_COMBINED,shares,137652000.0,2019-01-01,2019-12-31,365,4,2022-03-07,10-K,FY,2021,CY2019,0000950170-22-003014,2022-03-07T16:44:33.000Z,10-K,2022-03-07,True
949039,"Diamond Offshore Drilling, Inc.",WeightedAverageNumberOfShareOutstandingBasicAndDiluted,SHARES_BASIC_DILUTED_COMBINED,shares,137831000.0,2020-01-01,2020-03-31,91,1,2021-05-10,10-Q,Q1,2021,CY2020Q1,0001564590-21-025625,2021-05-07T17:34:44.000Z,10-Q,2021-05-10,True
949039,"Diamond Offshore Drilling, Inc.",WeightedAverageNumberOfShareOutstandingBasicAndDiluted,SHARES_BASIC_DILUTED_COMBINED,shares,137937000.0,2020-01-01,2020-06-30,182,2,2021-08-04,10-Q,Q2,2021,,0001564590-21-040906,2021-08-04T16:56:16.000Z,10-Q,2021-08-04,True
949039,"Diamond Offshore Drilling, Inc.",WeightedAverageNumberOfShareOutstandingBasicAndDiluted,SHARES_BASIC_DILUTED_COMBINED,shares,138043000.0,2020-04-01,2020-06-30,91,1,2021-08-04,10-Q,Q2,2021,CY2020Q2,0001564590-21-040906,2021-08-04T16:56:16.000Z,10-Q,2021-08-04,True
949039,"Diamond Offshore Drilling, Inc.",WeightedAverageNumberOfShareOutstandingBasicAndDiluted,SHARES_BASIC_DILUTED_COMBINED,shares,137976000.0,2020-01-01,2020-09-30,274,3,2021-11-08,10-Q,Q3,2021,,0001564590-21-055253,2021-11-08T16:15:06.000Z,10-Q,2021-11-08,True
949039,"Diamond Offshore Drilling, Inc.",WeightedAverageNumberOfShareOutstandingBasicAndDiluted,SHARES_BASIC_DILUTED_COMBINED,shares,138054000.0,2020-07-01,2020-09-30,92,1,2021-11-08,10-Q,Q3,2021,CY2020Q3,0001564590-21-055253,2021-11-08T16:15:06.000Z,10-Q,2021-11-08,True
949039,"Diamond Offshore Drilling, Inc.",WeightedAverageNumberOfShareOutstandingBasicAndDiluted,SHARES_BASIC_DILUTED_COMBINED,shares,137996000.0,2020-01-01,2020-12-31,366,4,2021-02-10,10-K,FY,2020,,0001564590-21-005225,2021-02-10T14:26:16.000Z,10-K,2021-02-10,True
949039,"Diamond Offshore Drilling, Inc.",WeightedAverageNumberOfShareOutstandingBasicAndDiluted,SHARES_BASIC_DILUTED_COMBINED,shares,137996000.0,2020-01-01,2020-12-31,366,4,2022-03-07,10-K,FY,2021,CY2020,0000950170-22-003014,2022-03-07T16:44:33.000Z,10-K,2022-03-07,True
949039,"Diamond Offshore Drilling, Inc.",WeightedAverageNumberOfShareOutstandingBasicAndDiluted,SHARES_BASIC_DILUTED_COMBINED,shares,138054000.0,2021-01-01,2021-03-31,90,1,2021-05-10,10-Q,Q1,2021,,0001564590-21-025625,2021-05-07T17:34:44.000Z,10-Q,2021-05-10,True
949039,"Diamond Offshore Drilling, Inc.",WeightedAverageNumberOfShareOutstandingBasicAndDiluted,SHARES_BASIC_DILUTED_COMBINED,shares,138054.0,2021-01-01,2021-03-31,90,1,2022-05-10,10-Q,Q1,2022,CY2021Q1,0000950170-22-008866,2022-05-10T14:20:12.000Z,10-Q,2022-05-10,True
949039,"Diamond Offshore Drilling, Inc.",WeightedAverageNumberOfShareOutstandingBasicAndDiluted,SHARES_BASIC_DILUTED_COMBINED,shares,138054000.0,2021-01-01,2021-04-23,113,1,2021-08-04,10-Q,Q2,2021,,0001564590-21-040906,2021-08-04T16:56:16.000Z,10-Q,2021-08-04,True
949039,"Diamond Offshore Drilling, Inc.",WeightedAverageNumberOfShareOutstandingBasicAndDiluted,SHARES_BASIC_DILUTED_COMBINED,shares,138054000.0,2021-04-01,2021-04-23,23,,2021-08-04,10-Q,Q2,2021,CY2021Q1I,0001564590-21-040906,2021-08-04T16:56:16.000Z,10-Q,2021-08-04,True
949039,"Diamond Offshore Drilling, Inc.",WeightedAverageNumberOfShareOutstandingBasicAndDiluted,SHARES_BASIC_DILUTED_COMBINED,shares,138054000.0,2021-01-01,2021-04-23,113,1,2021-11-08,10-Q,Q3,2021,,0001564590-21-055253,2021-11-08T16:15:06.000Z,10-Q,2021-11-08,True
949039,"Diamond Offshore Drilling, Inc.",WeightedAverageNumberOfShareOutstandingBasicAndDiluted,SHARES_BASIC_DILUTED_COMBINED,shares,138054000.0,2021-01-01,2021-04-23,113,1,2022-03-07,10-K,FY,2021,,0000950170-22-003014,2022-03-07T16:44:33.000Z,10-K,2022-03-07,True
949039,"Diamond Offshore Drilling, Inc.",WeightedAverageNumberOfShareOutstandingBasicAndDiluted,SHARES_BASIC_DILUTED_COMBINED,shares,100059000.0,2021-04-24,2021-06-30,68,1,2021-08-04,10-Q,Q2,2021,CY2021Q2,0001564590-21-040906,2021-08-04T16:56:16.000Z,10-Q,2021-08-04,True
949039,"Diamond Offshore Drilling, Inc.",WeightedAverageNumberOfShareOutstandingBasicAndDiluted,SHARES_BASIC_DILUTED_COMBINED,shares,100068000.0,2021-04-24,2021-09-30,160,2,2021-11-08,10-Q,Q3,2021,,0001564590-21-055253,2021-11-08T16:15:06.000Z,10-Q,2021-11-08,True
949039,"Diamond Offshore Drilling, Inc.",WeightedAverageNumberOfShareOutstandingBasicAndDiluted,SHARES_BASIC_DILUTED_COMBINED,shares,100075000.0,2021-07-01,2021-09-30,92,1,2021-11-08,10-Q,Q3,2021,CY2021Q3,0001564590-21-055253,2021-11-08T16:15:06.000Z,10-Q,2021-11-08,True
949039,"Diamond Offshore Drilling, Inc.",WeightedAverageNumberOfShareOutstandingBasicAndDiluted,SHARES_BASIC_DILUTED_COMBINED,shares,100071000.0,2021-04-24,2021-12-31,252,3,2022-03-07,10-K,FY,2021,,0000950170-22-003014,2022-03-07T16:44:33.000Z,10-K,2022-03-07,True
949039,"Diamond Offshore Drilling, Inc.",WeightedAverageNumberOfShareOutstandingBasicAndDiluted,SHARES_BASIC_DILUTED_COMBINED,shares,100075.0,2022-01-01,2022-03-31,90,1,2022-05-10,10-Q,Q1,2022,CY2022Q1,0000950170-22-008866,2022-05-10T14:20:12.000Z,10-Q,2022-05-10,True
1038357,PIONEER NATURAL RESOURCES CO,WeightedAverageNumberOfShareOutstandingBasicAndDiluted,SHARES_BASIC_DILUTED_COMBINED,shares,170000000.0,2017-01-01,2017-09-30,273,3,2017-11-03,10-Q,Q3,2017,,0001038357-17-000083,2017-11-03T11:57:17.000Z,10-Q,2017-11-03,True
1038357,PIONEER NATURAL RESOURCES CO,WeightedAverageNumberOfShareOutstandingBasicAndDiluted,SHARES_BASIC_DILUTED_COMBINED,shares,170000000.0,2017-07-01,2017-09-30,92,1,2017-11-03,10-Q,Q3,2017,,0001038357-17-000083,2017-11-03T11:57:17.000Z,10-Q,2017-11-03,True
1038357,PIONEER NATURAL RESOURCES CO,WeightedAverageNumberOfShareOutstandingBasicAndDiluted,SHARES_BASIC_DILUTED_COMBINED,shares,170000000.0,2017-01-01,2017-09-30,273,3,2018-11-09,10-Q,Q3,2018,,0001038357-18-000075,2018-11-08T18:33:38.000Z,10-Q,2018-11-09,True
1038357,PIONEER NATURAL RESOURCES CO,WeightedAverageNumberOfShareOutstandingBasicAndDiluted,SHARES_BASIC_DILUTED_COMBINED,shares,170000000.0,2017-07-01,2017-09-30,92,1,2018-11-09,10-Q,Q3,2018,CY2017Q3,0001038357-18-000075,2018-11-08T18:33:38.000Z,10-Q,2018-11-09,True
1038357,PIONEER NATURAL RESOURCES CO,WeightedAverageNumberOfShareOutstandingBasicAndDiluted,SHARES_BASIC_DILUTED_COMBINED,shares,170000000.0,2017-01-01,2017-12-31,365,4,2018-02-20,10-K,FY,2017,,0001038357-18-000015,2018-02-20T16:54:07.000Z,10-K,2018-02-20,True
1038357,PIONEER NATURAL RESOURCES CO,WeightedAverageNumberOfShareOutstandingBasicAndDiluted,SHARES_BASIC_DILUTED_COMBINED,shares,170000000.0,2017-01-01,2017-12-31,365,4,2019-02-26,10-K,FY,2018,,0001038357-19-000010,2019-02-26T17:08:48.000Z,10-K,2019-02-26,True
1038357,PIONEER NATURAL RESOURCES CO,WeightedAverageNumberOfShareOutstandingBasicAndDiluted,SHARES_BASIC_DILUTED_COMBINED,shares,170000000.0,2017-01-01,2017-12-31,365,4,2020-02-24,10-K,FY,2019,CY2017,0001038357-20-000009,2020-02-24T06:08:44.000Z,10-K,2020-02-24,True
1038357,PIONEER NATURAL RESOURCES CO,WeightedAverageNumberOfShareOutstandingBasicAndDiluted,SHARES_BASIC_DILUTED_COMBINED,shares,171000000.0,2018-01-01,2018-09-30,273,3,2018-11-09,10-Q,Q3,2018,,0001038357-18-000075,2018-11-08T18:33:38.000Z,10-Q,2018-11-09,True
1038357,PIONEER NATURAL RESOURCES CO,WeightedAverageNumberOfShareOutstandingBasicAndDiluted,SHARES_BASIC_DILUTED_COMBINED,shares,171000000.0,2018-07-01,2018-09-30,92,1,2018-11-09,10-Q,Q3,2018,CY2018Q3,0001038357-18-000075,2018-11-08T18:33:38.000Z,10-Q,2018-11-09,True
1038357,PIONEER NATURAL RESOURCES CO,WeightedAverageNumberOfShareOutstandingBasicAndDiluted,SHARES_BASIC_DILUTED_COMBINED,shares,171000000.0,2018-01-01,2018-12-31,365,4,2019-02-26,10-K,FY,2018,,0001038357-19-000010,2019-02-26T17:08:48.000Z,10-K,2019-02-26,True
1038357,PIONEER NATURAL RESOURCES CO,WeightedAverageNumberOfShareOutstandingBasicAndDiluted,SHARES_BASIC_DILUTED_COMBINED,shares,171000000.0,2018-01-01,2018-12-31,365,4,2020-02-24,10-K,FY,2019,,0001038357-20-000009,2020-02-24T06:08:44.000Z,10-K,2020-02-24,True
1038357,PIONEER NATURAL RESOURCES CO,WeightedAverageNumberOfShareOutstandingBasicAndDiluted,SHARES_BASIC_DILUTED_COMBINED,shares,171000000.0,2018-01-01,2018-12-31,365,4,2021-03-01,10-K,FY,2020,CY2018,0001038357-21-000016,2021-03-01T16:48:00.000Z,10-K,2021-03-01,True
1038357,PIONEER NATURAL RESOURCES CO,WeightedAverageNumberOfShareOutstandingBasicAndDiluted,SHARES_BASIC_DILUTED_COMBINED,shares,169000000.0,2019-01-01,2019-03-31,90,1,2020-05-08,10-Q,Q1,2020,CY2019Q1,0001038357-20-000034,2020-05-08T14:35:44.000Z,10-Q,2020-05-08,True
1038357,PIONEER NATURAL RESOURCES CO,WeightedAverageNumberOfShareOutstandingBasicAndDiluted,SHARES_BASIC_DILUTED_COMBINED,shares,167000000.0,2019-01-01,2019-12-31,365,4,2020-02-24,10-K,FY,2019,,0001038357-20-000009,2020-02-24T06:08:44.000Z,10-K,2020-02-24,True
1038357,PIONEER NATURAL RESOURCES CO,WeightedAverageNumberOfShareOutstandingBasicAndDiluted,SHARES_BASIC_DILUTED_COMBINED,shares,167000000.0,2019-01-01,2019-12-31,365,4,2021-03-01,10-K,FY,2020,CY2019,0001038357-21-000016,2021-03-01T16:48:00.000Z,10-K,2021-03-01,True
1038357,PIONEER NATURAL RESOURCES CO,WeightedAverageNumberOfShareOutstandingBasicAndDiluted,SHARES_BASIC_DILUTED_COMBINED,shares,166000000.0,2020-01-01,2020-03-31,91,1,2020-05-08,10-Q,Q1,2020,CY2020Q1,0001038357-20-000034,2020-05-08T14:35:44.000Z,10-Q,2020-05-08,True
1038357,PIONEER NATURAL RESOURCES CO,WeightedAverageNumberOfShareOutstandingBasicAndDiluted,SHARES_BASIC_DILUTED_COMBINED,shares,165000000.0,2020-01-01,2020-12-31,366,4,2021-03-01,10-K,FY,2020,CY2020,0001038357-21-000016,2021-03-01T16:48:00.000Z,10-K,2021-03-01,True
1045309,W. R. GRACE & CO.,NetCashProvidedByUsedInOperatingActivitiesContinuingOperations,CFO_CONTINUING,USD,35900000.0,2017-01-01,2017-03-31,90,1,2017-05-09,10-Q,Q1,2017,CY2017Q1,0001045309-17-000053,2017-05-09T15:07:27.000Z,10-Q,2017-05-09,True
1045309,W. R. GRACE & CO.,NetCashProvidedByUsedInOperatingActivitiesContinuingOperations,CFO_CONTINUING,USD,140500000.0,2017-01-01,2017-06-30,181,2,2017-07-28,10-Q,Q2,2017,,0001045309-17-000075,2017-07-28T13:46:43.000Z,10-Q,2017-07-28,True
1045309,W. R. GRACE & CO.,NetCashProvidedByUsedInOperatingActivitiesContinuingOperations,CFO_CONTINUING,USD,267500000.0,2017-01-01,2017-09-30,273,3,2017-11-02,10-Q,Q3,2017,,0001045309-17-000079,2017-11-02T13:56:39.000Z,10-Q,2017-11-02,True
1045309,W. R. GRACE & CO.,NetCashProvidedByUsedInOperatingActivitiesContinuingOperations,CFO_CONTINUING,USD,319200000.0,2017-01-01,2017-12-31,365,4,2018-02-22,10-K,FY,2017,,0001045309-18-000014,2018-02-22T17:00:59.000Z,10-K,2018-02-22,True
1045309,W. R. GRACE & CO.,NetCashProvidedByUsedInOperatingActivitiesContinuingOperations,CFO_CONTINUING,USD,319200000.0,2017-01-01,2017-12-31,365,4,2019-02-28,10-K,FY,2018,CY2017,0001045309-19-000025,2019-02-28T11:58:16.000Z,10-K,2019-02-28,True
1045309,W. R. GRACE & CO.,NetCashProvidedByUsedInOperatingActivitiesContinuingOperations,CFO_CONTINUING,USD,342000000.0,2018-01-01,2018-12-31,365,4,2019-02-28,10-K,FY,2018,CY2018,0001045309-19-000025,2019-02-28T11:58:16.000Z,10-K,2019-02-28,True
1045309,W. R. GRACE & CO.,CashProvidedByUsedInOperatingActivitiesDiscontinuedOperations,CFO_DISCONTINUED,USD,0.0,2017-01-01,2017-03-31,90,1,2017-05-09,10-Q,Q1,2017,CY2017Q1,0001045309-17-000053,2017-05-09T15:07:27.000Z,10-Q,2017-05-09,True
1045309,W. R. GRACE & CO.,CashProvidedByUsedInOperatingActivitiesDiscontinuedOperations,CFO_DISCONTINUED,USD,0.0,2017-01-01,2017-06-30,181,2,2017-07-28,10-Q,Q2,2017,,0001045309-17-000075,2017-07-28T13:46:43.000Z,10-Q,2017-07-28,True
1045309,W. R. GRACE & CO.,CashProvidedByUsedInOperatingActivitiesDiscontinuedOperations,CFO_DISCONTINUED,USD,0.0,2017-01-01,2017-09-30,273,3,2017-11-02,10-Q,Q3,2017,,0001045309-17-000079,2017-11-02T13:56:39.000Z,10-Q,2017-11-02,True
1045309,W. R. GRACE & CO.,CashProvidedByUsedInOperatingActivitiesDiscontinuedOperations,CFO_DISCONTINUED,USD,0.0,2017-01-01,2017-12-31,365,4,2018-02-22,10-K,FY,2017,CY2017,0001045309-18-000014,2018-02-22T17:00:59.000Z,10-K,2018-02-22,True
1060736,Seagen Inc.,NetCashProvidedByUsedInOperatingActivitiesContinuingOperations,CFO_CONTINUING,USD,-63544000.0,2017-01-01,2017-03-31,90,1,2017-05-01,10-Q,Q1,2017,,0001193125-17-151970,2017-05-01T16:35:48.000Z,10-Q,2017-05-01,True
1060736,Seagen Inc.,NetCashProvidedByUsedInOperatingActivitiesContinuingOperations,CFO_CONTINUING,USD,-63544000.0,2017-01-01,2017-03-31,90,1,2018-04-26,10-Q,Q1,2018,CY2017Q1,0001193125-18-135233,2018-04-26T17:26:46.000Z,10-Q,2018-04-26,True
1060736,Seagen Inc.,NetCashProvidedByUsedInOperatingActivitiesContinuingOperations,CFO_CONTINUING,USD,-108275000.0,2017-01-01,2017-06-30,181,2,2017-08-01,10-Q,Q2,2017,,0001193125-17-244337,2017-08-01T16:42:57.000Z,10-Q,2017-08-01,True
1060736,Seagen Inc.,NetCashProvidedByUsedInOperatingActivitiesContinuingOperations,CFO_CONTINUING,USD,-116506000.0,2017-01-01,2017-09-30,273,3,2017-11-06,10-Q,Q3,2017,,0001193125-17-334363,2017-11-06T16:36:55.000Z,10-Q,2017-11-06,True
1060736,Seagen Inc.,NetCashProvidedByUsedInOperatingActivitiesContinuingOperations,CFO_CONTINUING,USD,-118900000.0,2017-01-01,2017-12-31,365,4,2018-02-15,10-K,FY,2017,CY2017,0001193125-18-046213,2018-02-14T21:44:39.000Z,10-K,2018-02-15,True
1060736,Seagen Inc.,NetCashProvidedByUsedInOperatingActivitiesContinuingOperations,CFO_CONTINUING,USD,-147164000.0,2018-01-01,2018-03-31,90,1,2018-04-26,10-Q,Q1,2018,CY2018Q1,0001193125-18-135233,2018-04-26T17:26:46.000Z,10-Q,2018-04-26,True
1060736,Seagen Inc.,WeightedAverageNumberDilutedSharesOutstandingAdjustment,DILUTED_SHARES_ADJUSTMENT,shares,0.0,2017-01-01,2017-06-30,181,2,2018-07-26,10-Q,Q2,2018,,0001060736-18-000012,2018-07-26T17:12:54.000Z,10-Q,2018-07-26,True
1060736,Seagen Inc.,WeightedAverageNumberDilutedSharesOutstandingAdjustment,DILUTED_SHARES_ADJUSTMENT,shares,0.0,2017-04-01,2017-06-30,91,1,2018-07-26,10-Q,Q2,2018,CY2017Q2,0001060736-18-000012,2018-07-26T17:12:54.000Z,10-Q,2018-07-26,True
1060736,Seagen Inc.,WeightedAverageNumberDilutedSharesOutstandingAdjustment,DILUTED_SHARES_ADJUSTMENT,shares,0.0,2017-01-01,2017-09-30,273,3,2018-10-26,10-Q,Q3,2018,,0001060736-18-000021,2018-10-26T16:21:09.000Z,10-Q,2018-10-26,True
1060736,Seagen Inc.,WeightedAverageNumberDilutedSharesOutstandingAdjustment,DILUTED_SHARES_ADJUSTMENT,shares,4711000.0,2017-07-01,2017-09-30,92,1,2018-10-26,10-Q,Q3,2018,CY2017Q3,0001060736-18-000021,2018-10-26T16:21:09.000Z,10-Q,2018-10-26,True
1060736,Seagen Inc.,WeightedAverageNumberDilutedSharesOutstandingAdjustment,DILUTED_SHARES_ADJUSTMENT,shares,0.0,2018-01-01,2018-06-30,181,2,2018-07-26,10-Q,Q2,2018,,0001060736-18-000012,2018-07-26T17:12:54.000Z,10-Q,2018-07-26,True
1060736,Seagen Inc.,WeightedAverageNumberDilutedSharesOutstandingAdjustment,DILUTED_SHARES_ADJUSTMENT,shares,5001000.0,2018-04-01,2018-06-30,91,1,2018-07-26,10-Q,Q2,2018,,0001060736-18-000012,2018-07-26T17:12:54.000Z,10-Q,2018-07-26,True
1060736,Seagen Inc.,WeightedAverageNumberDilutedSharesOutstandingAdjustment,DILUTED_SHARES_ADJUSTMENT,shares,0.0,2018-01-01,2018-06-30,181,2,2019-07-16,10-Q,Q2,2019,,0001060736-19-000030,2019-07-16T17:19:05.000Z,10-Q,2019-07-16,True
1060736,Seagen Inc.,WeightedAverageNumberDilutedSharesOutstandingAdjustment,DILUTED_SHARES_ADJUSTMENT,shares,5001000.0,2018-04-01,2018-06-30,91,1,2019-07-16,10-Q,Q2,2019,CY2018Q2,0001060736-19-000030,2019-07-16T17:19:05.000Z,10-Q,2019-07-16,True
1060736,Seagen Inc.,WeightedAverageNumberDilutedSharesOutstandingAdjustment,DILUTED_SHARES_ADJUSTMENT,shares,0.0,2018-01-01,2018-09-30,273,3,2018-10-26,10-Q,Q3,2018,,0001060736-18-000021,2018-10-26T16:21:09.000Z,10-Q,2018-10-26,True
1060736,Seagen Inc.,WeightedAverageNumberDilutedSharesOutstandingAdjustment,DILUTED_SHARES_ADJUSTMENT,shares,0.0,2018-07-01,2018-09-30,92,1,2018-10-26,10-Q,Q3,2018,CY2018Q3,0001060736-18-000021,2018-10-26T16:21:09.000Z,10-Q,2018-10-26,True
1060736,Seagen Inc.,WeightedAverageNumberDilutedSharesOutstandingAdjustment,DILUTED_SHARES_ADJUSTMENT,shares,0.0,2018-01-01,2018-12-31,365,4,2021-02-12,10-K,FY,2020,CY2018,0001060736-21-000012,2021-02-12T07:49:01.000Z,10-K,2021-02-12,True
1060736,Seagen Inc.,WeightedAverageNumberDilutedSharesOutstandingAdjustment,DILUTED_SHARES_ADJUSTMENT,shares,0.0,2019-01-01,2019-06-30,181,2,2019-07-16,10-Q,Q2,2019,,0001060736-19-000030,2019-07-16T17:19:05.000Z,10-Q,2019-07-16,True
1060736,Seagen Inc.,WeightedAverageNumberDilutedSharesOutstandingAdjustment,DILUTED_SHARES_ADJUSTMENT,shares,0.0,2019-04-01,2019-06-30,91,1,2019-07-16,10-Q,Q2,2019,CY2019Q2,0001060736-19-000030,2019-07-16T17:19:05.000Z,10-Q,2019-07-16,True
1060736,Seagen Inc.,WeightedAverageNumberDilutedSharesOutstandingAdjustment,DILUTED_SHARES_ADJUSTMENT,shares,0.0,2019-01-01,2019-09-30,273,3,2020-10-30,10-Q,Q3,2020,,0001060736-20-000035,2020-10-29T18:56:57.000Z,10-Q,2020-10-30,True
1060736,Seagen Inc.,WeightedAverageNumberDilutedSharesOutstandingAdjustment,DILUTED_SHARES_ADJUSTMENT,shares,0.0,2019-07-01,2019-09-30,92,1,2020-10-30,10-Q,Q3,2020,CY2019Q3,0001060736-20-000035,2020-10-29T18:56:57.000Z,10-Q,2020-10-30,True
1060736,Seagen Inc.,WeightedAverageNumberDilutedSharesOutstandingAdjustment,DILUTED_SHARES_ADJUSTMENT,shares,0.0,2019-01-01,2019-12-31,365,4,2021-02-12,10-K,FY,2020,,0001060736-21-000012,2021-02-12T07:49:01.000Z,10-K,2021-02-12,True
1060736,Seagen Inc.,WeightedAverageNumberDilutedSharesOutstandingAdjustment,DILUTED_SHARES_ADJUSTMENT,shares,0.0,2019-01-01,2019-12-31,365,4,2022-02-09,10-K,FY,2021,CY2019,0001060736-22-000016,2022-02-09T17:27:27.000Z,10-K,2022-02-09,True
1060736,Seagen Inc.,WeightedAverageNumberDilutedSharesOutstandingAdjustment,DILUTED_SHARES_ADJUSTMENT,shares,7530000.0,2020-01-01,2020-09-30,274,3,2020-10-30,10-Q,Q3,2020,,0001060736-20-000035,2020-10-29T18:56:57.000Z,10-Q,2020-10-30,True
1060736,Seagen Inc.,WeightedAverageNumberDilutedSharesOutstandingAdjustment,DILUTED_SHARES_ADJUSTMENT,shares,7417000.0,2020-07-01,2020-09-30,92,1,2020-10-30,10-Q,Q3,2020,,0001060736-20-000035,2020-10-29T18:56:57.000Z,10-Q,2020-10-30,True
1060736,Seagen Inc.,WeightedAverageNumberDilutedSharesOutstandingAdjustment,DILUTED_SHARES_ADJUSTMENT,shares,7530000.0,2020-01-01,2020-09-30,274,3,2021-10-28,10-Q,Q3,2021,,0001060736-21-000038,2021-10-28T17:10:38.000Z,10-Q,2021-10-28,True
1060736,Seagen Inc.,WeightedAverageNumberDilutedSharesOutstandingAdjustment,DILUTED_SHARES_ADJUSTMENT,shares,7417000.0,2020-07-01,2020-09-30,92,1,2021-10-28,10-Q,Q3,2021,CY2020Q3,0001060736-21-000038,2021-10-28T17:10:38.000Z,10-Q,2021-10-28,True
1060736,Seagen Inc.,WeightedAverageNumberDilutedSharesOutstandingAdjustment,DILUTED_SHARES_ADJUSTMENT,shares,7453000.0,2020-01-01,2020-12-31,366,4,2021-02-12,10-K,FY,2020,,0001060736-21-000012,2021-02-12T07:49:01.000Z,10-K,2021-02-12,True
1060736,Seagen Inc.,WeightedAverageNumberDilutedSharesOutstandingAdjustment,DILUTED_SHARES_ADJUSTMENT,shares,7453000.0,2020-01-01,2020-12-31,366,4,2022-02-09,10-K,FY,2021,,0001060736-22-000016,2022-02-09T17:27:27.000Z,10-K,2022-02-09,True
1060736,Seagen Inc.,WeightedAverageNumberDilutedSharesOutstandingAdjustment,DILUTED_SHARES_ADJUSTMENT,shares,0.0,2021-01-01,2021-09-30,273,3,2021-10-28,10-Q,Q3,2021,,0001060736-21-000038,2021-10-28T17:10:38.000Z,10-Q,2021-10-28,True
1060736,Seagen Inc.,WeightedAverageNumberDilutedSharesOutstandingAdjustment,DILUTED_SHARES_ADJUSTMENT,shares,0.0,2021-07-01,2021-09-30,92,1,2021-10-28,10-Q,Q3,2021,CY2021Q3,0001060736-21-000038,2021-10-28T17:10:38.000Z,10-Q,2021-10-28,True
1060736,Seagen Inc.,WeightedAverageNumberDilutedSharesOutstandingAdjustment,DILUTED_SHARES_ADJUSTMENT,shares,0.0,2021-01-01,2021-12-31,365,4,2022-02-09,10-K,FY,2021,,0001060736-22-000016,2022-02-09T17:27:27.000Z,10-K,2022-02-09,True
1060736,Seagen Inc.,WeightedAverageNumberOfShareOutstandingBasicAndDiluted,SHARES_BASIC_DILUTED_COMBINED,shares,142458000.0,2017-01-01,2017-03-31,90,1,2017-05-01,10-Q,Q1,2017,,0001193125-17-151970,2017-05-01T16:35:48.000Z,10-Q,2017-05-01,True
1060736,Seagen Inc.,WeightedAverageNumberOfShareOutstandingBasicAndDiluted,SHARES_BASIC_DILUTED_COMBINED,shares,142458000.0,2017-01-01,2017-03-31,90,1,2018-04-26,10-Q,Q1,2018,CY2017Q1,0001193125-18-135233,2018-04-26T17:26:46.000Z,10-Q,2018-04-26,True
1060736,Seagen Inc.,WeightedAverageNumberOfShareOutstandingBasicAndDiluted,SHARES_BASIC_DILUTED_COMBINED,shares,142631000.0,2017-01-01,2017-06-30,181,2,2017-08-01,10-Q,Q2,2017,,0001193125-17-244337,2017-08-01T16:42:57.000Z,10-Q,2017-08-01,True
1060736,Seagen Inc.,WeightedAverageNumberOfShareOutstandingBasicAndDiluted,SHARES_BASIC_DILUTED_COMBINED,shares,142802000.0,2017-04-01,2017-06-30,91,1,2017-08-01,10-Q,Q2,2017,CY2017Q2,0001193125-17-244337,2017-08-01T16:42:57.000Z,10-Q,2017-08-01,True
1060736,Seagen Inc.,WeightedAverageNumberOfShareOutstandingBasicAndDiluted,SHARES_BASIC_DILUTED_COMBINED,shares,143174000.0,2017-01-01,2017-12-31,365,4,2018-02-15,10-K,FY,2017,,0001193125-18-046213,2018-02-14T21:44:39.000Z,10-K,2018-02-15,True
1060736,Seagen Inc.,WeightedAverageNumberOfShareOutstandingBasicAndDiluted,SHARES_BASIC_DILUTED_COMBINED,shares,143174000.0,2017-01-01,2017-12-31,365,4,2019-02-07,10-K,FY,2018,,0001060736-19-000010,2019-02-07T17:10:57.000Z,10-K,2019-02-07,True
1060736,Seagen Inc.,WeightedAverageNumberOfShareOutstandingBasicAndDiluted,SHARES_BASIC_DILUTED_COMBINED,shares,143174000.0,2017-01-01,2017-12-31,365,4,2020-02-06,10-K,FY,2019,CY2017,0001060736-20-000006,2020-02-06T17:17:54.000Z,10-K,2020-02-06,True
1060736,Seagen Inc.,WeightedAverageNumberOfShareOutstandingBasicAndDiluted,SHARES_BASIC_DILUTED_COMBINED,shares,152049000.0,2018-01-01,2018-03-31,90,1,2018-04-26,10-Q,Q1,2018,,0001193125-18-135233,2018-04-26T17:26:46.000Z,10-Q,2018-04-26,True
1060736,Seagen Inc.,WeightedAverageNumberOfShareOutstandingBasicAndDiluted,SHARES_BASIC_DILUTED_COMBINED,shares,152049000.0,2018-01-01,2018-03-31,90,1,2019-04-26,10-Q,Q1,2019,CY2018Q1,0001060736-19-000020,2019-04-25T17:45:12.000Z,10-Q,2019-04-26,True
1060736,Seagen Inc.,WeightedAverageNumberOfShareOutstandingBasicAndDiluted,SHARES_BASIC_DILUTED_COMBINED,shares,156799000.0,2018-01-01,2018-09-30,273,3,2019-10-30,10-Q,Q3,2019,,0001060736-19-000038,2019-10-29T19:21:20.000Z,10-Q,2019-10-30,True
1060736,Seagen Inc.,WeightedAverageNumberOfShareOutstandingBasicAndDiluted,SHARES_BASIC_DILUTED_COMBINED,shares,159304000.0,2018-07-01,2018-09-30,92,1,2019-10-30,10-Q,Q3,2019,CY2018Q3,0001060736-19-000038,2019-10-29T19:21:20.000Z,10-Q,2019-10-30,True
1060736,Seagen Inc.,WeightedAverageNumberOfShareOutstandingBasicAndDiluted,SHARES_BASIC_DILUTED_COMBINED,shares,157655000.0,2018-01-01,2018-12-31,365,4,2019-02-07,10-K,FY,2018,,0001060736-19-000010,2019-02-07T17:10:57.000Z,10-K,2019-02-07,True
1060736,Seagen Inc.,WeightedAverageNumberOfShareOutstandingBasicAndDiluted,SHARES_BASIC_DILUTED_COMBINED,shares,157655000.0,2018-01-01,2018-12-31,365,4,2020-02-06,10-K,FY,2019,CY2018,0001060736-20-000006,2020-02-06T17:17:54.000Z,10-K,2020-02-06,True
1060736,Seagen Inc.,WeightedAverageNumberOfShareOutstandingBasicAndDiluted,SHARES_BASIC_DILUTED_COMBINED,shares,160657000.0,2019-01-01,2019-03-31,90,1,2019-04-26,10-Q,Q1,2019,,0001060736-19-000020,2019-04-25T17:45:12.000Z,10-Q,2019-04-26,True
1060736,Seagen Inc.,WeightedAverageNumberOfShareOutstandingBasicAndDiluted,SHARES_BASIC_DILUTED_COMBINED,shares,160657000.0,2019-01-01,2019-03-31,90,1,2020-04-30,10-Q,Q1,2020,CY2019Q1,0001060736-20-000013,2020-04-30T17:16:39.000Z,10-Q,2020-04-30,True
1060736,Seagen Inc.,WeightedAverageNumberOfShareOutstandingBasicAndDiluted,SHARES_BASIC_DILUTED_COMBINED,shares,161049000.0,2019-01-01,2019-06-30,181,2,2020-07-31,10-Q,Q2,2020,,0001060736-20-000023,2020-07-31T10:14:55.000Z,10-Q,2020-07-31,True
1060736,Seagen Inc.,WeightedAverageNumberOfShareOutstandingBasicAndDiluted,SHARES_BASIC_DILUTED_COMBINED,shares,161436000.0,2019-04-01,2019-06-30,91,1,2020-07-31,10-Q,Q2,2020,CY2019Q2,0001060736-20-000023,2020-07-31T10:14:55.000Z,10-Q,2020-07-31,True
1060736,Seagen Inc.,WeightedAverageNumberOfShareOutstandingBasicAndDiluted,SHARES_BASIC_DILUTED_COMBINED,shares,163428000.0,2019-01-01,2019-09-30,273,3,2019-10-30,10-Q,Q3,2019,,0001060736-19-000038,2019-10-29T19:21:20.000Z,10-Q,2019-10-30,True
1060736,Seagen Inc.,WeightedAverageNumberOfShareOutstandingBasicAndDiluted,SHARES_BASIC_DILUTED_COMBINED,shares,168109000.0,2019-07-01,2019-09-30,92,1,2019-10-30,10-Q,Q3,2019,CY2019Q3,0001060736-19-000038,2019-10-29T19:21:20.000Z,10-Q,2019-10-30,True
1060736,Seagen Inc.,WeightedAverageNumberOfShareOutstandingBasicAndDiluted,SHARES_BASIC_DILUTED_COMBINED,shares,165498000.0,2019-01-01,2019-12-31,365,4,2020-02-06,10-K,FY,2019,CY2019,0001060736-20-000006,2020-02-06T17:17:54.000Z,10-K,2020-02-06,True
1060736,Seagen Inc.,WeightedAverageNumberOfShareOutstandingBasicAndDiluted,SHARES_BASIC_DILUTED_COMBINED,shares,172350000.0,2020-01-01,2020-03-31,91,1,2020-04-30,10-Q,Q1,2020,,0001060736-20-000013,2020-04-30T17:16:39.000Z,10-Q,2020-04-30,True
1060736,Seagen Inc.,WeightedAverageNumberOfShareOutstandingBasicAndDiluted,SHARES_BASIC_DILUTED_COMBINED,shares,172350000.0,2020-01-01,2020-03-31,91,1,2021-04-29,10-Q,Q1,2021,CY2020Q1,0001060736-21-000019,2021-04-29T17:10:12.000Z,10-Q,2021-04-29,True
1060736,Seagen Inc.,WeightedAverageNumberOfShareOutstandingBasicAndDiluted,SHARES_BASIC_DILUTED_COMBINED,shares,172878000.0,2020-01-01,2020-06-30,182,2,2020-07-31,10-Q,Q2,2020,,0001060736-20-000023,2020-07-31T10:14:55.000Z,10-Q,2020-07-31,True
1060736,Seagen Inc.,WeightedAverageNumberOfShareOutstandingBasicAndDiluted,SHARES_BASIC_DILUTED_COMBINED,shares,173406000.0,2020-04-01,2020-06-30,91,1,2020-07-31,10-Q,Q2,2020,CY2020Q2,0001060736-20-000023,2020-07-31T10:14:55.000Z,10-Q,2020-07-31,True
1060736,Seagen Inc.,WeightedAverageNumberOfShareOutstandingBasicAndDiluted,SHARES_BASIC_DILUTED_COMBINED,shares,181150000.0,2021-01-01,2021-03-31,90,1,2021-04-29,10-Q,Q1,2021,CY2021Q1,0001060736-21-000019,2021-04-29T17:10:12.000Z,10-Q,2021-04-29,True
1110611,ON24 INC.,WeightedAverageNumberDilutedSharesOutstandingAdjustment,DILUTED_SHARES_ADJUSTMENT,shares,0.0,2019-01-01,2019-12-31,365,4,2022-03-14,10-K,FY,2021,CY2019,0001110611-22-000011,2022-03-11T22:49:40.000Z,10-K,2022-03-14,True
1110611,ON24 INC.,WeightedAverageNumberDilutedSharesOutstandingAdjustment,DILUTED_SHARES_ADJUSTMENT,shares,594678.0,2020-01-01,2020-06-30,182,2,2021-08-12,10-Q,Q2,2021,,0001564590-21-043613,2021-08-11T23:39:34.000Z,10-Q,2021-08-12,True
1110611,ON24 INC.,WeightedAverageNumberDilutedSharesOutstandingAdjustment,DILUTED_SHARES_ADJUSTMENT,shares,607299.0,2020-04-01,2020-06-30,91,1,2021-08-12,10-Q,Q2,2021,CY2020Q2,0001564590-21-043613,2021-08-11T23:39:34.000Z,10-Q,2021-08-12,True
1110611,ON24 INC.,WeightedAverageNumberDilutedSharesOutstandingAdjustment,DILUTED_SHARES_ADJUSTMENT,shares,3662032.0,2020-01-01,2020-09-30,274,3,2021-11-12,10-Q,Q3,2021,,0001628280-21-022934,2021-11-11T02:33:30.000Z,10-Q,2021-11-12,True
1110611,ON24 INC.,WeightedAverageNumberDilutedSharesOutstandingAdjustment,DILUTED_SHARES_ADJUSTMENT,shares,6647513.0,2020-07-01,2020-09-30,92,1,2021-11-12,10-Q,Q3,2021,CY2020Q3,0001628280-21-022934,2021-11-11T02:33:30.000Z,10-Q,2021-11-12,True
1110611,ON24 INC.,WeightedAverageNumberDilutedSharesOutstandingAdjustment,DILUTED_SHARES_ADJUSTMENT,shares,6169575.0,2020-01-01,2020-12-31,366,4,2022-03-14,10-K,FY,2021,,0001110611-22-000011,2022-03-11T22:49:40.000Z,10-K,2022-03-14,True
1110611,ON24 INC.,WeightedAverageNumberDilutedSharesOutstandingAdjustment,DILUTED_SHARES_ADJUSTMENT,shares,0.0,2021-01-01,2021-09-30,273,3,2021-11-12,10-Q,Q3,2021,,0001628280-21-022934,2021-11-11T02:33:30.000Z,10-Q,2021-11-12,True
1110611,ON24 INC.,WeightedAverageNumberDilutedSharesOutstandingAdjustment,DILUTED_SHARES_ADJUSTMENT,shares,0.0,2021-07-01,2021-09-30,92,1,2021-11-12,10-Q,Q3,2021,CY2021Q3,0001628280-21-022934,2021-11-11T02:33:30.000Z,10-Q,2021-11-12,True
1110611,ON24 INC.,WeightedAverageNumberDilutedSharesOutstandingAdjustment,DILUTED_SHARES_ADJUSTMENT,shares,0.0,2021-01-01,2021-12-31,365,4,2022-03-14,10-K,FY,2021,,0001110611-22-000011,2022-03-11T22:49:40.000Z,10-K,2022-03-14,True
1110611,ON24 INC.,WeightedAverageNumberOfShareOutstandingBasicAndDiluted,SHARES_BASIC_DILUTED_COMBINED,shares,9130231.0,2020-01-01,2020-03-31,91,1,2021-05-13,10-Q,Q1,2021,CY2020Q1,0001564590-21-027161,2021-05-13T00:58:59.000Z,10-Q,2021-05-13,True
1110611,ON24 INC.,WeightedAverageNumberOfShareOutstandingBasicAndDiluted,SHARES_BASIC_DILUTED_COMBINED,shares,32615648.0,2021-01-01,2021-03-31,90,1,2021-05-13,10-Q,Q1,2021,CY2021Q1,0001564590-21-027161,2021-05-13T00:58:59.000Z,10-Q,2021-05-13,True
1118417,"MODEL N, INC.",NetCashProvidedByUsedInOperatingActivitiesContinuingOperations,CFO_CONTINUING,USD,-13611000.0,2016-10-01,2017-03-31,182,2,2017-05-09,10-Q,Q2,2017,,0001564590-17-009923,2017-05-09T16:55:31.000Z,10-Q,2017-05-09,True
1118417,"MODEL N, INC.",NetCashProvidedByUsedInOperatingActivitiesContinuingOperations,CFO_CONTINUING,USD,-13611000.0,2016-10-01,2017-03-31,182,2,2018-05-09,10-Q,Q2,2018,,0001564590-18-012069,2018-05-08T21:48:36.000Z,10-Q,2018-05-09,True
1118417,"MODEL N, INC.",NetCashProvidedByUsedInOperatingActivitiesContinuingOperations,CFO_CONTINUING,USD,-16264000.0,2016-10-01,2017-06-30,273,3,2017-08-09,10-Q,Q3,2017,,0001564590-17-016695,2017-08-08T20:34:47.000Z,10-Q,2017-08-09,True
1118417,"MODEL N, INC.",NetCashProvidedByUsedInOperatingActivitiesContinuingOperations,CFO_CONTINUING,USD,-11965000.0,2016-10-01,2017-09-30,365,4,2017-11-15,10-K,FY,2017,CY2017,0001564590-17-023880,2017-11-15T15:55:57.000Z,10-K,2017-11-15,True
1118417,"MODEL N, INC.",NetCashProvidedByUsedInOperatingActivitiesContinuingOperations,CFO_CONTINUING,USD,-9741000.0,2017-10-01,2017-12-31,92,1,2018-02-07,10-Q,Q1,2018,CY2017Q4,0001564590-18-001442,2018-02-06T21:49:15.000Z,10-Q,2018-02-07,True
1118417,"MODEL N, INC.",NetCashProvidedByUsedInOperatingActivitiesContinuingOperations,CFO_CONTINUING,USD,-5026000.0,2017-10-01,2018-03-31,182,2,2018-05-09,10-Q,Q2,2018,,0001564590-18-012069,2018-05-08T21:48:36.000Z,10-Q,2018-05-09,True
1118417,"MODEL N, INC.",WeightedAverageNumberOfShareOutstandingBasicAndDiluted,SHARES_BASIC_DILUTED_COMBINED,shares,28228000.0,2016-10-01,2017-03-31,182,2,2017-05-09,10-Q,Q2,2017,,0001564590-17-009923,2017-05-09T16:55:31.000Z,10-Q,2017-05-09,True
1118417,"MODEL N, INC.",WeightedAverageNumberOfShareOutstandingBasicAndDiluted,SHARES_BASIC_DILUTED_COMBINED,shares,28452000.0,2017-01-01,2017-03-31,90,1,2017-05-09,10-Q,Q2,2017,,0001564590-17-009923,2017-05-09T16:55:31.000Z,10-Q,2017-05-09,True
1118417,"MODEL N, INC.",WeightedAverageNumberOfShareOutstandingBasicAndDiluted,SHARES_BASIC_DILUTED_COMBINED,shares,28228000.0,2016-10-01,2017-03-31,182,2,2018-05-09,10-Q,Q2,2018,,0001564590-18-012069,2018-05-08T21:48:36.000Z,10-Q,2018-05-09,True
1118417,"MODEL N, INC.",WeightedAverageNumberOfShareOutstandingBasicAndDiluted,SHARES_BASIC_DILUTED_COMBINED,shares,28452000.0,2017-01-01,2017-03-31,90,1,2018-05-09,10-Q,Q2,2018,CY2017Q1,0001564590-18-012069,2018-05-08T21:48:36.000Z,10-Q,2018-05-09,True
1118417,"MODEL N, INC.",WeightedAverageNumberOfShareOutstandingBasicAndDiluted,SHARES_BASIC_DILUTED_COMBINED,shares,28464000.0,2016-10-01,2017-06-30,273,3,2017-08-09,10-Q,Q3,2017,,0001564590-17-016695,2017-08-08T20:34:47.000Z,10-Q,2017-08-09,True
1118417,"MODEL N, INC.",WeightedAverageNumberOfShareOutstandingBasicAndDiluted,SHARES_BASIC_DILUTED_COMBINED,shares,28936000.0,2017-04-01,2017-06-30,91,1,2017-08-09,10-Q,Q3,2017,,0001564590-17-016695,2017-08-08T20:34:47.000Z,10-Q,2017-08-09,True
1118417,"MODEL N, INC.",WeightedAverageNumberOfShareOutstandingBasicAndDiluted,SHARES_BASIC_DILUTED_COMBINED,shares,28464000.0,2016-10-01,2017-06-30,273,3,2018-08-08,10-Q,Q3,2018,,0001564590-18-020134,2018-08-07T20:51:00.000Z,10-Q,2018-08-08,True
1118417,"MODEL N, INC.",WeightedAverageNumberOfShareOutstandingBasicAndDiluted,SHARES_BASIC_DILUTED_COMBINED,shares,28936000.0,2017-04-01,2017-06-30,91,1,2018-08-08,10-Q,Q3,2018,CY2017Q2,0001564590-18-020134,2018-08-07T20:51:00.000Z,10-Q,2018-08-08,True
1118417,"MODEL N, INC.",WeightedAverageNumberOfShareOutstandingBasicAndDiluted,SHARES_BASIC_DILUTED_COMBINED,shares,28649000.0,2016-10-01,2017-09-30,365,4,2017-11-15,10-K,FY,2017,,0001564590-17-023880,2017-11-15T15:55:57.000Z,10-K,2017-11-15,True
1118417,"MODEL N, INC.",WeightedAverageNumberOfShareOutstandingBasicAndDiluted,SHARES_BASIC_DILUTED_COMBINED,shares,28649000.0,2016-10-01,2017-09-30,365,4,2018-11-16,10-K,FY,2018,,0001118417-18-000009,2018-11-16T16:32:04.000Z,10-K,2018-11-16,True
1118417,"MODEL N, INC.",WeightedAverageNumberOfShareOutstandingBasicAndDiluted,SHARES_BASIC_DILUTED_COMBINED,shares,28649000.0,2016-10-01,2017-09-30,365,4,2019-11-15,10-K,FY,2019,CY2017,0001118417-19-000095,2019-11-15T16:49:45.000Z,10-K,2019-11-15,True
1118417,"MODEL N, INC.",WeightedAverageNumberOfShareOutstandingBasicAndDiluted,SHARES_BASIC_DILUTED_COMBINED,shares,29401000.0,2017-10-01,2017-12-31,92,1,2018-02-07,10-Q,Q1,2018,,0001564590-18-001442,2018-02-06T21:49:15.000Z,10-Q,2018-02-07,True
1118417,"MODEL N, INC.",WeightedAverageNumberOfShareOutstandingBasicAndDiluted,SHARES_BASIC_DILUTED_COMBINED,shares,29401000.0,2017-10-01,2017-12-31,92,1,2019-02-06,10-Q,Q1,2019,CY2017Q4,0001118417-19-000011,2019-02-05T21:00:12.000Z,10-Q,2019-02-06,True
1118417,"MODEL N, INC.",WeightedAverageNumberOfShareOutstandingBasicAndDiluted,SHARES_BASIC_DILUTED_COMBINED,shares,29689000.0,2017-10-01,2018-03-31,182,2,2018-05-09,10-Q,Q2,2018,,0001564590-18-012069,2018-05-08T21:48:36.000Z,10-Q,2018-05-09,True
1118417,"MODEL N, INC.",WeightedAverageNumberOfShareOutstandingBasicAndDiluted,SHARES_BASIC_DILUTED_COMBINED,shares,29983000.0,2018-01-01,2018-03-31,90,1,2018-05-09,10-Q,Q2,2018,,0001564590-18-012069,2018-05-08T21:48:36.000Z,10-Q,2018-05-09,True
1118417,"MODEL N, INC.",WeightedAverageNumberOfShareOutstandingBasicAndDiluted,SHARES_BASIC_DILUTED_COMBINED,shares,29689000.0,2017-10-01,2018-03-31,182,2,2019-05-08,10-Q,Q2,2019,,0001118417-19-000033,2019-05-07T21:16:34.000Z,10-Q,2019-05-08,True
1118417,"MODEL N, INC.",WeightedAverageNumberOfShareOutstandingBasicAndDiluted,SHARES_BASIC_DILUTED_COMBINED,shares,29983000.0,2018-01-01,2018-03-31,90,1,2019-05-08,10-Q,Q2,2019,CY2018Q1,0001118417-19-000033,2019-05-07T21:16:34.000Z,10-Q,2019-05-08,True
1118417,"MODEL N, INC.",WeightedAverageNumberOfShareOutstandingBasicAndDiluted,SHARES_BASIC_DILUTED_COMBINED,shares,30042000.0,2017-10-01,2018-06-30,273,3,2018-08-08,10-Q,Q3,2018,,0001564590-18-020134,2018-08-07T20:51:00.000Z,10-Q,2018-08-08,True
1118417,"MODEL N, INC.",WeightedAverageNumberOfShareOutstandingBasicAndDiluted,SHARES_BASIC_DILUTED_COMBINED,shares,30749000.0,2018-04-01,2018-06-30,91,1,2018-08-08,10-Q,Q3,2018,,0001564590-18-020134,2018-08-07T20:51:00.000Z,10-Q,2018-08-08,True
1118417,"MODEL N, INC.",WeightedAverageNumberOfShareOutstandingBasicAndDiluted,SHARES_BASIC_DILUTED_COMBINED,shares,30042000.0,2017-10-01,2018-06-30,273,3,2019-08-07,10-Q,Q3,2019,,0001118417-19-000056,2019-08-06T19:07:34.000Z,10-Q,2019-08-07,True
1118417,"MODEL N, INC.",WeightedAverageNumberOfShareOutstandingBasicAndDiluted,SHARES_BASIC_DILUTED_COMBINED,shares,30749000.0,2018-04-01,2018-06-30,91,1,2019-08-07,10-Q,Q3,2019,CY2018Q2,0001118417-19-000056,2019-08-06T19:07:34.000Z,10-Q,2019-08-07,True
1118417,"MODEL N, INC.",WeightedAverageNumberOfShareOutstandingBasicAndDiluted,SHARES_BASIC_DILUTED_COMBINED,shares,30370000.0,2017-10-01,2018-09-30,365,4,2018-11-16,10-K,FY,2018,,0001118417-18-000009,2018-11-16T16:32:04.000Z,10-K,2018-11-16,True
1118417,"MODEL N, INC.",WeightedAverageNumberOfShareOutstandingBasicAndDiluted,SHARES_BASIC_DILUTED_COMBINED,shares,30370000.0,2017-10-01,2018-09-30,365,4,2019-11-15,10-K,FY,2019,,0001118417-19-000095,2019-11-15T16:49:45.000Z,10-K,2019-11-15,True
1118417,"MODEL N, INC.",WeightedAverageNumberOfShareOutstandingBasicAndDiluted,SHARES_BASIC_DILUTED_COMBINED,shares,30370000.0,2017-10-01,2018-09-30,365,4,2020-11-23,10-K,FY,2020,CY2018,0001118417-20-000129,2020-11-20T19:43:05.000Z,10-K,2020-11-23,True
1118417,"MODEL N, INC.",WeightedAverageNumberOfShareOutstandingBasicAndDiluted,SHARES_BASIC_DILUTED_COMBINED,shares,31488000.0,2018-10-01,2018-12-31,92,1,2019-02-06,10-Q,Q1,2019,,0001118417-19-000011,2019-02-05T21:00:12.000Z,10-Q,2019-02-06,True
1118417,"MODEL N, INC.",WeightedAverageNumberOfShareOutstandingBasicAndDiluted,SHARES_BASIC_DILUTED_COMBINED,shares,31488000.0,2018-10-01,2018-12-31,92,1,2020-02-05,10-Q,Q1,2020,CY2018Q4,0001118417-20-000015,2020-02-04T18:58:59.000Z,10-Q,2020-02-05,True
1118417,"MODEL N, INC.",WeightedAverageNumberOfShareOutstandingBasicAndDiluted,SHARES_BASIC_DILUTED_COMBINED,shares,31741000.0,2018-10-01,2019-03-31,182,2,2019-05-08,10-Q,Q2,2019,,0001118417-19-000033,2019-05-07T21:16:34.000Z,10-Q,2019-05-08,True
1118417,"MODEL N, INC.",WeightedAverageNumberOfShareOutstandingBasicAndDiluted,SHARES_BASIC_DILUTED_COMBINED,shares,31999000.0,2019-01-01,2019-03-31,90,1,2019-05-08,10-Q,Q2,2019,,0001118417-19-000033,2019-05-07T21:16:34.000Z,10-Q,2019-05-08,True
1118417,"MODEL N, INC.",WeightedAverageNumberOfShareOutstandingBasicAndDiluted,SHARES_BASIC_DILUTED_COMBINED,shares,31741000.0,2018-10-01,2019-03-31,182,2,2020-05-06,10-Q,Q2,2020,,0001118417-20-000056,2020-05-05T18:21:23.000Z,10-Q,2020-05-06,True
1118417,"MODEL N, INC.",WeightedAverageNumberOfShareOutstandingBasicAndDiluted,SHARES_BASIC_DILUTED_COMBINED,shares,31999000.0,2019-01-01,2019-03-31,90,1,2020-05-06,10-Q,Q2,2020,CY2019Q1,0001118417-20-000056,2020-05-05T18:21:23.000Z,10-Q,2020-05-06,True
1118417,"MODEL N, INC.",WeightedAverageNumberOfShareOutstandingBasicAndDiluted,SHARES_BASIC_DILUTED_COMBINED,shares,32028000.0,2018-10-01,2019-06-30,273,3,2019-08-07,10-Q,Q3,2019,,0001118417-19-000056,2019-08-06T19:07:34.000Z,10-Q,2019-08-07,True
1118417,"MODEL N, INC.",WeightedAverageNumberOfShareOutstandingBasicAndDiluted,SHARES_BASIC_DILUTED_COMBINED,shares,32596000.0,2019-04-01,2019-06-30,91,1,2019-08-07,10-Q,Q3,2019,,0001118417-19-000056,2019-08-06T19:07:34.000Z,10-Q,2019-08-07,True
1118417,"MODEL N, INC.",WeightedAverageNumberOfShareOutstandingBasicAndDiluted,SHARES_BASIC_DILUTED_COMBINED,shares,32028000.0,2018-10-01,2019-06-30,273,3,2020-08-05,10-Q,Q3,2020,,0001118417-20-000085,2020-08-04T18:05:44.000Z,10-Q,2020-08-05,True
1118417,"MODEL N, INC.",WeightedAverageNumberOfShareOutstandingBasicAndDiluted,SHARES_BASIC_DILUTED_COMBINED,shares,32596000.0,2019-04-01,2019-06-30,91,1,2020-08-05,10-Q,Q3,2020,CY2019Q2,0001118417-20-000085,2020-08-04T18:05:44.000Z,10-Q,2020-08-05,True
1118417,"MODEL N, INC.",WeightedAverageNumberOfShareOutstandingBasicAndDiluted,SHARES_BASIC_DILUTED_COMBINED,shares,32232000.0,2018-10-01,2019-09-30,365,4,2019-11-15,10-K,FY,2019,,0001118417-19-000095,2019-11-15T16:49:45.000Z,10-K,2019-11-15,True
1118417,"MODEL N, INC.",WeightedAverageNumberOfShareOutstandingBasicAndDiluted,SHARES_BASIC_DILUTED_COMBINED,shares,32232000.0,2018-10-01,2019-09-30,365,4,2020-11-23,10-K,FY,2020,CY2019,0001118417-20-000129,2020-11-20T19:43:05.000Z,10-K,2020-11-23,True
1118417,"MODEL N, INC.",WeightedAverageNumberOfShareOutstandingBasicAndDiluted,SHARES_BASIC_DILUTED_COMBINED,shares,33145000.0,2019-10-01,2019-12-31,92,1,2020-02-05,10-Q,Q1,2020,,0001118417-20-000015,2020-02-04T18:58:59.000Z,10-Q,2020-02-05,True
1118417,"MODEL N, INC.",WeightedAverageNumberOfShareOutstandingBasicAndDiluted,SHARES_BASIC_DILUTED_COMBINED,shares,33145000.0,2019-10-01,2019-12-31,92,1,2021-02-09,10-Q,Q1,2021,CY2019Q4,0001118417-21-000026,2021-02-09T16:32:23.000Z,10-Q,2021-02-09,True
1118417,"MODEL N, INC.",WeightedAverageNumberOfShareOutstandingBasicAndDiluted,SHARES_BASIC_DILUTED_COMBINED,shares,33468000.0,2019-10-01,2020-03-31,183,2,2020-05-06,10-Q,Q2,2020,,0001118417-20-000056,2020-05-05T18:21:23.000Z,10-Q,2020-05-06,True
1118417,"MODEL N, INC.",WeightedAverageNumberOfShareOutstandingBasicAndDiluted,SHARES_BASIC_DILUTED_COMBINED,shares,33794000.0,2020-01-01,2020-03-31,91,1,2020-05-06,10-Q,Q2,2020,,0001118417-20-000056,2020-05-05T18:21:23.000Z,10-Q,2020-05-06,True
1118417,"MODEL N, INC.",WeightedAverageNumberOfShareOutstandingBasicAndDiluted,SHARES_BASIC_DILUTED_COMBINED,shares,33468000.0,2019-10-01,2020-03-31,183,2,2021-05-10,10-Q,Q2,2021,,0001118417-21-000100,2021-05-10T16:33:29.000Z,10-Q,2021-05-10,True
1118417,"MODEL N, INC.",WeightedAverageNumberOfShareOutstandingBasicAndDiluted,SHARES_BASIC_DILUTED_COMBINED,shares,33794000.0,2020-01-01,2020-03-31,91,1,2021-05-10,10-Q,Q2,2021,CY2020Q1,0001118417-21-000100,2021-05-10T16:33:29.000Z,10-Q,2021-05-10,True
1118417,"MODEL N, INC.",WeightedAverageNumberOfShareOutstandingBasicAndDiluted,SHARES_BASIC_DILUTED_COMBINED,shares,33781000.0,2019-10-01,2020-06-30,274,3,2020-08-05,10-Q,Q3,2020,,0001118417-20-000085,2020-08-04T18:05:44.000Z,10-Q,2020-08-05,True
1118417,"MODEL N, INC.",WeightedAverageNumberOfShareOutstandingBasicAndDiluted,SHARES_BASIC_DILUTED_COMBINED,shares,34411000.0,2020-04-01,2020-06-30,91,1,2020-08-05,10-Q,Q3,2020,CY2020Q2,0001118417-20-000085,2020-08-04T18:05:44.000Z,10-Q,2020-08-05,True
1118417,"MODEL N, INC.",WeightedAverageNumberOfShareOutstandingBasicAndDiluted,SHARES_BASIC_DILUTED_COMBINED,shares,34008000.0,2019-10-01,2020-09-30,366,4,2020-11-23,10-K,FY,2020,CY2020,0001118417-20-000129,2020-11-20T19:43:05.000Z,10-K,2020-11-23,True
1118417,"MODEL N, INC.",WeightedAverageNumberOfShareOutstandingBasicAndDiluted,SHARES_BASIC_DILUTED_COMBINED,shares,34936000.0,2020-10-01,2020-12-31,92,1,2021-02-09,10-Q,Q1,2021,CY2020Q4,0001118417-21-000026,2021-02-09T16:32:23.000Z,10-Q,2021-02-09,True
1118417,"MODEL N, INC.",WeightedAverageNumberOfShareOutstandingBasicAndDiluted,SHARES_BASIC_DILUTED_COMBINED,shares,35119000.0,2020-10-01,2021-03-31,182,2,2021-05-10,10-Q,Q2,2021,,0001118417-21-000100,2021-05-10T16:33:29.000Z,10-Q,2021-05-10,True
1118417,"MODEL N, INC.",WeightedAverageNumberOfShareOutstandingBasicAndDiluted,SHARES_BASIC_DILUTED_COMBINED,shares,35305000.0,2021-01-01,2021-03-31,90,1,2021-05-10,10-Q,Q2,2021,CY2021Q1,0001118417-21-000100,2021-05-10T16:33:29.000Z,10-Q,2021-05-10,True
1124140,EXACT SCIENCES CORP,NetCashProvidedByUsedInOperatingActivitiesContinuingOperations,CFO_CONTINUING,USD,-33638000.0,2017-01-01,2017-03-31,90,1,2017-04-27,10-Q,Q1,2017,CY2017Q1,0001558370-17-002956,2017-04-27T10:21:09.000Z,10-Q,2017-04-27,True
1124140,EXACT SCIENCES CORP,WeightedAverageNumberOfShareOutstandingBasicAndDiluted,SHARES_BASIC_DILUTED_COMBINED,shares,110582000.0,2017-01-01,2017-03-31,90,1,2017-04-27,10-Q,Q1,2017,,0001558370-17-002956,2017-04-27T10:21:09.000Z,10-Q,2017-04-27,True
1124140,EXACT SCIENCES CORP,WeightedAverageNumberOfShareOutstandingBasicAndDiluted,SHARES_BASIC_DILUTED_COMBINED,shares,110582000.0,2017-01-01,2017-03-31,90,1,2018-02-22,10-K,FY,2017,,0001558370-18-000941,2018-02-22T21:48:21.000Z,10-K,2018-02-22,True
1124140,EXACT SCIENCES CORP,WeightedAverageNumberOfShareOutstandingBasicAndDiluted,SHARES_BASIC_DILUTED_COMBINED,shares,110582000.0,2017-01-01,2017-03-31,90,1,2018-04-26,10-Q,Q1,2018,,0001558370-18-003345,2018-04-26T20:57:48.000Z,10-Q,2018-04-26,True
1124140,EXACT SCIENCES CORP,WeightedAverageNumberOfShareOutstandingBasicAndDiluted,SHARES_BASIC_DILUTED_COMBINED,shares,110582000.0,2017-01-01,2017-03-31,90,1,2019-02-21,10-K,FY,2018,CY2017Q1,0001558370-19-000854,2019-02-21T21:30:08.000Z,10-K,2019-02-21,True
1124140,EXACT SCIENCES CORP,WeightedAverageNumberOfShareOutstandingBasicAndDiluted,SHARES_BASIC_DILUTED_COMBINED,shares,111721000.0,2017-01-01,2017-06-30,181,2,2017-07-25,10-Q,Q2,2017,,0001558370-17-005312,2017-07-25T20:23:26.000Z,10-Q,2017-07-25,True
1124140,EXACT SCIENCES CORP,WeightedAverageNumberOfShareOutstandingBasicAndDiluted,SHARES_BASIC_DILUTED_COMBINED,shares,112847000.0,2017-04-01,2017-06-30,91,1,2017-07-25,10-Q,Q2,2017,,0001558370-17-005312,2017-07-25T20:23:26.000Z,10-Q,2017-07-25,True
1124140,EXACT SCIENCES CORP,WeightedAverageNumberOfShareOutstandingBasicAndDiluted,SHARES_BASIC_DILUTED_COMBINED,shares,112847000.0,2017-04-01,2017-06-30,91,1,2018-02-22,10-K,FY,2017,,0001558370-18-000941,2018-02-22T21:48:21.000Z,10-K,2018-02-22,True
1124140,EXACT SCIENCES CORP,WeightedAverageNumberOfShareOutstandingBasicAndDiluted,SHARES_BASIC_DILUTED_COMBINED,shares,111721000.0,2017-01-01,2017-06-30,181,2,2018-08-01,10-Q,Q2,2018,,0001558370-18-006112,2018-08-01T21:11:32.000Z,10-Q,2018-08-01,True
1124140,EXACT SCIENCES CORP,WeightedAverageNumberOfShareOutstandingBasicAndDiluted,SHARES_BASIC_DILUTED_COMBINED,shares,112847000.0,2017-04-01,2017-06-30,91,1,2018-08-01,10-Q,Q2,2018,,0001558370-18-006112,2018-08-01T21:11:32.000Z,10-Q,2018-08-01,True
1124140,EXACT SCIENCES CORP,WeightedAverageNumberOfShareOutstandingBasicAndDiluted,SHARES_BASIC_DILUTED_COMBINED,shares,112847000.0,2017-04-01,2017-06-30,91,1,2019-02-21,10-K,FY,2018,CY2017Q2,0001558370-19-000854,2019-02-21T21:30:08.000Z,10-K,2019-02-21,True
1124140,EXACT SCIENCES CORP,WeightedAverageNumberOfShareOutstandingBasicAndDiluted,SHARES_BASIC_DILUTED_COMBINED,shares,114246000.0,2017-01-01,2017-09-30,273,3,2017-10-30,10-Q,Q3,2017,,0001558370-17-007717,2017-10-30T20:25:15.000Z,10-Q,2017-10-30,True
1124140,EXACT SCIENCES CORP,WeightedAverageNumberOfShareOutstandingBasicAndDiluted,SHARES_BASIC_DILUTED_COMBINED,shares,119215000.0,2017-07-01,2017-09-30,92,1,2017-10-30,10-Q,Q3,2017,,0001558370-17-007717,2017-10-30T20:25:15.000Z,10-Q,2017-10-30,True
1124140,EXACT SCIENCES CORP,WeightedAverageNumberOfShareOutstandingBasicAndDiluted,SHARES_BASIC_DILUTED_COMBINED,shares,119215000.0,2017-07-01,2017-09-30,92,1,2018-02-22,10-K,FY,2017,,0001558370-18-000941,2018-02-22T21:48:21.000Z,10-K,2018-02-22,True
1124140,EXACT SCIENCES CORP,WeightedAverageNumberOfShareOutstandingBasicAndDiluted,SHARES_BASIC_DILUTED_COMBINED,shares,114246000.0,2017-01-01,2017-09-30,273,3,2018-10-30,10-Q,Q3,2018,,0001558370-18-008059,2018-10-30T20:20:06.000Z,10-Q,2018-10-30,True
1124140,EXACT SCIENCES CORP,WeightedAverageNumberOfShareOutstandingBasicAndDiluted,SHARES_BASIC_DILUTED_COMBINED,shares,119215000.0,2017-07-01,2017-09-30,92,1,2018-10-30,10-Q,Q3,2018,,0001558370-18-008059,2018-10-30T20:20:06.000Z,10-Q,2018-10-30,True
1124140,EXACT SCIENCES CORP,WeightedAverageNumberOfShareOutstandingBasicAndDiluted,SHARES_BASIC_DILUTED_COMBINED,shares,119215000.0,2017-07-01,2017-09-30,92,1,2019-02-21,10-K,FY,2018,CY2017Q3,0001558370-19-000854,2019-02-21T21:30:08.000Z,10-K,2019-02-21,True
1124140,EXACT SCIENCES CORP,WeightedAverageNumberOfShareOutstandingBasicAndDiluted,SHARES_BASIC_DILUTED_COMBINED,shares,115684000.0,2017-01-01,2017-12-31,365,4,2018-02-22,10-K,FY,2017,,0001558370-18-000941,2018-02-22T21:48:21.000Z,10-K,2018-02-22,True
1124140,EXACT SCIENCES CORP,WeightedAverageNumberOfShareOutstandingBasicAndDiluted,SHARES_BASIC_DILUTED_COMBINED,shares,119950000.0,2017-10-01,2017-12-31,92,1,2018-02-22,10-K,FY,2017,,0001558370-18-000941,2018-02-22T21:48:21.000Z,10-K,2018-02-22,True
1124140,EXACT SCIENCES CORP,WeightedAverageNumberOfShareOutstandingBasicAndDiluted,SHARES_BASIC_DILUTED_COMBINED,shares,115684000.0,2017-01-01,2017-12-31,365,4,2019-02-21,10-K,FY,2018,,0001558370-19-000854,2019-02-21T21:30:08.000Z,10-K,2019-02-21,True
1124140,EXACT SCIENCES CORP,WeightedAverageNumberOfShareOutstandingBasicAndDiluted,SHARES_BASIC_DILUTED_COMBINED,shares,119950000.0,2017-10-01,2017-12-31,92,1,2019-02-21,10-K,FY,2018,CY2017Q4,0001558370-19-000854,2019-02-21T21:30:08.000Z,10-K,2019-02-21,True
1124140,EXACT SCIENCES CORP,WeightedAverageNumberOfShareOutstandingBasicAndDiluted,SHARES_BASIC_DILUTED_COMBINED,shares,115684000.0,2017-01-01,2017-12-31,365,4,2020-02-21,10-K,FY,2019,CY2017,0001124140-20-000010,2020-02-21T13:50:33.000Z,10-K,2020-02-21,True
1124140,EXACT SCIENCES CORP,WeightedAverageNumberOfShareOutstandingBasicAndDiluted,SHARES_BASIC_DILUTED_COMBINED,shares,121016000.0,2018-01-01,2018-03-31,90,1,2018-04-26,10-Q,Q1,2018,,0001558370-18-003345,2018-04-26T20:57:48.000Z,10-Q,2018-04-26,True
1124140,EXACT SCIENCES CORP,WeightedAverageNumberOfShareOutstandingBasicAndDiluted,SHARES_BASIC_DILUTED_COMBINED,shares,121016000.0,2018-01-01,2018-03-31,90,1,2019-02-21,10-K,FY,2018,,0001558370-19-000854,2019-02-21T21:30:08.000Z,10-K,2019-02-21,True
1124140,EXACT SCIENCES CORP,WeightedAverageNumberOfShareOutstandingBasicAndDiluted,SHARES_BASIC_DILUTED_COMBINED,shares,121016000.0,2018-01-01,2018-03-31,90,1,2019-04-30,10-Q,Q1,2019,,0001558370-19-003624,2019-04-30T20:32:06.000Z,10-Q,2019-04-30,True
1124140,EXACT SCIENCES CORP,WeightedAverageNumberOfShareOutstandingBasicAndDiluted,SHARES_BASIC_DILUTED_COMBINED,shares,121016000.0,2018-01-01,2018-03-31,90,1,2020-02-21,10-K,FY,2019,CY2018Q1,0001124140-20-000010,2020-02-21T13:50:33.000Z,10-K,2020-02-21,True
1124140,EXACT SCIENCES CORP,WeightedAverageNumberOfShareOutstandingBasicAndDiluted,SHARES_BASIC_DILUTED_COMBINED,shares,121578000.0,2018-01-01,2018-06-30,181,2,2018-08-01,10-Q,Q2,2018,,0001558370-18-006112,2018-08-01T21:11:32.000Z,10-Q,2018-08-01,True
1124140,EXACT SCIENCES CORP,WeightedAverageNumberOfShareOutstandingBasicAndDiluted,SHARES_BASIC_DILUTED_COMBINED,shares,122129000.0,2018-04-01,2018-06-30,91,1,2018-08-01,10-Q,Q2,2018,,0001558370-18-006112,2018-08-01T21:11:32.000Z,10-Q,2018-08-01,True
1124140,EXACT SCIENCES CORP,WeightedAverageNumberOfShareOutstandingBasicAndDiluted,SHARES_BASIC_DILUTED_COMBINED,shares,122129000.0,2018-04-01,2018-06-30,91,1,2019-02-21,10-K,FY,2018,,0001558370-19-000854,2019-02-21T21:30:08.000Z,10-K,2019-02-21,True
1124140,EXACT SCIENCES CORP,WeightedAverageNumberOfShareOutstandingBasicAndDiluted,SHARES_BASIC_DILUTED_COMBINED,shares,121578000.0,2018-01-01,2018-06-30,181,2,2019-07-30,10-Q,Q2,2019,,0001558370-19-006583,2019-07-30T21:27:49.000Z,10-Q,2019-07-30,True
1124140,EXACT SCIENCES CORP,WeightedAverageNumberOfShareOutstandingBasicAndDiluted,SHARES_BASIC_DILUTED_COMBINED,shares,122129000.0,2018-04-01,2018-06-30,91,1,2019-07-30,10-Q,Q2,2019,,0001558370-19-006583,2019-07-30T21:27:49.000Z,10-Q,2019-07-30,True
1124140,EXACT SCIENCES CORP,WeightedAverageNumberOfShareOutstandingBasicAndDiluted,SHARES_BASIC_DILUTED_COMBINED,shares,122129000.0,2018-04-01,2018-06-30,91,1,2020-02-21,10-K,FY,2019,CY2018Q2,0001124140-20-000010,2020-02-21T13:50:33.000Z,10-K,2020-02-21,True
1124140,EXACT SCIENCES CORP,WeightedAverageNumberOfShareOutstandingBasicAndDiluted,SHARES_BASIC_DILUTED_COMBINED,shares,121946000.0,2018-01-01,2018-09-30,273,3,2018-10-30,10-Q,Q3,2018,,0001558370-18-008059,2018-10-30T20:20:06.000Z,10-Q,2018-10-30,True
1124140,EXACT SCIENCES CORP,WeightedAverageNumberOfShareOutstandingBasicAndDiluted,SHARES_BASIC_DILUTED_COMBINED,shares,122671000.0,2018-07-01,2018-09-30,92,1,2018-10-30,10-Q,Q3,2018,,0001558370-18-008059,2018-10-30T20:20:06.000Z,10-Q,2018-10-30,True
1124140,EXACT SCIENCES CORP,WeightedAverageNumberOfShareOutstandingBasicAndDiluted,SHARES_BASIC_DILUTED_COMBINED,shares,122671000.0,2018-07-01,2018-09-30,92,1,2019-02-21,10-K,FY,2018,,0001558370-19-000854,2019-02-21T21:30:08.000Z,10-K,2019-02-21,True
1124140,EXACT SCIENCES CORP,WeightedAverageNumberOfShareOutstandingBasicAndDiluted,SHARES_BASIC_DILUTED_COMBINED,shares,121946000.0,2018-01-01,2018-09-30,273,3,2019-10-29,10-Q,Q3,2019,,0001558370-19-009344,2019-10-30T00:09:56.000Z,10-Q,2019-10-29,True
1124140,EXACT SCIENCES CORP,WeightedAverageNumberOfShareOutstandingBasicAndDiluted,SHARES_BASIC_DILUTED_COMBINED,shares,122671000.0,2018-07-01,2018-09-30,92,1,2019-10-29,10-Q,Q3,2019,,0001558370-19-009344,2019-10-30T00:09:56.000Z,10-Q,2019-10-29,True
1124140,EXACT SCIENCES CORP,WeightedAverageNumberOfShareOutstandingBasicAndDiluted,SHARES_BASIC_DILUTED_COMBINED,shares,122671000.0,2018-07-01,2018-09-30,92,1,2020-02-21,10-K,FY,2019,CY2018Q3,0001124140-20-000010,2020-02-21T13:50:33.000Z,10-K,2020-02-21,True
1124140,EXACT SCIENCES CORP,WeightedAverageNumberOfShareOutstandingBasicAndDiluted,SHARES_BASIC_DILUTED_COMBINED,shares,122207000.0,2018-01-01,2018-12-31,365,4,2019-02-21,10-K,FY,2018,,0001558370-19-000854,2019-02-21T21:30:08.000Z,10-K,2019-02-21,True
1124140,EXACT SCIENCES CORP,WeightedAverageNumberOfShareOutstandingBasicAndDiluted,SHARES_BASIC_DILUTED_COMBINED,shares,122981000.0,2018-10-01,2018-12-31,92,1,2019-02-21,10-K,FY,2018,,0001558370-19-000854,2019-02-21T21:30:08.000Z,10-K,2019-02-21,True
1124140,EXACT SCIENCES CORP,WeightedAverageNumberOfShareOutstandingBasicAndDiluted,SHARES_BASIC_DILUTED_COMBINED,shares,122207000.0,2018-01-01,2018-12-31,365,4,2020-02-21,10-K,FY,2019,,0001124140-20-000010,2020-02-21T13:50:33.000Z,10-K,2020-02-21,True
1124140,EXACT SCIENCES CORP,WeightedAverageNumberOfShareOutstandingBasicAndDiluted,SHARES_BASIC_DILUTED_COMBINED,shares,122981000.0,2018-10-01,2018-12-31,92,1,2020-02-21,10-K,FY,2019,CY2018Q4,0001124140-20-000010,2020-02-21T13:50:33.000Z,10-K,2020-02-21,True
1124140,EXACT SCIENCES CORP,WeightedAverageNumberOfShareOutstandingBasicAndDiluted,SHARES_BASIC_DILUTED_COMBINED,shares,122207000.0,2018-01-01,2018-12-31,365,4,2021-02-16,10-K,FY,2020,CY2018,0001124140-21-000029,2021-02-16T22:02:30.000Z,10-K,2021-02-16,True
1124140,EXACT SCIENCES CORP,WeightedAverageNumberOfShareOutstandingBasicAndDiluted,SHARES_BASIC_DILUTED_COMBINED,shares,126248000.0,2019-01-01,2019-03-31,90,1,2019-04-30,10-Q,Q1,2019,,0001558370-19-003624,2019-04-30T20:32:06.000Z,10-Q,2019-04-30,True
1124140,EXACT SCIENCES CORP,WeightedAverageNumberOfShareOutstandingBasicAndDiluted,SHARES_BASIC_DILUTED_COMBINED,shares,126248000.0,2019-01-01,2019-03-31,90,1,2020-05-06,10-Q,Q1,2020,CY2019Q1,0001124140-20-000021,2020-05-06T20:09:32.000Z,10-Q,2020-05-06,True
1124140,EXACT SCIENCES CORP,WeightedAverageNumberOfShareOutstandingBasicAndDiluted,SHARES_BASIC_DILUTED_COMBINED,shares,127723000.0,2019-01-01,2019-06-30,181,2,2019-07-30,10-Q,Q2,2019,,0001558370-19-006583,2019-07-30T21:27:49.000Z,10-Q,2019-07-30,True
1124140,EXACT SCIENCES CORP,WeightedAverageNumberOfShareOutstandingBasicAndDiluted,SHARES_BASIC_DILUTED_COMBINED,shares,129182000.0,2019-04-01,2019-06-30,91,1,2019-07-30,10-Q,Q2,2019,,0001558370-19-006583,2019-07-30T21:27:49.000Z,10-Q,2019-07-30,True
1124140,EXACT SCIENCES CORP,WeightedAverageNumberOfShareOutstandingBasicAndDiluted,SHARES_BASIC_DILUTED_COMBINED,shares,127723000.0,2019-01-01,2019-06-30,181,2,2020-07-31,10-Q,Q2,2020,,0001124140-20-000051,2020-07-31T12:37:48.000Z,10-Q,2020-07-31,True
1124140,EXACT SCIENCES CORP,WeightedAverageNumberOfShareOutstandingBasicAndDiluted,SHARES_BASIC_DILUTED_COMBINED,shares,129182000.0,2019-04-01,2019-06-30,91,1,2020-07-31,10-Q,Q2,2020,CY2019Q2,0001124140-20-000051,2020-07-31T12:37:48.000Z,10-Q,2020-07-31,True
1124140,EXACT SCIENCES CORP,WeightedAverageNumberOfShareOutstandingBasicAndDiluted,SHARES_BASIC_DILUTED_COMBINED,shares,128344000.0,2019-01-01,2019-09-30,273,3,2019-10-29,10-Q,Q3,2019,,0001558370-19-009344,2019-10-30T00:09:56.000Z,10-Q,2019-10-29,True
1124140,EXACT SCIENCES CORP,WeightedAverageNumberOfShareOutstandingBasicAndDiluted,SHARES_BASIC_DILUTED_COMBINED,shares,129567000.0,2019-07-01,2019-09-30,92,1,2019-10-29,10-Q,Q3,2019,,0001558370-19-009344,2019-10-30T00:09:56.000Z,10-Q,2019-10-29,True
1124140,EXACT SCIENCES CORP,WeightedAverageNumberOfShareOutstandingBasicAndDiluted,SHARES_BASIC_DILUTED_COMBINED,shares,128344000.0,2019-01-01,2019-09-30,273,3,2020-10-27,10-Q,Q3,2020,,0001124140-20-000064,2020-10-27T11:05:42.000Z,10-Q,2020-10-27,True
1124140,EXACT SCIENCES CORP,WeightedAverageNumberOfShareOutstandingBasicAndDiluted,SHARES_BASIC_DILUTED_COMBINED,shares,129567000.0,2019-07-01,2019-09-30,92,1,2020-10-27,10-Q,Q3,2020,CY2019Q3,0001124140-20-000064,2020-10-27T11:05:42.000Z,10-Q,2020-10-27,True
1124140,EXACT SCIENCES CORP,WeightedAverageNumberOfShareOutstandingBasicAndDiluted,SHARES_BASIC_DILUTED_COMBINED,shares,131257000.0,2019-01-01,2019-12-31,365,4,2020-02-21,10-K,FY,2019,,0001124140-20-000010,2020-02-21T13:50:33.000Z,10-K,2020-02-21,True
1124140,EXACT SCIENCES CORP,WeightedAverageNumberOfShareOutstandingBasicAndDiluted,SHARES_BASIC_DILUTED_COMBINED,shares,131257000.0,2019-01-01,2019-12-31,365,4,2021-02-16,10-K,FY,2020,CY2019,0001124140-21-000029,2021-02-16T22:02:30.000Z,10-K,2021-02-16,True
1124140,EXACT SCIENCES CORP,WeightedAverageNumberOfShareOutstandingBasicAndDiluted,SHARES_BASIC_DILUTED_COMBINED,shares,148151000.0,2020-01-01,2020-03-31,91,1,2020-05-06,10-Q,Q1,2020,,0001124140-20-000021,2020-05-06T20:09:32.000Z,10-Q,2020-05-06,True
1124140,EXACT SCIENCES CORP,WeightedAverageNumberOfShareOutstandingBasicAndDiluted,SHARES_BASIC_DILUTED_COMBINED,shares,148151000.0,2020-01-01,2020-03-31,91,1,2021-05-04,10-Q,Q1,2021,CY2020Q1,0001124140-21-000052,2021-05-04T21:05:17.000Z,10-Q,2021-05-04,True
1124140,EXACT SCIENCES CORP,WeightedAverageNumberOfShareOutstandingBasicAndDiluted,SHARES_BASIC_DILUTED_COMBINED,shares,148938000.0,2020-01-01,2020-06-30,182,2,2020-07-31,10-Q,Q2,2020,,0001124140-20-000051,2020-07-31T12:37:48.000Z,10-Q,2020-07-31,True
1124140,EXACT SCIENCES CORP,WeightedAverageNumberOfShareOutstandingBasicAndDiluted,SHARES_BASIC_DILUTED_COMBINED,shares,149727000.0,2020-04-01,2020-06-30,91,1,2020-07-31,10-Q,Q2,2020,CY2020Q2,0001124140-20-000051,2020-07-31T12:37:48.000Z,10-Q,2020-07-31,True
1124140,EXACT SCIENCES CORP,WeightedAverageNumberOfShareOutstandingBasicAndDiluted,SHARES_BASIC_DILUTED_COMBINED,shares,149346000.0,2020-01-01,2020-09-30,274,3,2020-10-27,10-Q,Q3,2020,,0001124140-20-000064,2020-10-27T11:05:42.000Z,10-Q,2020-10-27,True
1124140,EXACT SCIENCES CORP,WeightedAverageNumberOfShareOutstandingBasicAndDiluted,SHARES_BASIC_DILUTED_COMBINED,shares,150155000.0,2020-07-01,2020-09-30,92,1,2020-10-27,10-Q,Q3,2020,CY2020Q3,0001124140-20-000064,2020-10-27T11:05:42.000Z,10-Q,2020-10-27,True
1124140,EXACT SCIENCES CORP,WeightedAverageNumberOfShareOutstandingBasicAndDiluted,SHARES_BASIC_DILUTED_COMBINED,shares,151137000.0,2020-01-01,2020-12-31,366,4,2021-02-16,10-K,FY,2020,CY2020,0001124140-21-000029,2021-02-16T22:02:30.000Z,10-K,2021-02-16,True
1124140,EXACT SCIENCES CORP,WeightedAverageNumberOfShareOutstandingBasicAndDiluted,SHARES_BASIC_DILUTED_COMBINED,shares,169434000.0,2021-01-01,2021-03-31,90,1,2021-05-04,10-Q,Q1,2021,CY2021Q1,0001124140-21-000052,2021-05-04T21:05:17.000Z,10-Q,2021-05-04,True
1166388,Verint Systems Inc,NetCashProvidedByUsedInOperatingActivitiesContinuingOperations,CFO_CONTINUING,USD,59761000.0,2017-02-01,2017-04-30,89,1,2017-06-08,10-Q,Q1,2018,,0001166388-17-000085,2017-06-07T17:37:27.000Z,10-Q,2017-06-08,True
1166388,Verint Systems Inc,NetCashProvidedByUsedInOperatingActivitiesContinuingOperations,CFO_CONTINUING,USD,59761000.0,2017-02-01,2017-04-30,89,1,2018-06-07,10-Q,Q1,2018,CY2017Q1,0001166388-18-000074,2018-06-07T17:16:24.000Z,10-Q,2018-06-07,True
1166388,Verint Systems Inc,NetCashProvidedByUsedInOperatingActivitiesContinuingOperations,CFO_CONTINUING,USD,98510000.0,2017-02-01,2017-07-31,181,2,2017-09-06,10-Q,Q2,2018,,0001166388-17-000114,2017-09-06T17:20:10.000Z,10-Q,2017-09-06,True
1166388,Verint Systems Inc,NetCashProvidedByUsedInOperatingActivitiesContinuingOperations,CFO_CONTINUING,USD,98510000.0,2017-02-01,2017-07-31,181,2,2018-09-05,10-Q,Q2,2018,,0001166388-18-000089,2018-09-05T17:25:48.000Z,10-Q,2018-09-05,True
1166388,Verint Systems Inc,NetCashProvidedByUsedInOperatingActivitiesContinuingOperations,CFO_CONTINUING,USD,96174000.0,2017-02-01,2017-10-31,273,3,2017-12-06,10-Q,Q3,2018,,0001166388-17-000126,2017-12-06T17:29:21.000Z,10-Q,2017-12-06,True
1166388,Verint Systems Inc,NetCashProvidedByUsedInOperatingActivitiesContinuingOperations,CFO_CONTINUING,USD,96174000.0,2017-02-01,2017-10-31,273,3,2018-12-06,10-Q,Q3,2018,,0001166388-18-000129,2018-12-06T09:14:46.000Z,10-Q,2018-12-06,True
1166388,Verint Systems Inc,NetCashProvidedByUsedInOperatingActivitiesContinuingOperations,CFO_CONTINUING,USD,60152000.0,2018-02-01,2018-04-30,89,1,2018-06-07,10-Q,Q1,2018,,0001166388-18-000074,2018-06-07T17:16:24.000Z,10-Q,2018-06-07,True
1166388,Verint Systems Inc,NetCashProvidedByUsedInOperatingActivitiesContinuingOperations,CFO_CONTINUING,USD,60152000.0,2018-02-01,2018-04-30,89,1,2019-06-06,10-Q,Q1,2019,CY2018Q1,0001166388-19-000096,2019-06-06T16:54:43.000Z,10-Q,2019-06-06,True
1166388,Verint Systems Inc,NetCashProvidedByUsedInOperatingActivitiesContinuingOperations,CFO_CONTINUING,USD,104153000.0,2018-02-01,2018-07-31,181,2,2018-09-05,10-Q,Q2,2018,,0001166388-18-000089,2018-09-05T17:25:48.000Z,10-Q,2018-09-05,True
1166388,Verint Systems Inc,NetCashProvidedByUsedInOperatingActivitiesContinuingOperations,CFO_CONTINUING,USD,131650000.0,2018-02-01,2018-10-31,273,3,2018-12-06,10-Q,Q3,2018,,0001166388-18-000129,2018-12-06T09:14:46.000Z,10-Q,2018-12-06,True
1166388,Verint Systems Inc,NetCashProvidedByUsedInOperatingActivitiesContinuingOperations,CFO_CONTINUING,USD,93063000.0,2019-02-01,2019-04-30,89,1,2019-06-06,10-Q,Q1,2019,CY2019Q1,0001166388-19-000096,2019-06-06T16:54:43.000Z,10-Q,2019-06-06,True
1166388,Verint Systems Inc,NetCashProvidedByUsedInOperatingActivitiesContinuingOperations,CFO_CONTINUING,USD,126998000.0,2019-02-01,2020-01-31,365,4,2022-03-29,10-K,FY,2022,CY2019,0001166388-22-000019,2022-03-29T16:56:16.000Z,10-K,2022-03-29,True
1166388,Verint Systems Inc,NetCashProvidedByUsedInOperatingActivitiesContinuingOperations,CFO_CONTINUING,USD,45319000.0,2020-02-01,2020-04-30,90,1,2021-06-09,10-Q,Q1,2022,CY2020Q1,0001166388-21-000089,2021-06-09T16:38:34.000Z,10-Q,2021-06-09,True
1166388,Verint Systems Inc,NetCashProvidedByUsedInOperatingActivitiesContinuingOperations,CFO_CONTINUING,USD,98123000.0,2020-02-01,2020-07-31,182,2,2021-09-09,10-Q,Q2,2022,,0001166388-21-000115,2021-09-09T16:34:37.000Z,10-Q,2021-09-09,True
1166388,Verint Systems Inc,NetCashProvidedByUsedInOperatingActivitiesContinuingOperations,CFO_CONTINUING,USD,121254000.0,2020-02-01,2020-10-31,274,3,2021-12-06,10-Q,Q3,2022,,0001166388-21-000138,2021-12-06T16:12:46.000Z,10-Q,2021-12-06,True
1166388,Verint Systems Inc,NetCashProvidedByUsedInOperatingActivitiesContinuingOperations,CFO_CONTINUING,USD,159653000.0,2020-02-01,2021-01-31,366,4,2022-03-29,10-K,FY,2022,,0001166388-22-000019,2022-03-29T16:56:16.000Z,10-K,2022-03-29,True
1166388,Verint Systems Inc,NetCashProvidedByUsedInOperatingActivitiesContinuingOperations,CFO_CONTINUING,USD,37709000.0,2021-02-01,2021-04-30,89,1,2021-06-09,10-Q,Q1,2022,,0001166388-21-000089,2021-06-09T16:38:34.000Z,10-Q,2021-06-09,True
1166388,Verint Systems Inc,NetCashProvidedByUsedInOperatingActivitiesContinuingOperations,CFO_CONTINUING,USD,37709000.0,2021-02-01,2021-04-30,89,1,2022-06-07,10-Q,Q1,2023,CY2021Q1,0001166388-22-000091,2022-06-07T16:55:12.000Z,10-Q,2022-06-07,True
1166388,Verint Systems Inc,NetCashProvidedByUsedInOperatingActivitiesContinuingOperations,CFO_CONTINUING,USD,26853000.0,2021-02-01,2021-07-31,181,2,2021-09-09,10-Q,Q2,2022,,0001166388-21-000115,2021-09-09T16:34:37.000Z,10-Q,2021-09-09,True
1166388,Verint Systems Inc,NetCashProvidedByUsedInOperatingActivitiesContinuingOperations,CFO_CONTINUING,USD,26853000.0,2021-02-01,2021-07-31,181,2,2022-09-07,10-Q,Q2,2023,,0001166388-22-000125,2022-09-07T16:49:32.000Z,10-Q,2022-09-07,True
1166388,Verint Systems Inc,NetCashProvidedByUsedInOperatingActivitiesContinuingOperations,CFO_CONTINUING,USD,70249000.0,2021-02-01,2021-10-31,273,3,2021-12-06,10-Q,Q3,2022,,0001166388-21-000138,2021-12-06T16:12:46.000Z,10-Q,2021-12-06,True
1166388,Verint Systems Inc,NetCashProvidedByUsedInOperatingActivitiesContinuingOperations,CFO_CONTINUING,USD,70249000.0,2021-02-01,2021-10-31,273,3,2022-12-07,10-Q,Q3,2023,,0001166388-22-000152,2022-12-07T16:50:10.000Z,10-Q,2022-12-07,True
1166388,Verint Systems Inc,NetCashProvidedByUsedInOperatingActivitiesContinuingOperations,CFO_CONTINUING,USD,134654000.0,2021-02-01,2022-01-31,365,4,2022-03-29,10-K,FY,2022,,0001166388-22-000019,2022-03-29T16:56:16.000Z,10-K,2022-03-29,True
1166388,Verint Systems Inc,NetCashProvidedByUsedInOperatingActivitiesContinuingOperations,CFO_CONTINUING,USD,53926000.0,2022-02-01,2022-04-30,89,1,2022-06-07,10-Q,Q1,2023,CY2022Q1,0001166388-22-000091,2022-06-07T16:55:12.000Z,10-Q,2022-06-07,True
1166388,Verint Systems Inc,NetCashProvidedByUsedInOperatingActivitiesContinuingOperations,CFO_CONTINUING,USD,46680000.0,2022-02-01,2022-07-31,181,2,2022-09-07,10-Q,Q2,2023,,0001166388-22-000125,2022-09-07T16:49:32.000Z,10-Q,2022-09-07,True
1166388,Verint Systems Inc,NetCashProvidedByUsedInOperatingActivitiesContinuingOperations,CFO_CONTINUING,USD,68611000.0,2022-02-01,2022-10-31,273,3,2022-12-07,10-Q,Q3,2023,,0001166388-22-000152,2022-12-07T16:50:10.000Z,10-Q,2022-12-07,True
1166388,Verint Systems Inc,CashProvidedByUsedInOperatingActivitiesDiscontinuedOperations,CFO_DISCONTINUED,USD,110906000.0,2019-02-01,2020-01-31,365,4,2022-03-29,10-K,FY,2022,CY2019,0001166388-22-000019,2022-03-29T16:56:16.000Z,10-K,2022-03-29,True
1166388,Verint Systems Inc,CashProvidedByUsedInOperatingActivitiesDiscontinuedOperations,CFO_DISCONTINUED,USD,30659000.0,2020-02-01,2020-04-30,90,1,2021-06-09,10-Q,Q1,2022,CY2020Q1,0001166388-21-000089,2021-06-09T16:38:34.000Z,10-Q,2021-06-09,True
1166388,Verint Systems Inc,CashProvidedByUsedInOperatingActivitiesDiscontinuedOperations,CFO_DISCONTINUED,USD,38608000.0,2020-02-01,2020-07-31,182,2,2021-09-09,10-Q,Q2,2022,,0001166388-21-000115,2021-09-09T16:34:37.000Z,10-Q,2021-09-09,True
1166388,Verint Systems Inc,CashProvidedByUsedInOperatingActivitiesDiscontinuedOperations,CFO_DISCONTINUED,USD,36577000.0,2020-02-01,2020-10-31,274,3,2021-12-06,10-Q,Q3,2022,,0001166388-21-000138,2021-12-06T16:12:46.000Z,10-Q,2021-12-06,True
1166388,Verint Systems Inc,CashProvidedByUsedInOperatingActivitiesDiscontinuedOperations,CFO_DISCONTINUED,USD,94193000.0,2020-02-01,2021-01-31,366,4,2022-03-29,10-K,FY,2022,,0001166388-22-000019,2022-03-29T16:56:16.000Z,10-K,2022-03-29,True
1166388,Verint Systems Inc,CashProvidedByUsedInOperatingActivitiesDiscontinuedOperations,CFO_DISCONTINUED,USD,-8007000.0,2021-02-01,2021-04-30,89,1,2021-06-09,10-Q,Q1,2022,,0001166388-21-000089,2021-06-09T16:38:34.000Z,10-Q,2021-06-09,True
1166388,Verint Systems Inc,CashProvidedByUsedInOperatingActivitiesDiscontinuedOperations,CFO_DISCONTINUED,USD,-8007000.0,2021-02-01,2021-04-30,89,1,2022-06-07,10-Q,Q1,2023,CY2021Q1,0001166388-22-000091,2022-06-07T16:55:12.000Z,10-Q,2022-06-07,True
1166388,Verint Systems Inc,CashProvidedByUsedInOperatingActivitiesDiscontinuedOperations,CFO_DISCONTINUED,USD,-12294000.0,2021-02-01,2021-07-31,181,2,2021-09-09,10-Q,Q2,2022,,0001166388-21-000115,2021-09-09T16:34:37.000Z,10-Q,2021-09-09,True
1166388,Verint Systems Inc,CashProvidedByUsedInOperatingActivitiesDiscontinuedOperations,CFO_DISCONTINUED,USD,-12294000.0,2021-02-01,2021-07-31,181,2,2022-09-07,10-Q,Q2,2023,,0001166388-22-000125,2022-09-07T16:49:32.000Z,10-Q,2022-09-07,True
1166388,Verint Systems Inc,CashProvidedByUsedInOperatingActivitiesDiscontinuedOperations,CFO_DISCONTINUED,USD,-9055000.0,2021-02-01,2021-10-31,273,3,2021-12-06,10-Q,Q3,2022,,0001166388-21-000138,2021-12-06T16:12:46.000Z,10-Q,2021-12-06,True
1166388,Verint Systems Inc,CashProvidedByUsedInOperatingActivitiesDiscontinuedOperations,CFO_DISCONTINUED,USD,-9055000.0,2021-02-01,2021-10-31,273,3,2022-12-07,10-Q,Q3,2023,,0001166388-22-000152,2022-12-07T16:50:10.000Z,10-Q,2022-12-07,True
1166388,Verint Systems Inc,CashProvidedByUsedInOperatingActivitiesDiscontinuedOperations,CFO_DISCONTINUED,USD,-9055000.0,2021-02-01,2022-01-31,365,4,2022-03-29,10-K,FY,2022,,0001166388-22-000019,2022-03-29T16:56:16.000Z,10-K,2022-03-29,True
1166388,Verint Systems Inc,CashProvidedByUsedInOperatingActivitiesDiscontinuedOperations,CFO_DISCONTINUED,USD,0.0,2022-02-01,2022-04-30,89,1,2022-06-07,10-Q,Q1,2023,CY2022Q1,0001166388-22-000091,2022-06-07T16:55:12.000Z,10-Q,2022-06-07,True
1166388,Verint Systems Inc,CashProvidedByUsedInOperatingActivitiesDiscontinuedOperations,CFO_DISCONTINUED,USD,0.0,2022-02-01,2022-07-31,181,2,2022-09-07,10-Q,Q2,2023,,0001166388-22-000125,2022-09-07T16:49:32.000Z,10-Q,2022-09-07,True
1166388,Verint Systems Inc,CashProvidedByUsedInOperatingActivitiesDiscontinuedOperations,CFO_DISCONTINUED,USD,0.0,2022-02-01,2022-10-31,273,3,2022-12-07,10-Q,Q3,2023,,0001166388-22-000152,2022-12-07T16:50:10.000Z,10-Q,2022-12-07,True
1169988,"BOINGO WIRELESS, INC.",NetCashProvidedByUsedInOperatingActivitiesContinuingOperations,CFO_CONTINUING,USD,25532000.0,2017-01-01,2017-03-31,90,1,2017-05-08,10-Q,Q1,2017,CY2017Q1,0001104659-17-030568,2017-05-08T13:05:50.000Z,10-Q,2017-05-08,True
1169988,"BOINGO WIRELESS, INC.",WeightedAverageNumberOfShareOutstandingBasicAndDiluted,SHARES_BASIC_DILUTED_COMBINED,shares,38712000.0,2017-01-01,2017-03-31,90,1,2017-05-08,10-Q,Q1,2017,,0001104659-17-030568,2017-05-08T13:05:50.000Z,10-Q,2017-05-08,True
1169988,"BOINGO WIRELESS, INC.",WeightedAverageNumberOfShareOutstandingBasicAndDiluted,SHARES_BASIC_DILUTED_COMBINED,shares,38712000.0,2017-01-01,2017-03-31,90,1,2018-05-08,10-Q,Q1,2018,CY2017Q1,0001104659-18-031366,2018-05-08T17:06:31.000Z,10-Q,2018-05-08,True
1169988,"BOINGO WIRELESS, INC.",WeightedAverageNumberOfShareOutstandingBasicAndDiluted,SHARES_BASIC_DILUTED_COMBINED,shares,38997000.0,2017-01-01,2017-06-30,181,2,2017-08-04,10-Q,Q2,2017,,0001104659-17-049563,2017-08-04T15:09:22.000Z,10-Q,2017-08-04,True
1169988,"BOINGO WIRELESS, INC.",WeightedAverageNumberOfShareOutstandingBasicAndDiluted,SHARES_BASIC_DILUTED_COMBINED,shares,39286000.0,2017-04-01,2017-06-30,91,1,2017-08-04,10-Q,Q2,2017,CY2017Q2,0001104659-17-049563,2017-08-04T15:09:22.000Z,10-Q,2017-08-04,True
1169988,"BOINGO WIRELESS, INC.",WeightedAverageNumberOfShareOutstandingBasicAndDiluted,SHARES_BASIC_DILUTED_COMBINED,shares,39468000.0,2017-01-01,2017-09-30,273,3,2017-11-08,10-Q,Q3,2017,,0001104659-17-066934,2017-11-08T14:17:37.000Z,10-Q,2017-11-08,True
1169988,"BOINGO WIRELESS, INC.",WeightedAverageNumberOfShareOutstandingBasicAndDiluted,SHARES_BASIC_DILUTED_COMBINED,shares,40336000.0,2017-07-01,2017-09-30,92,1,2017-11-08,10-Q,Q3,2017,,0001104659-17-066934,2017-11-08T14:17:37.000Z,10-Q,2017-11-08,True
1169988,"BOINGO WIRELESS, INC.",WeightedAverageNumberOfShareOutstandingBasicAndDiluted,SHARES_BASIC_DILUTED_COMBINED,shares,39468000.0,2017-01-01,2017-09-30,273,3,2018-11-05,10-Q,Q3,2018,,0001104659-18-065938,2018-11-05T13:53:13.000Z,10-Q,2018-11-05,True
1169988,"BOINGO WIRELESS, INC.",WeightedAverageNumberOfShareOutstandingBasicAndDiluted,SHARES_BASIC_DILUTED_COMBINED,shares,40336000.0,2017-07-01,2017-09-30,92,1,2018-11-05,10-Q,Q3,2018,CY2017Q3,0001104659-18-065938,2018-11-05T13:53:13.000Z,10-Q,2018-11-05,True
1169988,"BOINGO WIRELESS, INC.",WeightedAverageNumberOfShareOutstandingBasicAndDiluted,SHARES_BASIC_DILUTED_COMBINED,shares,39824000.0,2017-01-01,2017-12-31,365,4,2018-03-12,10-K,FY,2017,,0001047469-18-001548,2018-03-12T17:20:03.000Z,10-K,2018-03-12,True
1169988,"BOINGO WIRELESS, INC.",WeightedAverageNumberOfShareOutstandingBasicAndDiluted,SHARES_BASIC_DILUTED_COMBINED,shares,39824000.0,2017-01-01,2017-12-31,365,4,2019-03-01,10-K,FY,2018,,0001047469-19-000834,2019-03-01T15:52:55.000Z,10-K,2019-03-01,True
1169988,"BOINGO WIRELESS, INC.",WeightedAverageNumberOfShareOutstandingBasicAndDiluted,SHARES_BASIC_DILUTED_COMBINED,shares,39824000.0,2017-01-01,2017-12-31,365,4,2020-03-02,10-K,FY,2019,CY2017,0001104659-20-027866,2020-03-02T16:08:12.000Z,10-K,2020-03-02,True
1169988,"BOINGO WIRELESS, INC.",WeightedAverageNumberOfShareOutstandingBasicAndDiluted,SHARES_BASIC_DILUTED_COMBINED,shares,41330000.0,2018-01-01,2018-03-31,90,1,2018-05-08,10-Q,Q1,2018,,0001104659-18-031366,2018-05-08T17:06:31.000Z,10-Q,2018-05-08,True
1169988,"BOINGO WIRELESS, INC.",WeightedAverageNumberOfShareOutstandingBasicAndDiluted,SHARES_BASIC_DILUTED_COMBINED,shares,41330000.0,2018-01-01,2018-03-31,90,1,2019-05-10,10-Q,Q1,2019,CY2018Q1,0001104659-19-028578,2019-05-10T15:11:26.000Z,10-Q,2019-05-10,True
1169988,"BOINGO WIRELESS, INC.",WeightedAverageNumberOfShareOutstandingBasicAndDiluted,SHARES_BASIC_DILUTED_COMBINED,shares,41890000.0,2018-01-01,2018-09-30,273,3,2018-11-05,10-Q,Q3,2018,,0001104659-18-065938,2018-11-05T13:53:13.000Z,10-Q,2018-11-05,True
1169988,"BOINGO WIRELESS, INC.",WeightedAverageNumberOfShareOutstandingBasicAndDiluted,SHARES_BASIC_DILUTED_COMBINED,shares,42377000.0,2018-07-01,2018-09-30,92,1,2018-11-05,10-Q,Q3,2018,,0001104659-18-065938,2018-11-05T13:53:13.000Z,10-Q,2018-11-05,True
1169988,"BOINGO WIRELESS, INC.",WeightedAverageNumberOfShareOutstandingBasicAndDiluted,SHARES_BASIC_DILUTED_COMBINED,shares,41890000.0,2018-01-01,2018-09-30,273,3,2019-11-08,10-Q,Q3,2019,,0001104659-19-061790,2019-11-08T17:29:23.000Z,10-Q,2019-11-08,True
1169988,"BOINGO WIRELESS, INC.",WeightedAverageNumberOfShareOutstandingBasicAndDiluted,SHARES_BASIC_DILUTED_COMBINED,shares,42377000.0,2018-07-01,2018-09-30,92,1,2019-11-08,10-Q,Q3,2019,CY2018Q3,0001104659-19-061790,2019-11-08T17:29:23.000Z,10-Q,2019-11-08,True
1169988,"BOINGO WIRELESS, INC.",WeightedAverageNumberOfShareOutstandingBasicAndDiluted,SHARES_BASIC_DILUTED_COMBINED,shares,42066000.0,2018-01-01,2018-12-31,365,4,2019-03-01,10-K,FY,2018,,0001047469-19-000834,2019-03-01T15:52:55.000Z,10-K,2019-03-01,True
1169988,"BOINGO WIRELESS, INC.",WeightedAverageNumberOfShareOutstandingBasicAndDiluted,SHARES_BASIC_DILUTED_COMBINED,shares,42066000.0,2018-01-01,2018-12-31,365,4,2020-03-02,10-K,FY,2019,,0001104659-20-027866,2020-03-02T16:08:12.000Z,10-K,2020-03-02,True
1169988,"BOINGO WIRELESS, INC.",WeightedAverageNumberOfShareOutstandingBasicAndDiluted,SHARES_BASIC_DILUTED_COMBINED,shares,42066000.0,2018-01-01,2018-12-31,365,4,2021-03-01,10-K,FY,2020,CY2018,0001558370-21-002183,2021-03-01T16:46:25.000Z,10-K,2021-03-01,True
1169988,"BOINGO WIRELESS, INC.",WeightedAverageNumberOfShareOutstandingBasicAndDiluted,SHARES_BASIC_DILUTED_COMBINED,shares,43527000.0,2019-01-01,2019-03-31,90,1,2019-05-10,10-Q,Q1,2019,,0001104659-19-028578,2019-05-10T15:11:26.000Z,10-Q,2019-05-10,True
1169988,"BOINGO WIRELESS, INC.",WeightedAverageNumberOfShareOutstandingBasicAndDiluted,SHARES_BASIC_DILUTED_COMBINED,shares,43527000.0,2019-01-01,2019-03-31,90,1,2020-05-08,10-Q,Q1,2020,CY2019Q1,0001104659-20-058607,2020-05-08T12:55:13.000Z,10-Q,2020-05-08,True
1169988,"BOINGO WIRELESS, INC.",WeightedAverageNumberOfShareOutstandingBasicAndDiluted,SHARES_BASIC_DILUTED_COMBINED,shares,43904000.0,2019-01-01,2019-09-30,273,3,2019-11-08,10-Q,Q3,2019,,0001104659-19-061790,2019-11-08T17:29:23.000Z,10-Q,2019-11-08,True
1169988,"BOINGO WIRELESS, INC.",WeightedAverageNumberOfShareOutstandingBasicAndDiluted,SHARES_BASIC_DILUTED_COMBINED,shares,44136000.0,2019-07-01,2019-09-30,92,1,2019-11-08,10-Q,Q3,2019,,0001104659-19-061790,2019-11-08T17:29:23.000Z,10-Q,2019-11-08,True
1169988,"BOINGO WIRELESS, INC.",WeightedAverageNumberOfShareOutstandingBasicAndDiluted,SHARES_BASIC_DILUTED_COMBINED,shares,43904000.0,2019-01-01,2019-09-30,273,3,2020-11-09,10-Q,Q3,2020,,0001104659-20-123115,2020-11-09T16:53:55.000Z,10-Q,2020-11-09,True
1169988,"BOINGO WIRELESS, INC.",WeightedAverageNumberOfShareOutstandingBasicAndDiluted,SHARES_BASIC_DILUTED_COMBINED,shares,44136000.0,2019-07-01,2019-09-30,92,1,2020-11-09,10-Q,Q3,2020,CY2019Q3,0001104659-20-123115,2020-11-09T16:53:55.000Z,10-Q,2020-11-09,True
1169988,"BOINGO WIRELESS, INC.",WeightedAverageNumberOfShareOutstandingBasicAndDiluted,SHARES_BASIC_DILUTED_COMBINED,shares,43977000.0,2019-01-01,2019-12-31,365,4,2020-03-02,10-K,FY,2019,,0001104659-20-027866,2020-03-02T16:08:12.000Z,10-K,2020-03-02,True
1169988,"BOINGO WIRELESS, INC.",WeightedAverageNumberOfShareOutstandingBasicAndDiluted,SHARES_BASIC_DILUTED_COMBINED,shares,43977000.0,2019-01-01,2019-12-31,365,4,2021-03-01,10-K,FY,2020,CY2019,0001558370-21-002183,2021-03-01T16:46:25.000Z,10-K,2021-03-01,True
1169988,"BOINGO WIRELESS, INC.",WeightedAverageNumberOfShareOutstandingBasicAndDiluted,SHARES_BASIC_DILUTED_COMBINED,shares,44272000.0,2020-01-01,2020-03-31,91,1,2020-05-08,10-Q,Q1,2020,,0001104659-20-058607,2020-05-08T12:55:13.000Z,10-Q,2020-05-08,True
1169988,"BOINGO WIRELESS, INC.",WeightedAverageNumberOfShareOutstandingBasicAndDiluted,SHARES_BASIC_DILUTED_COMBINED,shares,44272000.0,2020-01-01,2020-03-31,91,1,2021-05-10,10-Q,Q1,2021,CY2020Q1,0001558370-21-006692,2021-05-10T16:34:52.000Z,10-Q,2021-05-10,True
1169988,"BOINGO WIRELESS, INC.",WeightedAverageNumberOfShareOutstandingBasicAndDiluted,SHARES_BASIC_DILUTED_COMBINED,shares,44390000.0,2020-01-01,2020-09-30,274,3,2020-11-09,10-Q,Q3,2020,,0001104659-20-123115,2020-11-09T16:53:55.000Z,10-Q,2020-11-09,True
1169988,"BOINGO WIRELESS, INC.",WeightedAverageNumberOfShareOutstandingBasicAndDiluted,SHARES_BASIC_DILUTED_COMBINED,shares,44505000.0,2020-07-01,2020-09-30,92,1,2020-11-09,10-Q,Q3,2020,CY2020Q3,0001104659-20-123115,2020-11-09T16:53:55.000Z,10-Q,2020-11-09,True
1169988,"BOINGO WIRELESS, INC.",WeightedAverageNumberOfShareOutstandingBasicAndDiluted,SHARES_BASIC_DILUTED_COMBINED,shares,44440000.0,2020-01-01,2020-12-31,366,4,2021-03-01,10-K,FY,2020,CY2020,0001558370-21-002183,2021-03-01T16:46:25.000Z,10-K,2021-03-01,True
1169988,"BOINGO WIRELESS, INC.",WeightedAverageNumberOfShareOutstandingBasicAndDiluted,SHARES_BASIC_DILUTED_COMBINED,shares,44690000.0,2021-01-01,2021-03-31,90,1,2021-05-10,10-Q,Q1,2021,CY2021Q1,0001558370-21-006692,2021-05-10T16:34:52.000Z,10-Q,2021-05-10,True
1178879,"AMICUS THERAPEUTICS, INC.",NetCashProvidedByUsedInOperatingActivitiesContinuingOperations,CFO_CONTINUING,USD,-49844000.0,2017-01-01,2017-03-31,90,1,2017-05-09,10-Q,Q1,2017,CY2017Q1,0001104659-17-031006,2017-05-09T14:35:40.000Z,10-Q,2017-05-09,True
1178879,"AMICUS THERAPEUTICS, INC.",WeightedAverageNumberOfShareOutstandingBasicAndDiluted,SHARES_BASIC_DILUTED_COMBINED,shares,142770629.0,2017-01-01,2017-03-31,90,1,2017-05-09,10-Q,Q1,2017,,0001104659-17-031006,2017-05-09T14:35:40.000Z,10-Q,2017-05-09,True
1178879,"AMICUS THERAPEUTICS, INC.",WeightedAverageNumberOfShareOutstandingBasicAndDiluted,SHARES_BASIC_DILUTED_COMBINED,shares,142770629.0,2017-01-01,2017-03-31,90,1,2018-05-09,10-Q,Q1,2018,CY2017Q1,0001104659-18-031664,2018-05-09T18:31:03.000Z,10-Q,2018-05-09,True
1178879,"AMICUS THERAPEUTICS, INC.",WeightedAverageNumberOfShareOutstandingBasicAndDiluted,SHARES_BASIC_DILUTED_COMBINED,shares,142886614.0,2017-01-01,2017-06-30,181,2,2017-08-07,10-Q,Q2,2017,,0001104659-17-049797,2017-08-07T15:50:13.000Z,10-Q,2017-08-07,True
1178879,"AMICUS THERAPEUTICS, INC.",WeightedAverageNumberOfShareOutstandingBasicAndDiluted,SHARES_BASIC_DILUTED_COMBINED,shares,143000718.0,2017-04-01,2017-06-30,91,1,2017-08-07,10-Q,Q2,2017,,0001104659-17-049797,2017-08-07T15:50:13.000Z,10-Q,2017-08-07,True
1178879,"AMICUS THERAPEUTICS, INC.",WeightedAverageNumberOfShareOutstandingBasicAndDiluted,SHARES_BASIC_DILUTED_COMBINED,shares,142886614.0,2017-01-01,2017-06-30,181,2,2018-08-07,10-Q,Q2,2018,,0001178879-18-000009,2018-08-07T14:56:05.000Z,10-Q,2018-08-07,True
1178879,"AMICUS THERAPEUTICS, INC.",WeightedAverageNumberOfShareOutstandingBasicAndDiluted,SHARES_BASIC_DILUTED_COMBINED,shares,143000718.0,2017-04-01,2017-06-30,91,1,2018-08-07,10-Q,Q2,2018,CY2017Q2,0001178879-18-000009,2018-08-07T14:56:05.000Z,10-Q,2018-08-07,True
1178879,"AMICUS THERAPEUTICS, INC.",WeightedAverageNumberOfShareOutstandingBasicAndDiluted,SHARES_BASIC_DILUTED_COMBINED,shares,148963864.0,2017-01-01,2017-09-30,273,3,2017-11-08,10-Q,Q3,2017,,0001104659-17-066873,2017-11-08T16:06:24.000Z,10-Q,2017-11-08,True
1178879,"AMICUS THERAPEUTICS, INC.",WeightedAverageNumberOfShareOutstandingBasicAndDiluted,SHARES_BASIC_DILUTED_COMBINED,shares,160796841.0,2017-07-01,2017-09-30,92,1,2017-11-08,10-Q,Q3,2017,,0001104659-17-066873,2017-11-08T16:06:24.000Z,10-Q,2017-11-08,True
1178879,"AMICUS THERAPEUTICS, INC.",WeightedAverageNumberOfShareOutstandingBasicAndDiluted,SHARES_BASIC_DILUTED_COMBINED,shares,148963864.0,2017-01-01,2017-09-30,273,3,2018-11-05,10-Q,Q3,2018,,0001178879-18-000027,2018-11-05T19:56:36.000Z,10-Q,2018-11-05,True
1178879,"AMICUS THERAPEUTICS, INC.",WeightedAverageNumberOfShareOutstandingBasicAndDiluted,SHARES_BASIC_DILUTED_COMBINED,shares,160796841.0,2017-07-01,2017-09-30,92,1,2018-11-05,10-Q,Q3,2018,CY2017Q3,0001178879-18-000027,2018-11-05T19:56:36.000Z,10-Q,2018-11-05,True
1178879,"AMICUS THERAPEUTICS, INC.",WeightedAverageNumberOfShareOutstandingBasicAndDiluted,SHARES_BASIC_DILUTED_COMBINED,shares,153355144.0,2017-01-01,2017-12-31,365,4,2018-03-01,10-K,FY,2017,,0001047469-18-001199,2018-03-01T19:53:13.000Z,10-K,2018-03-01,True
1178879,"AMICUS THERAPEUTICS, INC.",WeightedAverageNumberOfShareOutstandingBasicAndDiluted,SHARES_BASIC_DILUTED_COMBINED,shares,153355144.0,2017-01-01,2017-12-31,365,4,2019-02-28,10-K,FY,2018,,0001178879-19-000024,2019-02-28T21:20:11.000Z,10-K,2019-02-28,True
1178879,"AMICUS THERAPEUTICS, INC.",WeightedAverageNumberOfShareOutstandingBasicAndDiluted,SHARES_BASIC_DILUTED_COMBINED,shares,153355144.0,2017-01-01,2017-12-31,365,4,2020-03-02,10-K,FY,2019,CY2017,0001178879-20-000015,2020-03-02T21:06:28.000Z,10-K,2020-03-02,True
1178879,"AMICUS THERAPEUTICS, INC.",WeightedAverageNumberOfShareOutstandingBasicAndDiluted,SHARES_BASIC_DILUTED_COMBINED,shares,175977700.0,2018-01-01,2018-03-31,90,1,2018-05-09,10-Q,Q1,2018,,0001104659-18-031664,2018-05-09T18:31:03.000Z,10-Q,2018-05-09,True
1178879,"AMICUS THERAPEUTICS, INC.",WeightedAverageNumberOfShareOutstandingBasicAndDiluted,SHARES_BASIC_DILUTED_COMBINED,shares,175977700.0,2018-01-01,2018-03-31,90,1,2019-05-09,10-Q,Q1,2019,CY2018Q1,0001178879-19-000039,2019-05-09T21:27:27.000Z,10-Q,2019-05-09,True
1178879,"AMICUS THERAPEUTICS, INC.",WeightedAverageNumberOfShareOutstandingBasicAndDiluted,SHARES_BASIC_DILUTED_COMBINED,shares,182303128.0,2018-01-01,2018-06-30,181,2,2018-08-07,10-Q,Q2,2018,,0001178879-18-000009,2018-08-07T14:56:05.000Z,10-Q,2018-08-07,True
1178879,"AMICUS THERAPEUTICS, INC.",WeightedAverageNumberOfShareOutstandingBasicAndDiluted,SHARES_BASIC_DILUTED_COMBINED,shares,188621423.0,2018-04-01,2018-06-30,91,1,2018-08-07,10-Q,Q2,2018,,0001178879-18-000009,2018-08-07T14:56:05.000Z,10-Q,2018-08-07,True
1178879,"AMICUS THERAPEUTICS, INC.",WeightedAverageNumberOfShareOutstandingBasicAndDiluted,SHARES_BASIC_DILUTED_COMBINED,shares,182303128.0,2018-01-01,2018-06-30,181,2,2019-08-08,10-Q,Q2,2019,,0001178879-19-000063,2019-08-08T20:17:47.000Z,10-Q,2019-08-08,True
1178879,"AMICUS THERAPEUTICS, INC.",WeightedAverageNumberOfShareOutstandingBasicAndDiluted,SHARES_BASIC_DILUTED_COMBINED,shares,188621423.0,2018-04-01,2018-06-30,91,1,2019-08-08,10-Q,Q2,2019,CY2018Q2,0001178879-19-000063,2019-08-08T20:17:47.000Z,10-Q,2019-08-08,True
1178879,"AMICUS THERAPEUTICS, INC.",WeightedAverageNumberOfShareOutstandingBasicAndDiluted,SHARES_BASIC_DILUTED_COMBINED,shares,184606790.0,2018-01-01,2018-09-30,273,3,2018-11-05,10-Q,Q3,2018,,0001178879-18-000027,2018-11-05T19:56:36.000Z,10-Q,2018-11-05,True
1178879,"AMICUS THERAPEUTICS, INC.",WeightedAverageNumberOfShareOutstandingBasicAndDiluted,SHARES_BASIC_DILUTED_COMBINED,shares,189162841.0,2018-07-01,2018-09-30,92,1,2018-11-05,10-Q,Q3,2018,,0001178879-18-000027,2018-11-05T19:56:36.000Z,10-Q,2018-11-05,True
1178879,"AMICUS THERAPEUTICS, INC.",WeightedAverageNumberOfShareOutstandingBasicAndDiluted,SHARES_BASIC_DILUTED_COMBINED,shares,184606790.0,2018-01-01,2018-09-30,273,3,2019-11-12,10-Q,Q3,2019,,0001178879-19-000065,2019-11-12T11:46:06.000Z,10-Q,2019-11-12,True
1178879,"AMICUS THERAPEUTICS, INC.",WeightedAverageNumberOfShareOutstandingBasicAndDiluted,SHARES_BASIC_DILUTED_COMBINED,shares,189162841.0,2018-07-01,2018-09-30,92,1,2019-11-12,10-Q,Q3,2019,CY2018Q3,0001178879-19-000065,2019-11-12T11:46:06.000Z,10-Q,2019-11-12,True
1178879,"AMICUS THERAPEUTICS, INC.",WeightedAverageNumberOfShareOutstandingBasicAndDiluted,SHARES_BASIC_DILUTED_COMBINED,shares,185790021.0,2018-01-01,2018-12-31,365,4,2019-02-28,10-K,FY,2018,,0001178879-19-000024,2019-02-28T21:20:11.000Z,10-K,2019-02-28,True
1178879,"AMICUS THERAPEUTICS, INC.",WeightedAverageNumberOfShareOutstandingBasicAndDiluted,SHARES_BASIC_DILUTED_COMBINED,shares,185790021.0,2018-01-01,2018-12-31,365,4,2020-03-02,10-K,FY,2019,,0001178879-20-000015,2020-03-02T21:06:28.000Z,10-K,2020-03-02,True
1178879,"AMICUS THERAPEUTICS, INC.",WeightedAverageNumberOfShareOutstandingBasicAndDiluted,SHARES_BASIC_DILUTED_COMBINED,shares,185790021.0,2018-01-01,2018-12-31,365,4,2021-03-01,10-K,FY,2020,CY2018,0001178879-21-000004,2021-03-01T21:21:38.000Z,10-K,2021-03-01,True
1178879,"AMICUS THERAPEUTICS, INC.",WeightedAverageNumberOfShareOutstandingBasicAndDiluted,SHARES_BASIC_DILUTED_COMBINED,shares,213519287.0,2019-01-01,2019-03-31,90,1,2019-05-09,10-Q,Q1,2019,,0001178879-19-000039,2019-05-09T21:27:27.000Z,10-Q,2019-05-09,True
1178879,"AMICUS THERAPEUTICS, INC.",WeightedAverageNumberOfShareOutstandingBasicAndDiluted,SHARES_BASIC_DILUTED_COMBINED,shares,213519287.0,2019-01-01,2019-03-31,90,1,2020-05-07,10-Q,Q1,2020,CY2019Q1,0001178879-20-000023,2020-05-07T20:30:37.000Z,10-Q,2020-05-07,True
1178879,"AMICUS THERAPEUTICS, INC.",WeightedAverageNumberOfShareOutstandingBasicAndDiluted,SHARES_BASIC_DILUTED_COMBINED,shares,225848013.0,2019-01-01,2019-06-30,181,2,2019-08-08,10-Q,Q2,2019,,0001178879-19-000063,2019-08-08T20:17:47.000Z,10-Q,2019-08-08,True
1178879,"AMICUS THERAPEUTICS, INC.",WeightedAverageNumberOfShareOutstandingBasicAndDiluted,SHARES_BASIC_DILUTED_COMBINED,shares,238089824.0,2019-04-01,2019-06-30,91,1,2019-08-08,10-Q,Q2,2019,,0001178879-19-000063,2019-08-08T20:17:47.000Z,10-Q,2019-08-08,True
1178879,"AMICUS THERAPEUTICS, INC.",WeightedAverageNumberOfShareOutstandingBasicAndDiluted,SHARES_BASIC_DILUTED_COMBINED,shares,225848013.0,2019-01-01,2019-06-30,181,2,2020-08-10,10-Q,Q2,2020,,0001178879-20-000033,2020-08-10T20:24:58.000Z,10-Q,2020-08-10,True
1178879,"AMICUS THERAPEUTICS, INC.",WeightedAverageNumberOfShareOutstandingBasicAndDiluted,SHARES_BASIC_DILUTED_COMBINED,shares,238089824.0,2019-04-01,2019-06-30,91,1,2020-08-10,10-Q,Q2,2020,CY2019Q2,0001178879-20-000033,2020-08-10T20:24:58.000Z,10-Q,2020-08-10,True
1178879,"AMICUS THERAPEUTICS, INC.",WeightedAverageNumberOfShareOutstandingBasicAndDiluted,SHARES_BASIC_DILUTED_COMBINED,shares,235527540.0,2019-01-01,2019-09-30,273,3,2019-11-12,10-Q,Q3,2019,,0001178879-19-000065,2019-11-12T11:46:06.000Z,10-Q,2019-11-12,True
1178879,"AMICUS THERAPEUTICS, INC.",WeightedAverageNumberOfShareOutstandingBasicAndDiluted,SHARES_BASIC_DILUTED_COMBINED,shares,254674422.0,2019-07-01,2019-09-30,92,1,2019-11-12,10-Q,Q3,2019,,0001178879-19-000065,2019-11-12T11:46:06.000Z,10-Q,2019-11-12,True
1178879,"AMICUS THERAPEUTICS, INC.",WeightedAverageNumberOfShareOutstandingBasicAndDiluted,SHARES_BASIC_DILUTED_COMBINED,shares,235527540.0,2019-01-01,2019-09-30,273,3,2020-11-05,10-Q,Q3,2020,,0001178879-20-000035,2020-11-05T21:05:39.000Z,10-Q,2020-11-05,True
1178879,"AMICUS THERAPEUTICS, INC.",WeightedAverageNumberOfShareOutstandingBasicAndDiluted,SHARES_BASIC_DILUTED_COMBINED,shares,254674422.0,2019-07-01,2019-09-30,92,1,2020-11-05,10-Q,Q3,2020,CY2019Q3,0001178879-20-000035,2020-11-05T21:05:39.000Z,10-Q,2020-11-05,True
1178879,"AMICUS THERAPEUTICS, INC.",WeightedAverageNumberOfShareOutstandingBasicAndDiluted,SHARES_BASIC_DILUTED_COMBINED,shares,240421001.0,2019-01-01,2019-12-31,365,4,2020-03-02,10-K,FY,2019,,0001178879-20-000015,2020-03-02T21:06:28.000Z,10-K,2020-03-02,True
1178879,"AMICUS THERAPEUTICS, INC.",WeightedAverageNumberOfShareOutstandingBasicAndDiluted,SHARES_BASIC_DILUTED_COMBINED,shares,240421001.0,2019-01-01,2019-12-31,365,4,2021-03-01,10-K,FY,2020,CY2019,0001178879-21-000004,2021-03-01T21:21:38.000Z,10-K,2021-03-01,True
1178879,"AMICUS THERAPEUTICS, INC.",WeightedAverageNumberOfShareOutstandingBasicAndDiluted,SHARES_BASIC_DILUTED_COMBINED,shares,256968248.0,2020-01-01,2020-03-31,91,1,2020-05-07,10-Q,Q1,2020,,0001178879-20-000023,2020-05-07T20:30:37.000Z,10-Q,2020-05-07,True
1178879,"AMICUS THERAPEUTICS, INC.",WeightedAverageNumberOfShareOutstandingBasicAndDiluted,SHARES_BASIC_DILUTED_COMBINED,shares,256968248.0,2020-01-01,2020-03-31,91,1,2021-05-10,10-Q,Q1,2021,CY2020Q1,0001178879-21-000006,2021-05-10T20:06:07.000Z,10-Q,2021-05-10,True
1178879,"AMICUS THERAPEUTICS, INC.",WeightedAverageNumberOfShareOutstandingBasicAndDiluted,SHARES_BASIC_DILUTED_COMBINED,shares,257548623.0,2020-01-01,2020-06-30,182,2,2020-08-10,10-Q,Q2,2020,,0001178879-20-000033,2020-08-10T20:24:58.000Z,10-Q,2020-08-10,True
1178879,"AMICUS THERAPEUTICS, INC.",WeightedAverageNumberOfShareOutstandingBasicAndDiluted,SHARES_BASIC_DILUTED_COMBINED,shares,257973329.0,2020-04-01,2020-06-30,91,1,2020-08-10,10-Q,Q2,2020,CY2020Q2,0001178879-20-000033,2020-08-10T20:24:58.000Z,10-Q,2020-08-10,True
1178879,"AMICUS THERAPEUTICS, INC.",WeightedAverageNumberOfShareOutstandingBasicAndDiluted,SHARES_BASIC_DILUTED_COMBINED,shares,258091170.0,2020-01-01,2020-09-30,274,3,2020-11-05,10-Q,Q3,2020,,0001178879-20-000035,2020-11-05T21:05:39.000Z,10-Q,2020-11-05,True
1178879,"AMICUS THERAPEUTICS, INC.",WeightedAverageNumberOfShareOutstandingBasicAndDiluted,SHARES_BASIC_DILUTED_COMBINED,shares,259161799.0,2020-07-01,2020-09-30,92,1,2020-11-05,10-Q,Q3,2020,CY2020Q3,0001178879-20-000035,2020-11-05T21:05:39.000Z,10-Q,2020-11-05,True
1178879,"AMICUS THERAPEUTICS, INC.",WeightedAverageNumberOfShareOutstandingBasicAndDiluted,SHARES_BASIC_DILUTED_COMBINED,shares,258867380.0,2020-01-01,2020-12-31,366,4,2021-03-01,10-K,FY,2020,CY2020,0001178879-21-000004,2021-03-01T21:21:38.000Z,10-K,2021-03-01,True
1178879,"AMICUS THERAPEUTICS, INC.",WeightedAverageNumberOfShareOutstandingBasicAndDiluted,SHARES_BASIC_DILUTED_COMBINED,shares,264369317.0,2021-01-01,2021-03-31,90,1,2021-05-10,10-Q,Q1,2021,CY2021Q1,0001178879-21-000006,2021-05-10T20:06:07.000Z,10-Q,2021-05-10,True
1255474,WHITING HOLDINGS LLC,NetCashProvidedByUsedInOperatingActivitiesContinuingOperations,CFO_CONTINUING,USD,80070000.0,2017-01-01,2017-03-31,90,1,2017-04-27,10-Q,Q1,2017,CY2017Q1,0001255474-17-000010,2017-04-27T16:02:04.000Z,10-Q,2017-04-27,True
1255474,WHITING HOLDINGS LLC,NetCashProvidedByUsedInOperatingActivitiesContinuingOperations,CFO_CONTINUING,USD,191063000.0,2017-01-01,2017-06-30,181,2,2017-07-27,10-Q,Q2,2017,,0001255474-17-000020,2017-07-27T16:14:51.000Z,10-Q,2017-07-27,True
1255474,WHITING HOLDINGS LLC,NetCashProvidedByUsedInOperatingActivitiesContinuingOperations,CFO_CONTINUING,USD,290406000.0,2017-01-01,2017-09-30,273,3,2017-10-26,10-Q,Q3,2017,,0001255474-17-000029,2017-10-26T16:13:14.000Z,10-Q,2017-10-26,True
1255474,WHITING HOLDINGS LLC,WeightedAverageNumberOfShareOutstandingBasicAndDiluted,SHARES_BASIC_DILUTED_COMBINED,shares,91409000.0,2020-01-01,2020-06-30,182,2,2021-08-04,10-Q,Q2,2021,,0001255474-21-000025,2021-08-04T16:49:28.000Z,10-Q,2021-08-04,True
1255474,WHITING HOLDINGS LLC,WeightedAverageNumberOfShareOutstandingBasicAndDiluted,SHARES_BASIC_DILUTED_COMBINED,shares,91429000.0,2020-04-01,2020-06-30,91,1,2021-08-04,10-Q,Q2,2021,CY2020Q2,0001255474-21-000025,2021-08-04T16:49:28.000Z,10-Q,2021-08-04,True
1255474,WHITING HOLDINGS LLC,WeightedAverageNumberOfShareOutstandingBasicAndDiluted,SHARES_BASIC_DILUTED_COMBINED,shares,38883000.0,2021-01-01,2021-06-30,181,2,2021-08-04,10-Q,Q2,2021,,0001255474-21-000025,2021-08-04T16:49:28.000Z,10-Q,2021-08-04,True
1255474,WHITING HOLDINGS LLC,WeightedAverageNumberOfShareOutstandingBasicAndDiluted,SHARES_BASIC_DILUTED_COMBINED,shares,39067000.0,2021-04-01,2021-06-30,91,1,2021-08-04,10-Q,Q2,2021,CY2021Q2,0001255474-21-000025,2021-08-04T16:49:28.000Z,10-Q,2021-08-04,True
1271214,"Intersect ENT, Inc.",NetCashProvidedByUsedInOperatingActivitiesContinuingOperations,CFO_CONTINUING,USD,-5264000.0,2017-01-01,2017-03-31,90,1,2017-05-05,10-Q,Q1,2017,,0001193125-17-160794,2017-05-05T16:04:55.000Z,10-Q,2017-05-05,True
1271214,"Intersect ENT, Inc.",NetCashProvidedByUsedInOperatingActivitiesContinuingOperations,CFO_CONTINUING,USD,-5264000.0,2017-01-01,2017-03-31,90,1,2018-05-03,10-Q,Q1,2018,CY2017Q1,0001193125-18-150793,2018-05-03T16:06:47.000Z,10-Q,2018-05-03,True
1271214,"Intersect ENT, Inc.",NetCashProvidedByUsedInOperatingActivitiesContinuingOperations,CFO_CONTINUING,USD,-5837000.0,2017-01-01,2017-06-30,181,2,2017-08-04,10-Q,Q2,2017,,0001193125-17-248755,2017-08-04T16:14:53.000Z,10-Q,2017-08-04,True
1271214,"Intersect ENT, Inc.",NetCashProvidedByUsedInOperatingActivitiesContinuingOperations,CFO_CONTINUING,USD,-5306000.0,2017-01-01,2017-09-30,273,3,2017-11-06,10-Q,Q3,2017,,0001193125-17-334283,2017-11-06T16:14:59.000Z,10-Q,2017-11-06,True
1271214,"Intersect ENT, Inc.",NetCashProvidedByUsedInOperatingActivitiesContinuingOperations,CFO_CONTINUING,USD,-8041000.0,2017-01-01,2017-12-31,365,4,2018-02-28,10-K,FY,2017,CY2017,0001193125-18-063953,2018-02-28T16:07:41.000Z,10-K,2018-02-28,True
1271214,"Intersect ENT, Inc.",NetCashProvidedByUsedInOperatingActivitiesContinuingOperations,CFO_CONTINUING,USD,-3620000.0,2018-01-01,2018-03-31,90,1,2018-05-03,10-Q,Q1,2018,CY2018Q1,0001193125-18-150793,2018-05-03T16:06:47.000Z,10-Q,2018-05-03,True
1271214,"Intersect ENT, Inc.",WeightedAverageNumberOfShareOutstandingBasicAndDiluted,SHARES_BASIC_DILUTED_COMBINED,shares,28708000.0,2017-01-01,2017-03-31,90,1,2017-05-05,10-Q,Q1,2017,,0001193125-17-160794,2017-05-05T16:04:55.000Z,10-Q,2017-05-05,True
1271214,"Intersect ENT, Inc.",WeightedAverageNumberOfShareOutstandingBasicAndDiluted,SHARES_BASIC_DILUTED_COMBINED,shares,28708000.0,2017-01-01,2017-03-31,90,1,2018-02-28,10-K,FY,2017,,0001193125-18-063953,2018-02-28T16:07:41.000Z,10-K,2018-02-28,True
1271214,"Intersect ENT, Inc.",WeightedAverageNumberOfShareOutstandingBasicAndDiluted,SHARES_BASIC_DILUTED_COMBINED,shares,28708000.0,2017-01-01,2017-03-31,90,1,2018-05-03,10-Q,Q1,2018,,0001193125-18-150793,2018-05-03T16:06:47.000Z,10-Q,2018-05-03,True
1271214,"Intersect ENT, Inc.",WeightedAverageNumberOfShareOutstandingBasicAndDiluted,SHARES_BASIC_DILUTED_COMBINED,shares,28708000.0,2017-01-01,2017-03-31,90,1,2019-02-28,10-K,FY,2018,CY2017Q1,0001193125-19-057406,2019-02-28T16:07:08.000Z,10-K,2019-02-28,True
1271214,"Intersect ENT, Inc.",WeightedAverageNumberOfShareOutstandingBasicAndDiluted,SHARES_BASIC_DILUTED_COMBINED,shares,28830000.0,2017-01-01,2017-06-30,181,2,2017-08-04,10-Q,Q2,2017,,0001193125-17-248755,2017-08-04T16:14:53.000Z,10-Q,2017-08-04,True
1271214,"Intersect ENT, Inc.",WeightedAverageNumberOfShareOutstandingBasicAndDiluted,SHARES_BASIC_DILUTED_COMBINED,shares,28950000.0,2017-04-01,2017-06-30,91,1,2017-08-04,10-Q,Q2,2017,,0001193125-17-248755,2017-08-04T16:14:53.000Z,10-Q,2017-08-04,True
1271214,"Intersect ENT, Inc.",WeightedAverageNumberOfShareOutstandingBasicAndDiluted,SHARES_BASIC_DILUTED_COMBINED,shares,28950000.0,2017-04-01,2017-06-30,91,1,2018-02-28,10-K,FY,2017,,0001193125-18-063953,2018-02-28T16:07:41.000Z,10-K,2018-02-28,True
1271214,"Intersect ENT, Inc.",WeightedAverageNumberOfShareOutstandingBasicAndDiluted,SHARES_BASIC_DILUTED_COMBINED,shares,28830000.0,2017-01-01,2017-06-30,181,2,2018-08-03,10-Q,Q2,2018,,0001193125-18-238249,2018-08-03T16:07:14.000Z,10-Q,2018-08-03,True
1271214,"Intersect ENT, Inc.",WeightedAverageNumberOfShareOutstandingBasicAndDiluted,SHARES_BASIC_DILUTED_COMBINED,shares,28950000.0,2017-04-01,2017-06-30,91,1,2018-08-03,10-Q,Q2,2018,,0001193125-18-238249,2018-08-03T16:07:14.000Z,10-Q,2018-08-03,True
1271214,"Intersect ENT, Inc.",WeightedAverageNumberOfShareOutstandingBasicAndDiluted,SHARES_BASIC_DILUTED_COMBINED,shares,28950000.0,2017-04-01,2017-06-30,91,1,2019-02-28,10-K,FY,2018,CY2017Q2,0001193125-19-057406,2019-02-28T16:07:08.000Z,10-K,2019-02-28,True
1271214,"Intersect ENT, Inc.",WeightedAverageNumberOfShareOutstandingBasicAndDiluted,SHARES_BASIC_DILUTED_COMBINED,shares,28978000.0,2017-01-01,2017-09-30,273,3,2017-11-06,10-Q,Q3,2017,,0001193125-17-334283,2017-11-06T16:14:59.000Z,10-Q,2017-11-06,True
1271214,"Intersect ENT, Inc.",WeightedAverageNumberOfShareOutstandingBasicAndDiluted,SHARES_BASIC_DILUTED_COMBINED,shares,29269000.0,2017-07-01,2017-09-30,92,1,2017-11-06,10-Q,Q3,2017,,0001193125-17-334283,2017-11-06T16:14:59.000Z,10-Q,2017-11-06,True
1271214,"Intersect ENT, Inc.",WeightedAverageNumberOfShareOutstandingBasicAndDiluted,SHARES_BASIC_DILUTED_COMBINED,shares,29269000.0,2017-07-01,2017-09-30,92,1,2018-02-28,10-K,FY,2017,,0001193125-18-063953,2018-02-28T16:07:41.000Z,10-K,2018-02-28,True
1271214,"Intersect ENT, Inc.",WeightedAverageNumberOfShareOutstandingBasicAndDiluted,SHARES_BASIC_DILUTED_COMBINED,shares,28978000.0,2017-01-01,2017-09-30,273,3,2018-11-05,10-Q,Q3,2018,,0001193125-18-318364,2018-11-05T16:07:53.000Z,10-Q,2018-11-05,True
1271214,"Intersect ENT, Inc.",WeightedAverageNumberOfShareOutstandingBasicAndDiluted,SHARES_BASIC_DILUTED_COMBINED,shares,29269000.0,2017-07-01,2017-09-30,92,1,2018-11-05,10-Q,Q3,2018,,0001193125-18-318364,2018-11-05T16:07:53.000Z,10-Q,2018-11-05,True
1271214,"Intersect ENT, Inc.",WeightedAverageNumberOfShareOutstandingBasicAndDiluted,SHARES_BASIC_DILUTED_COMBINED,shares,29269000.0,2017-07-01,2017-09-30,92,1,2019-02-28,10-K,FY,2018,CY2017Q3,0001193125-19-057406,2019-02-28T16:07:08.000Z,10-K,2019-02-28,True
1271214,"Intersect ENT, Inc.",WeightedAverageNumberOfShareOutstandingBasicAndDiluted,SHARES_BASIC_DILUTED_COMBINED,shares,29119000.0,2017-01-01,2017-12-31,365,4,2018-02-28,10-K,FY,2017,,0001193125-18-063953,2018-02-28T16:07:41.000Z,10-K,2018-02-28,True
1271214,"Intersect ENT, Inc.",WeightedAverageNumberOfShareOutstandingBasicAndDiluted,SHARES_BASIC_DILUTED_COMBINED,shares,29538000.0,2017-10-01,2017-12-31,92,1,2018-02-28,10-K,FY,2017,,0001193125-18-063953,2018-02-28T16:07:41.000Z,10-K,2018-02-28,True
1271214,"Intersect ENT, Inc.",WeightedAverageNumberOfShareOutstandingBasicAndDiluted,SHARES_BASIC_DILUTED_COMBINED,shares,29119000.0,2017-01-01,2017-12-31,365,4,2019-02-28,10-K,FY,2018,,0001193125-19-057406,2019-02-28T16:07:08.000Z,10-K,2019-02-28,True
1271214,"Intersect ENT, Inc.",WeightedAverageNumberOfShareOutstandingBasicAndDiluted,SHARES_BASIC_DILUTED_COMBINED,shares,29538000.0,2017-10-01,2017-12-31,92,1,2019-02-28,10-K,FY,2018,CY2017Q4,0001193125-19-057406,2019-02-28T16:07:08.000Z,10-K,2019-02-28,True
1271214,"Intersect ENT, Inc.",WeightedAverageNumberOfShareOutstandingBasicAndDiluted,SHARES_BASIC_DILUTED_COMBINED,shares,29119000.0,2017-01-01,2017-12-31,365,4,2020-02-27,10-K,FY,2019,CY2017,0001193125-20-052620,2020-02-27T16:03:27.000Z,10-K,2020-02-27,True
1271214,"Intersect ENT, Inc.",WeightedAverageNumberOfShareOutstandingBasicAndDiluted,SHARES_BASIC_DILUTED_COMBINED,shares,29878000.0,2018-01-01,2018-03-31,90,1,2018-05-03,10-Q,Q1,2018,,0001193125-18-150793,2018-05-03T16:06:47.000Z,10-Q,2018-05-03,True
1271214,"Intersect ENT, Inc.",WeightedAverageNumberOfShareOutstandingBasicAndDiluted,SHARES_BASIC_DILUTED_COMBINED,shares,29878000.0,2018-01-01,2018-03-31,90,1,2019-02-28,10-K,FY,2018,,0001193125-19-057406,2019-02-28T16:07:08.000Z,10-K,2019-02-28,True
1271214,"Intersect ENT, Inc.",WeightedAverageNumberOfShareOutstandingBasicAndDiluted,SHARES_BASIC_DILUTED_COMBINED,shares,29878000.0,2018-01-01,2018-03-31,90,1,2019-05-07,10-Q,Q1,2019,,0001193125-19-139835,2019-05-07T17:08:53.000Z,10-Q,2019-05-07,True
1271214,"Intersect ENT, Inc.",WeightedAverageNumberOfShareOutstandingBasicAndDiluted,SHARES_BASIC_DILUTED_COMBINED,shares,29878000.0,2018-01-01,2018-03-31,90,1,2020-02-27,10-K,FY,2019,CY2018Q1,0001193125-20-052620,2020-02-27T16:03:27.000Z,10-K,2020-02-27,True
1271214,"Intersect ENT, Inc.",WeightedAverageNumberOfShareOutstandingBasicAndDiluted,SHARES_BASIC_DILUTED_COMBINED,shares,30072000.0,2018-01-01,2018-06-30,181,2,2018-08-03,10-Q,Q2,2018,,0001193125-18-238249,2018-08-03T16:07:14.000Z,10-Q,2018-08-03,True
1271214,"Intersect ENT, Inc.",WeightedAverageNumberOfShareOutstandingBasicAndDiluted,SHARES_BASIC_DILUTED_COMBINED,shares,30264000.0,2018-04-01,2018-06-30,91,1,2018-08-03,10-Q,Q2,2018,,0001193125-18-238249,2018-08-03T16:07:14.000Z,10-Q,2018-08-03,True
1271214,"Intersect ENT, Inc.",WeightedAverageNumberOfShareOutstandingBasicAndDiluted,SHARES_BASIC_DILUTED_COMBINED,shares,30264000.0,2018-04-01,2018-06-30,91,1,2019-02-28,10-K,FY,2018,,0001193125-19-057406,2019-02-28T16:07:08.000Z,10-K,2019-02-28,True
1271214,"Intersect ENT, Inc.",WeightedAverageNumberOfShareOutstandingBasicAndDiluted,SHARES_BASIC_DILUTED_COMBINED,shares,30072000.0,2018-01-01,2018-06-30,181,2,2019-08-05,10-Q,Q2,2019,,0001193125-19-213021,2019-08-05T16:43:09.000Z,10-Q,2019-08-05,True
1271214,"Intersect ENT, Inc.",WeightedAverageNumberOfShareOutstandingBasicAndDiluted,SHARES_BASIC_DILUTED_COMBINED,shares,30264000.0,2018-04-01,2018-06-30,91,1,2019-08-05,10-Q,Q2,2019,,0001193125-19-213021,2019-08-05T16:43:09.000Z,10-Q,2019-08-05,True
1271214,"Intersect ENT, Inc.",WeightedAverageNumberOfShareOutstandingBasicAndDiluted,SHARES_BASIC_DILUTED_COMBINED,shares,30264000.0,2018-04-01,2018-06-30,91,1,2020-02-27,10-K,FY,2019,CY2018Q2,0001193125-20-052620,2020-02-27T16:03:27.000Z,10-K,2020-02-27,True
1271214,"Intersect ENT, Inc.",WeightedAverageNumberOfShareOutstandingBasicAndDiluted,SHARES_BASIC_DILUTED_COMBINED,shares,30208000.0,2018-01-01,2018-09-30,273,3,2018-11-05,10-Q,Q3,2018,,0001193125-18-318364,2018-11-05T16:07:53.000Z,10-Q,2018-11-05,True
1271214,"Intersect ENT, Inc.",WeightedAverageNumberOfShareOutstandingBasicAndDiluted,SHARES_BASIC_DILUTED_COMBINED,shares,30475000.0,2018-07-01,2018-09-30,92,1,2018-11-05,10-Q,Q3,2018,,0001193125-18-318364,2018-11-05T16:07:53.000Z,10-Q,2018-11-05,True
1271214,"Intersect ENT, Inc.",WeightedAverageNumberOfShareOutstandingBasicAndDiluted,SHARES_BASIC_DILUTED_COMBINED,shares,30475000.0,2018-07-01,2018-09-30,92,1,2019-02-28,10-K,FY,2018,,0001193125-19-057406,2019-02-28T16:07:08.000Z,10-K,2019-02-28,True
1271214,"Intersect ENT, Inc.",WeightedAverageNumberOfShareOutstandingBasicAndDiluted,SHARES_BASIC_DILUTED_COMBINED,shares,30208000.0,2018-01-01,2018-09-30,273,3,2019-11-05,10-Q,Q3,2019,,0001193125-19-284818,2019-11-05T17:03:05.000Z,10-Q,2019-11-05,True
1271214,"Intersect ENT, Inc.",WeightedAverageNumberOfShareOutstandingBasicAndDiluted,SHARES_BASIC_DILUTED_COMBINED,shares,30475000.0,2018-07-01,2018-09-30,92,1,2019-11-05,10-Q,Q3,2019,,0001193125-19-284818,2019-11-05T17:03:05.000Z,10-Q,2019-11-05,True
1271214,"Intersect ENT, Inc.",WeightedAverageNumberOfShareOutstandingBasicAndDiluted,SHARES_BASIC_DILUTED_COMBINED,shares,30475000.0,2018-07-01,2018-09-30,92,1,2020-02-27,10-K,FY,2019,CY2018Q3,0001193125-20-052620,2020-02-27T16:03:27.000Z,10-K,2020-02-27,True
1271214,"Intersect ENT, Inc.",WeightedAverageNumberOfShareOutstandingBasicAndDiluted,SHARES_BASIC_DILUTED_COMBINED,shares,30313000.0,2018-01-01,2018-12-31,365,4,2019-02-28,10-K,FY,2018,,0001193125-19-057406,2019-02-28T16:07:08.000Z,10-K,2019-02-28,True
1271214,"Intersect ENT, Inc.",WeightedAverageNumberOfShareOutstandingBasicAndDiluted,SHARES_BASIC_DILUTED_COMBINED,shares,30624000.0,2018-10-01,2018-12-31,92,1,2019-02-28,10-K,FY,2018,,0001193125-19-057406,2019-02-28T16:07:08.000Z,10-K,2019-02-28,True
1271214,"Intersect ENT, Inc.",WeightedAverageNumberOfShareOutstandingBasicAndDiluted,SHARES_BASIC_DILUTED_COMBINED,shares,30313000.0,2018-01-01,2018-12-31,365,4,2020-02-27,10-K,FY,2019,,0001193125-20-052620,2020-02-27T16:03:27.000Z,10-K,2020-02-27,True
1271214,"Intersect ENT, Inc.",WeightedAverageNumberOfShareOutstandingBasicAndDiluted,SHARES_BASIC_DILUTED_COMBINED,shares,30624000.0,2018-10-01,2018-12-31,92,1,2020-02-27,10-K,FY,2019,CY2018Q4,0001193125-20-052620,2020-02-27T16:03:27.000Z,10-K,2020-02-27,True
1271214,"Intersect ENT, Inc.",WeightedAverageNumberOfShareOutstandingBasicAndDiluted,SHARES_BASIC_DILUTED_COMBINED,shares,30313000.0,2018-01-01,2018-12-31,365,4,2021-03-09,10-K,FY,2020,CY2018,0001271214-21-000017,2021-03-09T16:02:09.000Z,10-K,2021-03-09,True
1271214,"Intersect ENT, Inc.",WeightedAverageNumberOfShareOutstandingBasicAndDiluted,SHARES_BASIC_DILUTED_COMBINED,shares,30918000.0,2019-01-01,2019-03-31,90,1,2019-05-07,10-Q,Q1,2019,,0001193125-19-139835,2019-05-07T17:08:53.000Z,10-Q,2019-05-07,True
1271214,"Intersect ENT, Inc.",WeightedAverageNumberOfShareOutstandingBasicAndDiluted,SHARES_BASIC_DILUTED_COMBINED,shares,30918000.0,2019-01-01,2019-03-31,90,1,2020-02-27,10-K,FY,2019,,0001193125-20-052620,2020-02-27T16:03:27.000Z,10-K,2020-02-27,True
1271214,"Intersect ENT, Inc.",WeightedAverageNumberOfShareOutstandingBasicAndDiluted,SHARES_BASIC_DILUTED_COMBINED,shares,30918000.0,2019-01-01,2019-03-31,90,1,2020-05-11,10-Q,Q1,2020,CY2019Q1,0001193125-20-138407,2020-05-11T09:28:39.000Z,10-Q,2020-05-11,True
1271214,"Intersect ENT, Inc.",WeightedAverageNumberOfShareOutstandingBasicAndDiluted,SHARES_BASIC_DILUTED_COMBINED,shares,31141000.0,2019-01-01,2019-06-30,181,2,2019-08-05,10-Q,Q2,2019,,0001193125-19-213021,2019-08-05T16:43:09.000Z,10-Q,2019-08-05,True
1271214,"Intersect ENT, Inc.",WeightedAverageNumberOfShareOutstandingBasicAndDiluted,SHARES_BASIC_DILUTED_COMBINED,shares,31362000.0,2019-04-01,2019-06-30,91,1,2019-08-05,10-Q,Q2,2019,,0001193125-19-213021,2019-08-05T16:43:09.000Z,10-Q,2019-08-05,True
1271214,"Intersect ENT, Inc.",WeightedAverageNumberOfShareOutstandingBasicAndDiluted,SHARES_BASIC_DILUTED_COMBINED,shares,31362000.0,2019-04-01,2019-06-30,91,1,2020-02-27,10-K,FY,2019,,0001193125-20-052620,2020-02-27T16:03:27.000Z,10-K,2020-02-27,True
1271214,"Intersect ENT, Inc.",WeightedAverageNumberOfShareOutstandingBasicAndDiluted,SHARES_BASIC_DILUTED_COMBINED,shares,31141000.0,2019-01-01,2019-06-30,181,2,2020-08-05,10-Q,Q2,2020,,0001193125-20-210625,2020-08-05T16:04:22.000Z,10-Q,2020-08-05,True
1271214,"Intersect ENT, Inc.",WeightedAverageNumberOfShareOutstandingBasicAndDiluted,SHARES_BASIC_DILUTED_COMBINED,shares,31362000.0,2019-04-01,2019-06-30,91,1,2020-08-05,10-Q,Q2,2020,CY2019Q2,0001193125-20-210625,2020-08-05T16:04:22.000Z,10-Q,2020-08-05,True
1271214,"Intersect ENT, Inc.",WeightedAverageNumberOfShareOutstandingBasicAndDiluted,SHARES_BASIC_DILUTED_COMBINED,shares,31256000.0,2019-01-01,2019-09-30,273,3,2019-11-05,10-Q,Q3,2019,,0001193125-19-284818,2019-11-05T17:03:05.000Z,10-Q,2019-11-05,True
1271214,"Intersect ENT, Inc.",WeightedAverageNumberOfShareOutstandingBasicAndDiluted,SHARES_BASIC_DILUTED_COMBINED,shares,31483000.0,2019-07-01,2019-09-30,92,1,2019-11-05,10-Q,Q3,2019,,0001193125-19-284818,2019-11-05T17:03:05.000Z,10-Q,2019-11-05,True
1271214,"Intersect ENT, Inc.",WeightedAverageNumberOfShareOutstandingBasicAndDiluted,SHARES_BASIC_DILUTED_COMBINED,shares,31483000.0,2019-07-01,2019-09-30,92,1,2020-02-27,10-K,FY,2019,,0001193125-20-052620,2020-02-27T16:03:27.000Z,10-K,2020-02-27,True
1271214,"Intersect ENT, Inc.",WeightedAverageNumberOfShareOutstandingBasicAndDiluted,SHARES_BASIC_DILUTED_COMBINED,shares,31256000.0,2019-01-01,2019-09-30,273,3,2020-11-02,10-Q,Q3,2020,,0001271214-20-000011,2020-11-02T16:07:20.000Z,10-Q,2020-11-02,True
1271214,"Intersect ENT, Inc.",WeightedAverageNumberOfShareOutstandingBasicAndDiluted,SHARES_BASIC_DILUTED_COMBINED,shares,31483000.0,2019-07-01,2019-09-30,92,1,2020-11-02,10-Q,Q3,2020,CY2019Q3,0001271214-20-000011,2020-11-02T16:07:20.000Z,10-Q,2020-11-02,True
1271214,"Intersect ENT, Inc.",WeightedAverageNumberOfShareOutstandingBasicAndDiluted,SHARES_BASIC_DILUTED_COMBINED,shares,31388000.0,2019-01-01,2019-12-31,365,4,2020-02-27,10-K,FY,2019,,0001193125-20-052620,2020-02-27T16:03:27.000Z,10-K,2020-02-27,True
1271214,"Intersect ENT, Inc.",WeightedAverageNumberOfShareOutstandingBasicAndDiluted,SHARES_BASIC_DILUTED_COMBINED,shares,31778000.0,2019-10-01,2019-12-31,92,1,2020-02-27,10-K,FY,2019,CY2019Q4,0001193125-20-052620,2020-02-27T16:03:27.000Z,10-K,2020-02-27,True
1271214,"Intersect ENT, Inc.",WeightedAverageNumberOfShareOutstandingBasicAndDiluted,SHARES_BASIC_DILUTED_COMBINED,shares,31388000.0,2019-01-01,2019-12-31,365,4,2021-03-09,10-K,FY,2020,,0001271214-21-000017,2021-03-09T16:02:09.000Z,10-K,2021-03-09,True
1271214,"Intersect ENT, Inc.",WeightedAverageNumberOfShareOutstandingBasicAndDiluted,SHARES_BASIC_DILUTED_COMBINED,shares,31388000.0,2019-01-01,2019-12-31,365,4,2022-03-08,10-K,FY,2021,CY2019,0001271214-22-000006,2022-03-08T16:02:44.000Z,10-K,2022-03-08,True
1271214,"Intersect ENT, Inc.",WeightedAverageNumberOfShareOutstandingBasicAndDiluted,SHARES_BASIC_DILUTED_COMBINED,shares,32365000.0,2020-01-01,2020-03-31,91,1,2020-05-11,10-Q,Q1,2020,,0001193125-20-138407,2020-05-11T09:28:39.000Z,10-Q,2020-05-11,True
1271214,"Intersect ENT, Inc.",WeightedAverageNumberOfShareOutstandingBasicAndDiluted,SHARES_BASIC_DILUTED_COMBINED,shares,32365000.0,2020-01-01,2020-03-31,91,1,2021-05-10,10-Q,Q1,2021,CY2020Q1,0001271214-21-000036,2021-05-10T16:03:38.000Z,10-Q,2021-05-10,True
1271214,"Intersect ENT, Inc.",WeightedAverageNumberOfShareOutstandingBasicAndDiluted,SHARES_BASIC_DILUTED_COMBINED,shares,32480000.0,2020-01-01,2020-06-30,182,2,2020-08-05,10-Q,Q2,2020,,0001193125-20-210625,2020-08-05T16:04:22.000Z,10-Q,2020-08-05,True
1271214,"Intersect ENT, Inc.",WeightedAverageNumberOfShareOutstandingBasicAndDiluted,SHARES_BASIC_DILUTED_COMBINED,shares,32595000.0,2020-04-01,2020-06-30,91,1,2020-08-05,10-Q,Q2,2020,CY2020Q2,0001193125-20-210625,2020-08-05T16:04:22.000Z,10-Q,2020-08-05,True
1271214,"Intersect ENT, Inc.",WeightedAverageNumberOfShareOutstandingBasicAndDiluted,SHARES_BASIC_DILUTED_COMBINED,shares,32552000.0,2020-01-01,2020-09-30,274,3,2020-11-02,10-Q,Q3,2020,,0001271214-20-000011,2020-11-02T16:07:20.000Z,10-Q,2020-11-02,True
1271214,"Intersect ENT, Inc.",WeightedAverageNumberOfShareOutstandingBasicAndDiluted,SHARES_BASIC_DILUTED_COMBINED,shares,32695000.0,2020-07-01,2020-09-30,92,1,2020-11-02,10-Q,Q3,2020,CY2020Q3,0001271214-20-000011,2020-11-02T16:07:20.000Z,10-Q,2020-11-02,True
1271214,"Intersect ENT, Inc.",WeightedAverageNumberOfShareOutstandingBasicAndDiluted,SHARES_BASIC_DILUTED_COMBINED,shares,32615000.0,2020-01-01,2020-12-31,366,4,2021-03-09,10-K,FY,2020,,0001271214-21-000017,2021-03-09T16:02:09.000Z,10-K,2021-03-09,True
1271214,"Intersect ENT, Inc.",WeightedAverageNumberOfShareOutstandingBasicAndDiluted,SHARES_BASIC_DILUTED_COMBINED,shares,32615000.0,2020-01-01,2020-12-31,366,4,2022-03-08,10-K,FY,2021,CY2020,0001271214-22-000006,2022-03-08T16:02:44.000Z,10-K,2022-03-08,True
1271214,"Intersect ENT, Inc.",WeightedAverageNumberOfShareOutstandingBasicAndDiluted,SHARES_BASIC_DILUTED_COMBINED,shares,33022000.0,2021-01-01,2021-03-31,90,1,2021-05-10,10-Q,Q1,2021,CY2021Q1,0001271214-21-000036,2021-05-10T16:03:38.000Z,10-Q,2021-05-10,True
1271214,"Intersect ENT, Inc.",WeightedAverageNumberOfShareOutstandingBasicAndDiluted,SHARES_BASIC_DILUTED_COMBINED,shares,33272000.0,2021-01-01,2021-12-31,365,4,2022-03-08,10-K,FY,2021,CY2021,0001271214-22-000006,2022-03-08T16:02:44.000Z,10-K,2022-03-08,True
1303313,"LHC Group, Inc.",NetCashProvidedByUsedInOperatingActivitiesContinuingOperations,CFO_CONTINUING,USD,34631000.0,2017-01-01,2017-03-31,90,1,2017-05-04,10-Q,Q1,2017,,0001303313-17-000038,2017-05-04T16:02:47.000Z,10-Q,2017-05-04,True
1303313,"LHC Group, Inc.",NetCashProvidedByUsedInOperatingActivitiesContinuingOperations,CFO_CONTINUING,USD,34631000.0,2017-01-01,2017-03-31,90,1,2018-05-03,10-Q,Q1,2018,CY2017Q1,0001303313-18-000033,2018-05-03T16:11:38.000Z,10-Q,2018-05-03,True
1303313,"LHC Group, Inc.",NetCashProvidedByUsedInOperatingActivitiesContinuingOperations,CFO_CONTINUING,USD,42776000.0,2017-01-01,2017-06-30,181,2,2017-08-03,10-Q,Q2,2017,,0001303313-17-000055,2017-08-03T16:00:26.000Z,10-Q,2017-08-03,True
1303313,"LHC Group, Inc.",NetCashProvidedByUsedInOperatingActivitiesContinuingOperations,CFO_CONTINUING,USD,42776000.0,2017-01-01,2017-06-30,181,2,2018-08-02,10-Q,Q2,2018,,0001303313-18-000059,2018-08-02T15:24:22.000Z,10-Q,2018-08-02,True
1303313,"LHC Group, Inc.",NetCashProvidedByUsedInOperatingActivitiesContinuingOperations,CFO_CONTINUING,USD,61695000.0,2017-01-01,2017-09-30,273,3,2017-11-06,10-Q,Q3,2017,,0001303313-17-000062,2017-11-06T17:24:41.000Z,10-Q,2017-11-06,True
1303313,"LHC Group, Inc.",NetCashProvidedByUsedInOperatingActivitiesContinuingOperations,CFO_CONTINUING,USD,61695000.0,2017-01-01,2017-09-30,273,3,2018-11-01,10-Q,Q3,2018,,0001303313-18-000078,2018-11-01T15:54:36.000Z,10-Q,2018-11-01,True
1303313,"LHC Group, Inc.",NetCashProvidedByUsedInOperatingActivitiesContinuingOperations,CFO_CONTINUING,USD,33835000.0,2018-01-01,2018-03-31,90,1,2018-05-03,10-Q,Q1,2018,,0001303313-18-000033,2018-05-03T16:11:38.000Z,10-Q,2018-05-03,True
1303313,"LHC Group, Inc.",NetCashProvidedByUsedInOperatingActivitiesContinuingOperations,CFO_CONTINUING,USD,33835000.0,2018-01-01,2018-03-31,90,1,2019-05-09,10-Q,Q1,2019,CY2018Q1,0001303313-19-000054,2019-05-09T16:24:22.000Z,10-Q,2019-05-09,True
1303313,"LHC Group, Inc.",NetCashProvidedByUsedInOperatingActivitiesContinuingOperations,CFO_CONTINUING,USD,29698000.0,2018-01-01,2018-06-30,181,2,2018-08-02,10-Q,Q2,2018,,0001303313-18-000059,2018-08-02T15:24:22.000Z,10-Q,2018-08-02,True
1303313,"LHC Group, Inc.",NetCashProvidedByUsedInOperatingActivitiesContinuingOperations,CFO_CONTINUING,USD,29698000.0,2018-01-01,2018-06-30,181,2,2019-08-08,10-Q,Q2,2019,,0001303313-19-000079,2019-08-08T16:15:12.000Z,10-Q,2019-08-08,True
1303313,"LHC Group, Inc.",NetCashProvidedByUsedInOperatingActivitiesContinuingOperations,CFO_CONTINUING,USD,86334000.0,2018-01-01,2018-09-30,273,3,2018-11-01,10-Q,Q3,2018,,0001303313-18-000078,2018-11-01T15:54:36.000Z,10-Q,2018-11-01,True
1303313,"LHC Group, Inc.",NetCashProvidedByUsedInOperatingActivitiesContinuingOperations,CFO_CONTINUING,USD,31428000.0,2019-01-01,2019-03-31,90,1,2019-05-09,10-Q,Q1,2019,CY2019Q1,0001303313-19-000054,2019-05-09T16:24:22.000Z,10-Q,2019-05-09,True
1303313,"LHC Group, Inc.",NetCashProvidedByUsedInOperatingActivitiesContinuingOperations,CFO_CONTINUING,USD,58331000.0,2019-01-01,2019-06-30,181,2,2019-08-08,10-Q,Q2,2019,,0001303313-19-000079,2019-08-08T16:15:12.000Z,10-Q,2019-08-08,True
1304421,"Consolidated Communications Holdings, Inc.",NetCashProvidedByUsedInOperatingActivitiesContinuingOperations,CFO_CONTINUING,USD,51718000.0,2017-01-01,2017-03-31,90,1,2017-05-05,10-Q,Q1,2017,CY2017Q1,0001558370-17-003632,2017-05-05T13:31:34.000Z,10-Q,2017-05-05,True
1304421,"Consolidated Communications Holdings, Inc.",WeightedAverageNumberOfShareOutstandingBasicAndDiluted,SHARES_BASIC_DILUTED_COMBINED,shares,50410000.0,2017-01-01,2017-03-31,90,1,2017-05-05,10-Q,Q1,2017,,0001558370-17-003632,2017-05-05T13:31:34.000Z,10-Q,2017-05-05,True
1304421,"Consolidated Communications Holdings, Inc.",WeightedAverageNumberOfShareOutstandingBasicAndDiluted,SHARES_BASIC_DILUTED_COMBINED,shares,50410000.0,2017-01-01,2017-03-31,90,1,2018-05-07,10-Q,Q1,2018,CY2017Q1,0001558370-18-004078,2018-05-04T19:51:46.000Z,10-Q,2018-05-07,True
1304421,"Consolidated Communications Holdings, Inc.",WeightedAverageNumberOfShareOutstandingBasicAndDiluted,SHARES_BASIC_DILUTED_COMBINED,shares,50411000.0,2017-01-01,2017-06-30,181,2,2017-08-04,10-Q,Q2,2017,,0001558370-17-005955,2017-08-04T15:01:30.000Z,10-Q,2017-08-04,True
1304421,"Consolidated Communications Holdings, Inc.",WeightedAverageNumberOfShareOutstandingBasicAndDiluted,SHARES_BASIC_DILUTED_COMBINED,shares,50412000.0,2017-04-01,2017-06-30,91,1,2017-08-04,10-Q,Q2,2017,,0001558370-17-005955,2017-08-04T15:01:30.000Z,10-Q,2017-08-04,True
1304421,"Consolidated Communications Holdings, Inc.",WeightedAverageNumberOfShareOutstandingBasicAndDiluted,SHARES_BASIC_DILUTED_COMBINED,shares,50411000.0,2017-01-01,2017-06-30,181,2,2018-08-03,10-Q,Q2,2018,,0001558370-18-006371,2018-08-03T17:16:47.000Z,10-Q,2018-08-03,True
1304421,"Consolidated Communications Holdings, Inc.",WeightedAverageNumberOfShareOutstandingBasicAndDiluted,SHARES_BASIC_DILUTED_COMBINED,shares,50412000.0,2017-04-01,2017-06-30,91,1,2018-08-03,10-Q,Q2,2018,CY2017Q2,0001558370-18-006371,2018-08-03T17:16:47.000Z,10-Q,2018-08-03,True
1304421,"Consolidated Communications Holdings, Inc.",WeightedAverageNumberOfShareOutstandingBasicAndDiluted,SHARES_BASIC_DILUTED_COMBINED,shares,56955000.0,2017-01-01,2017-09-30,273,3,2017-11-06,10-Q,Q3,2017,,0001558370-17-008153,2017-11-03T19:16:43.000Z,10-Q,2017-11-06,True
1304421,"Consolidated Communications Holdings, Inc.",WeightedAverageNumberOfShareOutstandingBasicAndDiluted,SHARES_BASIC_DILUTED_COMBINED,shares,69830000.0,2017-07-01,2017-09-30,92,1,2017-11-06,10-Q,Q3,2017,,0001558370-17-008153,2017-11-03T19:16:43.000Z,10-Q,2017-11-06,True
1304421,"Consolidated Communications Holdings, Inc.",WeightedAverageNumberOfShareOutstandingBasicAndDiluted,SHARES_BASIC_DILUTED_COMBINED,shares,56955000.0,2017-01-01,2017-09-30,273,3,2018-11-02,10-Q,Q3,2018,,0001558370-18-008383,2018-11-02T16:41:14.000Z,10-Q,2018-11-02,True
1304421,"Consolidated Communications Holdings, Inc.",WeightedAverageNumberOfShareOutstandingBasicAndDiluted,SHARES_BASIC_DILUTED_COMBINED,shares,69830000.0,2017-07-01,2017-09-30,92,1,2018-11-02,10-Q,Q3,2018,CY2017Q3,0001558370-18-008383,2018-11-02T16:41:14.000Z,10-Q,2018-11-02,True
1304421,"Consolidated Communications Holdings, Inc.",WeightedAverageNumberOfShareOutstandingBasicAndDiluted,SHARES_BASIC_DILUTED_COMBINED,shares,60373000.0,2017-01-01,2017-12-31,365,4,2018-03-01,10-K,FY,2017,,0001558370-18-001412,2018-03-01T17:27:43.000Z,10-K,2018-03-01,True
1304421,"Consolidated Communications Holdings, Inc.",WeightedAverageNumberOfShareOutstandingBasicAndDiluted,SHARES_BASIC_DILUTED_COMBINED,shares,60373000.0,2017-01-01,2017-12-31,365,4,2019-02-26,10-K,FY,2018,,0001558370-19-001019,2019-02-25T18:59:48.000Z,10-K,2019-02-26,True
1304421,"Consolidated Communications Holdings, Inc.",WeightedAverageNumberOfShareOutstandingBasicAndDiluted,SHARES_BASIC_DILUTED_COMBINED,shares,60373000.0,2017-01-01,2017-12-31,365,4,2020-02-28,10-K,FY,2019,CY2017,0001558370-20-001763,2020-02-28T15:40:01.000Z,10-K,2020-02-28,True
1304421,"Consolidated Communications Holdings, Inc.",WeightedAverageNumberOfShareOutstandingBasicAndDiluted,SHARES_BASIC_DILUTED_COMBINED,shares,70598000.0,2018-01-01,2018-03-31,90,1,2018-05-07,10-Q,Q1,2018,,0001558370-18-004078,2018-05-04T19:51:46.000Z,10-Q,2018-05-07,True
1304421,"Consolidated Communications Holdings, Inc.",WeightedAverageNumberOfShareOutstandingBasicAndDiluted,SHARES_BASIC_DILUTED_COMBINED,shares,70598000.0,2018-01-01,2018-03-31,90,1,2019-04-26,10-Q,Q1,2019,CY2018Q1,0001558370-19-003389,2019-04-26T15:31:46.000Z,10-Q,2019-04-26,True
1304421,"Consolidated Communications Holdings, Inc.",WeightedAverageNumberOfShareOutstandingBasicAndDiluted,SHARES_BASIC_DILUTED_COMBINED,shares,70598000.0,2018-01-01,2018-06-30,181,2,2018-08-03,10-Q,Q2,2018,,0001558370-18-006371,2018-08-03T17:16:47.000Z,10-Q,2018-08-03,True
1304421,"Consolidated Communications Holdings, Inc.",WeightedAverageNumberOfShareOutstandingBasicAndDiluted,SHARES_BASIC_DILUTED_COMBINED,shares,70598000.0,2018-04-01,2018-06-30,91,1,2018-08-03,10-Q,Q2,2018,,0001558370-18-006371,2018-08-03T17:16:47.000Z,10-Q,2018-08-03,True
1304421,"Consolidated Communications Holdings, Inc.",WeightedAverageNumberOfShareOutstandingBasicAndDiluted,SHARES_BASIC_DILUTED_COMBINED,shares,70598000.0,2018-01-01,2018-06-30,181,2,2019-08-02,10-Q,Q2,2019,,0001558370-19-006936,2019-08-02T14:47:16.000Z,10-Q,2019-08-02,True
1304421,"Consolidated Communications Holdings, Inc.",WeightedAverageNumberOfShareOutstandingBasicAndDiluted,SHARES_BASIC_DILUTED_COMBINED,shares,70598000.0,2018-04-01,2018-06-30,91,1,2019-08-02,10-Q,Q2,2019,CY2018Q2,0001558370-19-006936,2019-08-02T14:47:16.000Z,10-Q,2019-08-02,True
1304421,"Consolidated Communications Holdings, Inc.",WeightedAverageNumberOfShareOutstandingBasicAndDiluted,SHARES_BASIC_DILUTED_COMBINED,shares,70598000.0,2018-01-01,2018-09-30,273,3,2018-11-02,10-Q,Q3,2018,,0001558370-18-008383,2018-11-02T16:41:14.000Z,10-Q,2018-11-02,True
1304421,"Consolidated Communications Holdings, Inc.",WeightedAverageNumberOfShareOutstandingBasicAndDiluted,SHARES_BASIC_DILUTED_COMBINED,shares,70598000.0,2018-07-01,2018-09-30,92,1,2018-11-02,10-Q,Q3,2018,,0001558370-18-008383,2018-11-02T16:41:14.000Z,10-Q,2018-11-02,True
1304421,"Consolidated Communications Holdings, Inc.",WeightedAverageNumberOfShareOutstandingBasicAndDiluted,SHARES_BASIC_DILUTED_COMBINED,shares,70598000.0,2018-01-01,2018-09-30,273,3,2019-11-01,10-Q,Q3,2019,,0001558370-19-009695,2019-11-01T15:27:23.000Z,10-Q,2019-11-01,True
1304421,"Consolidated Communications Holdings, Inc.",WeightedAverageNumberOfShareOutstandingBasicAndDiluted,SHARES_BASIC_DILUTED_COMBINED,shares,70598000.0,2018-07-01,2018-09-30,92,1,2019-11-01,10-Q,Q3,2019,CY2018Q3,0001558370-19-009695,2019-11-01T15:27:23.000Z,10-Q,2019-11-01,True
1304421,"Consolidated Communications Holdings, Inc.",WeightedAverageNumberOfShareOutstandingBasicAndDiluted,SHARES_BASIC_DILUTED_COMBINED,shares,70613000.0,2018-01-01,2018-12-31,365,4,2019-02-26,10-K,FY,2018,,0001558370-19-001019,2019-02-25T18:59:48.000Z,10-K,2019-02-26,True
1304421,"Consolidated Communications Holdings, Inc.",WeightedAverageNumberOfShareOutstandingBasicAndDiluted,SHARES_BASIC_DILUTED_COMBINED,shares,70613000.0,2018-01-01,2018-12-31,365,4,2020-02-28,10-K,FY,2019,,0001558370-20-001763,2020-02-28T15:40:01.000Z,10-K,2020-02-28,True
1304421,"Consolidated Communications Holdings, Inc.",WeightedAverageNumberOfShareOutstandingBasicAndDiluted,SHARES_BASIC_DILUTED_COMBINED,shares,70613000.0,2018-01-01,2018-12-31,365,4,2021-02-26,10-K,FY,2020,CY2018,0001558370-21-001947,2021-02-26T11:50:58.000Z,10-K,2021-02-26,True
1304421,"Consolidated Communications Holdings, Inc.",WeightedAverageNumberOfShareOutstandingBasicAndDiluted,SHARES_BASIC_DILUTED_COMBINED,shares,70813000.0,2019-01-01,2019-03-31,90,1,2019-04-26,10-Q,Q1,2019,,0001558370-19-003389,2019-04-26T15:31:46.000Z,10-Q,2019-04-26,True
1304421,"Consolidated Communications Holdings, Inc.",WeightedAverageNumberOfShareOutstandingBasicAndDiluted,SHARES_BASIC_DILUTED_COMBINED,shares,70813000.0,2019-01-01,2019-03-31,90,1,2020-05-01,10-Q,Q1,2020,CY2019Q1,0001558370-20-004939,2020-05-01T17:10:41.000Z,10-Q,2020-05-01,True
1304421,"Consolidated Communications Holdings, Inc.",WeightedAverageNumberOfShareOutstandingBasicAndDiluted,SHARES_BASIC_DILUTED_COMBINED,shares,70813000.0,2019-01-01,2019-06-30,181,2,2019-08-02,10-Q,Q2,2019,,0001558370-19-006936,2019-08-02T14:47:16.000Z,10-Q,2019-08-02,True
1304421,"Consolidated Communications Holdings, Inc.",WeightedAverageNumberOfShareOutstandingBasicAndDiluted,SHARES_BASIC_DILUTED_COMBINED,shares,70813000.0,2019-04-01,2019-06-30,91,1,2019-08-02,10-Q,Q2,2019,,0001558370-19-006936,2019-08-02T14:47:16.000Z,10-Q,2019-08-02,True
1304421,"Consolidated Communications Holdings, Inc.",WeightedAverageNumberOfShareOutstandingBasicAndDiluted,SHARES_BASIC_DILUTED_COMBINED,shares,70813000.0,2019-01-01,2019-06-30,181,2,2020-07-31,10-Q,Q2,2020,,0001558370-20-008887,2020-07-31T15:34:53.000Z,10-Q,2020-07-31,True
1304421,"Consolidated Communications Holdings, Inc.",WeightedAverageNumberOfShareOutstandingBasicAndDiluted,SHARES_BASIC_DILUTED_COMBINED,shares,70813000.0,2019-04-01,2019-06-30,91,1,2020-07-31,10-Q,Q2,2020,CY2019Q2,0001558370-20-008887,2020-07-31T15:34:53.000Z,10-Q,2020-07-31,True
1304421,"Consolidated Communications Holdings, Inc.",WeightedAverageNumberOfShareOutstandingBasicAndDiluted,SHARES_BASIC_DILUTED_COMBINED,shares,70813000.0,2019-01-01,2019-09-30,273,3,2019-11-01,10-Q,Q3,2019,,0001558370-19-009695,2019-11-01T15:27:23.000Z,10-Q,2019-11-01,True
1304421,"Consolidated Communications Holdings, Inc.",WeightedAverageNumberOfShareOutstandingBasicAndDiluted,SHARES_BASIC_DILUTED_COMBINED,shares,70813000.0,2019-07-01,2019-09-30,92,1,2019-11-01,10-Q,Q3,2019,,0001558370-19-009695,2019-11-01T15:27:23.000Z,10-Q,2019-11-01,True
1304421,"Consolidated Communications Holdings, Inc.",WeightedAverageNumberOfShareOutstandingBasicAndDiluted,SHARES_BASIC_DILUTED_COMBINED,shares,70813000.0,2019-01-01,2019-09-30,273,3,2020-10-30,10-Q,Q3,2020,,0001558370-20-012166,2020-10-30T16:58:15.000Z,10-Q,2020-10-30,True
1304421,"Consolidated Communications Holdings, Inc.",WeightedAverageNumberOfShareOutstandingBasicAndDiluted,SHARES_BASIC_DILUTED_COMBINED,shares,70813000.0,2019-07-01,2019-09-30,92,1,2020-10-30,10-Q,Q3,2020,CY2019Q3,0001558370-20-012166,2020-10-30T16:58:15.000Z,10-Q,2020-10-30,True
1304421,"Consolidated Communications Holdings, Inc.",WeightedAverageNumberOfShareOutstandingBasicAndDiluted,SHARES_BASIC_DILUTED_COMBINED,shares,70837000.0,2019-01-01,2019-12-31,365,4,2020-02-28,10-K,FY,2019,,0001558370-20-001763,2020-02-28T15:40:01.000Z,10-K,2020-02-28,True
1304421,"Consolidated Communications Holdings, Inc.",WeightedAverageNumberOfShareOutstandingBasicAndDiluted,SHARES_BASIC_DILUTED_COMBINED,shares,70837000.0,2019-01-01,2019-12-31,365,4,2021-02-26,10-K,FY,2020,CY2019,0001558370-21-001947,2021-02-26T11:50:58.000Z,10-K,2021-02-26,True
1304421,"Consolidated Communications Holdings, Inc.",WeightedAverageNumberOfShareOutstandingBasicAndDiluted,SHARES_BASIC_DILUTED_COMBINED,shares,71153000.0,2020-01-01,2020-03-31,91,1,2020-05-01,10-Q,Q1,2020,,0001558370-20-004939,2020-05-01T17:10:41.000Z,10-Q,2020-05-01,True
1304421,"Consolidated Communications Holdings, Inc.",WeightedAverageNumberOfShareOutstandingBasicAndDiluted,SHARES_BASIC_DILUTED_COMBINED,shares,71153000.0,2020-01-01,2020-03-31,91,1,2021-04-30,10-Q,Q1,2021,CY2020Q1,0001558370-21-005359,2021-04-30T12:08:55.000Z,10-Q,2021-04-30,True
1304421,"Consolidated Communications Holdings, Inc.",WeightedAverageNumberOfShareOutstandingBasicAndDiluted,SHARES_BASIC_DILUTED_COMBINED,shares,71153000.0,2020-01-01,2020-06-30,182,2,2020-07-31,10-Q,Q2,2020,,0001558370-20-008887,2020-07-31T15:34:53.000Z,10-Q,2020-07-31,True
1304421,"Consolidated Communications Holdings, Inc.",WeightedAverageNumberOfShareOutstandingBasicAndDiluted,SHARES_BASIC_DILUTED_COMBINED,shares,71153000.0,2020-04-01,2020-06-30,91,1,2020-07-31,10-Q,Q2,2020,,0001558370-20-008887,2020-07-31T15:34:53.000Z,10-Q,2020-07-31,True
1304421,"Consolidated Communications Holdings, Inc.",WeightedAverageNumberOfShareOutstandingBasicAndDiluted,SHARES_BASIC_DILUTED_COMBINED,shares,71153000.0,2020-01-01,2020-06-30,182,2,2021-08-05,10-Q,Q2,2021,,0001558370-21-010303,2021-08-04T19:01:21.000Z,10-Q,2021-08-05,True
1304421,"Consolidated Communications Holdings, Inc.",WeightedAverageNumberOfShareOutstandingBasicAndDiluted,SHARES_BASIC_DILUTED_COMBINED,shares,71153000.0,2020-04-01,2020-06-30,91,1,2021-08-05,10-Q,Q2,2021,CY2020Q2,0001558370-21-010303,2021-08-04T19:01:21.000Z,10-Q,2021-08-05,True
1304421,"Consolidated Communications Holdings, Inc.",WeightedAverageNumberOfShareOutstandingBasicAndDiluted,SHARES_BASIC_DILUTED_COMBINED,shares,71153000.0,2020-01-01,2020-09-30,274,3,2020-10-30,10-Q,Q3,2020,,0001558370-20-012166,2020-10-30T16:58:15.000Z,10-Q,2020-10-30,True
1304421,"Consolidated Communications Holdings, Inc.",WeightedAverageNumberOfShareOutstandingBasicAndDiluted,SHARES_BASIC_DILUTED_COMBINED,shares,71153000.0,2020-07-01,2020-09-30,92,1,2020-10-30,10-Q,Q3,2020,CY2020Q3,0001558370-20-012166,2020-10-30T16:58:15.000Z,10-Q,2020-10-30,True
1304421,"Consolidated Communications Holdings, Inc.",WeightedAverageNumberOfShareOutstandingBasicAndDiluted,SHARES_BASIC_DILUTED_COMBINED,shares,72752000.0,2020-01-01,2020-12-31,366,4,2021-02-26,10-K,FY,2020,CY2020,0001558370-21-001947,2021-02-26T11:50:58.000Z,10-K,2021-02-26,True
1304421,"Consolidated Communications Holdings, Inc.",WeightedAverageNumberOfShareOutstandingBasicAndDiluted,SHARES_BASIC_DILUTED_COMBINED,shares,78029000.0,2021-01-01,2021-03-31,90,1,2021-04-30,10-Q,Q1,2021,CY2021Q1,0001558370-21-005359,2021-04-30T12:08:55.000Z,10-Q,2021-04-30,True
1304421,"Consolidated Communications Holdings, Inc.",WeightedAverageNumberOfShareOutstandingBasicAndDiluted,SHARES_BASIC_DILUTED_COMBINED,shares,78029000.0,2021-01-01,2021-06-30,181,2,2021-08-05,10-Q,Q2,2021,,0001558370-21-010303,2021-08-04T19:01:21.000Z,10-Q,2021-08-05,True
1304421,"Consolidated Communications Holdings, Inc.",WeightedAverageNumberOfShareOutstandingBasicAndDiluted,SHARES_BASIC_DILUTED_COMBINED,shares,78029000.0,2021-04-01,2021-06-30,91,1,2021-08-05,10-Q,Q2,2021,CY2021Q2,0001558370-21-010303,2021-08-04T19:01:21.000Z,10-Q,2021-08-05,True
1318568,EVERI HOLDINGS INC.,NetCashProvidedByUsedInOperatingActivitiesContinuingOperations,CFO_CONTINUING,USD,31358000.0,2017-01-01,2017-03-31,90,1,2017-05-09,10-Q,Q1,2017,CY2017Q1,0001558370-17-003979,2017-05-09T16:12:03.000Z,10-Q,2017-05-09,True
1320414,SELECT MEDICAL HOLDINGS CORP,NetCashProvidedByUsedInOperatingActivitiesContinuingOperations,CFO_CONTINUING,USD,-55861000.0,2017-01-01,2017-03-31,90,1,2017-05-04,10-Q,Q1,2017,CY2017Q1,0001104659-17-029921,2017-05-04T20:38:20.000Z,10-Q,2017-05-04,True
1348036,"AVALARA, INC.",WeightedAverageNumberDilutedSharesOutstandingAdjustment,DILUTED_SHARES_ADJUSTMENT,shares,0.0,2017-01-01,2017-12-31,365,4,2020-02-28,10-K,FY,2019,CY2017,0001564590-20-007791,2020-02-28T16:08:17.000Z,10-K,2020-02-28,True
1348036,"AVALARA, INC.",WeightedAverageNumberDilutedSharesOutstandingAdjustment,DILUTED_SHARES_ADJUSTMENT,shares,0.0,2018-01-01,2018-03-31,90,1,2019-05-08,10-Q,Q1,2019,CY2018Q1,0001564590-19-016654,2019-05-07T17:48:16.000Z,10-Q,2019-05-08,True
1348036,"AVALARA, INC.",WeightedAverageNumberDilutedSharesOutstandingAdjustment,DILUTED_SHARES_ADJUSTMENT,shares,0.0,2018-01-01,2018-06-30,181,2,2019-08-08,10-Q,Q2,2019,,0001564590-19-030858,2019-08-08T16:39:58.000Z,10-Q,2019-08-08,True
1348036,"AVALARA, INC.",WeightedAverageNumberDilutedSharesOutstandingAdjustment,DILUTED_SHARES_ADJUSTMENT,shares,0.0,2018-04-01,2018-06-30,91,1,2019-08-08,10-Q,Q2,2019,CY2018Q2,0001564590-19-030858,2019-08-08T16:39:58.000Z,10-Q,2019-08-08,True
1348036,"AVALARA, INC.",WeightedAverageNumberDilutedSharesOutstandingAdjustment,DILUTED_SHARES_ADJUSTMENT,shares,0.0,2018-01-01,2018-09-30,273,3,2019-11-06,10-Q,Q3,2019,,0001564590-19-040508,2019-11-05T17:48:17.000Z,10-Q,2019-11-06,True
1348036,"AVALARA, INC.",WeightedAverageNumberDilutedSharesOutstandingAdjustment,DILUTED_SHARES_ADJUSTMENT,shares,0.0,2018-07-01,2018-09-30,92,1,2019-11-06,10-Q,Q3,2019,CY2018Q3,0001564590-19-040508,2019-11-05T17:48:17.000Z,10-Q,2019-11-06,True
1348036,"AVALARA, INC.",WeightedAverageNumberDilutedSharesOutstandingAdjustment,DILUTED_SHARES_ADJUSTMENT,shares,0.0,2018-01-01,2018-12-31,365,4,2020-02-28,10-K,FY,2019,,0001564590-20-007791,2020-02-28T16:08:17.000Z,10-K,2020-02-28,True
1348036,"AVALARA, INC.",WeightedAverageNumberDilutedSharesOutstandingAdjustment,DILUTED_SHARES_ADJUSTMENT,shares,0.0,2018-01-01,2018-12-31,365,4,2021-02-25,10-K,FY,2020,CY2018,0001564590-21-008919,2021-02-25T17:00:04.000Z,10-K,2021-02-25,True
1348036,"AVALARA, INC.",WeightedAverageNumberDilutedSharesOutstandingAdjustment,DILUTED_SHARES_ADJUSTMENT,shares,0.0,2019-01-01,2019-03-31,90,1,2019-05-08,10-Q,Q1,2019,,0001564590-19-016654,2019-05-07T17:48:16.000Z,10-Q,2019-05-08,True
1348036,"AVALARA, INC.",WeightedAverageNumberDilutedSharesOutstandingAdjustment,DILUTED_SHARES_ADJUSTMENT,shares,0.0,2019-01-01,2019-03-31,90,1,2020-05-08,10-Q,Q1,2020,CY2019Q1,0001564590-20-023042,2020-05-07T17:54:46.000Z,10-Q,2020-05-08,True
1348036,"AVALARA, INC.",WeightedAverageNumberDilutedSharesOutstandingAdjustment,DILUTED_SHARES_ADJUSTMENT,shares,0.0,2019-01-01,2019-06-30,181,2,2019-08-08,10-Q,Q2,2019,,0001564590-19-030858,2019-08-08T16:39:58.000Z,10-Q,2019-08-08,True
1348036,"AVALARA, INC.",WeightedAverageNumberDilutedSharesOutstandingAdjustment,DILUTED_SHARES_ADJUSTMENT,shares,0.0,2019-04-01,2019-06-30,91,1,2019-08-08,10-Q,Q2,2019,,0001564590-19-030858,2019-08-08T16:39:58.000Z,10-Q,2019-08-08,True
1348036,"AVALARA, INC.",WeightedAverageNumberDilutedSharesOutstandingAdjustment,DILUTED_SHARES_ADJUSTMENT,shares,0.0,2019-01-01,2019-06-30,181,2,2020-08-04,10-Q,Q2,2020,,0001564590-20-036138,2020-08-04T16:27:44.000Z,10-Q,2020-08-04,True
1348036,"AVALARA, INC.",WeightedAverageNumberDilutedSharesOutstandingAdjustment,DILUTED_SHARES_ADJUSTMENT,shares,0.0,2019-04-01,2019-06-30,91,1,2020-08-04,10-Q,Q2,2020,CY2019Q2,0001564590-20-036138,2020-08-04T16:27:44.000Z,10-Q,2020-08-04,True
1348036,"AVALARA, INC.",WeightedAverageNumberDilutedSharesOutstandingAdjustment,DILUTED_SHARES_ADJUSTMENT,shares,0.0,2019-01-01,2019-09-30,273,3,2019-11-06,10-Q,Q3,2019,,0001564590-19-040508,2019-11-05T17:48:17.000Z,10-Q,2019-11-06,True
1348036,"AVALARA, INC.",WeightedAverageNumberDilutedSharesOutstandingAdjustment,DILUTED_SHARES_ADJUSTMENT,shares,0.0,2019-07-01,2019-09-30,92,1,2019-11-06,10-Q,Q3,2019,,0001564590-19-040508,2019-11-05T17:48:17.000Z,10-Q,2019-11-06,True
1348036,"AVALARA, INC.",WeightedAverageNumberDilutedSharesOutstandingAdjustment,DILUTED_SHARES_ADJUSTMENT,shares,0.0,2019-01-01,2019-09-30,273,3,2020-11-06,10-Q,Q3,2020,,0001564590-20-051527,2020-11-05T18:16:44.000Z,10-Q,2020-11-06,True
1348036,"AVALARA, INC.",WeightedAverageNumberDilutedSharesOutstandingAdjustment,DILUTED_SHARES_ADJUSTMENT,shares,0.0,2019-07-01,2019-09-30,92,1,2020-11-06,10-Q,Q3,2020,CY2019Q3,0001564590-20-051527,2020-11-05T18:16:44.000Z,10-Q,2020-11-06,True
1348036,"AVALARA, INC.",WeightedAverageNumberDilutedSharesOutstandingAdjustment,DILUTED_SHARES_ADJUSTMENT,shares,0.0,2019-01-01,2019-12-31,365,4,2020-02-28,10-K,FY,2019,,0001564590-20-007791,2020-02-28T16:08:17.000Z,10-K,2020-02-28,True
1348036,"AVALARA, INC.",WeightedAverageNumberDilutedSharesOutstandingAdjustment,DILUTED_SHARES_ADJUSTMENT,shares,0.0,2019-01-01,2019-12-31,365,4,2021-02-25,10-K,FY,2020,,0001564590-21-008919,2021-02-25T17:00:04.000Z,10-K,2021-02-25,True
1348036,"AVALARA, INC.",WeightedAverageNumberDilutedSharesOutstandingAdjustment,DILUTED_SHARES_ADJUSTMENT,shares,0.0,2019-01-01,2019-12-31,365,4,2022-02-24,10-K,FY,2021,,0001564590-22-006696,2022-02-24T16:08:27.000Z,10-K,2022-02-24,True
1348036,"AVALARA, INC.",WeightedAverageNumberDilutedSharesOutstandingAdjustment,DILUTED_SHARES_ADJUSTMENT,shares,0.0,2019-01-01,2019-12-31,365,4,2022-05-05,10-K/A,FY,2021,CY2019,0001564590-22-018238,2022-05-05T16:03:05.000Z,10-K/A,2022-05-05,True
1348036,"AVALARA, INC.",WeightedAverageNumberDilutedSharesOutstandingAdjustment,DILUTED_SHARES_ADJUSTMENT,shares,0.0,2020-01-01,2020-03-31,91,1,2020-05-08,10-Q,Q1,2020,,0001564590-20-023042,2020-05-07T17:54:46.000Z,10-Q,2020-05-08,True
1348036,"AVALARA, INC.",WeightedAverageNumberDilutedSharesOutstandingAdjustment,DILUTED_SHARES_ADJUSTMENT,shares,0.0,2020-01-01,2020-03-31,91,1,2021-05-07,10-Q,Q1,2021,CY2020Q1,0001564590-21-025131,2021-05-06T17:45:03.000Z,10-Q,2021-05-07,True
1348036,"AVALARA, INC.",WeightedAverageNumberDilutedSharesOutstandingAdjustment,DILUTED_SHARES_ADJUSTMENT,shares,0.0,2020-01-01,2020-06-30,182,2,2020-08-04,10-Q,Q2,2020,,0001564590-20-036138,2020-08-04T16:27:44.000Z,10-Q,2020-08-04,True
1348036,"AVALARA, INC.",WeightedAverageNumberDilutedSharesOutstandingAdjustment,DILUTED_SHARES_ADJUSTMENT,shares,0.0,2020-04-01,2020-06-30,91,1,2020-08-04,10-Q,Q2,2020,,0001564590-20-036138,2020-08-04T16:27:44.000Z,10-Q,2020-08-04,True
1348036,"AVALARA, INC.",WeightedAverageNumberDilutedSharesOutstandingAdjustment,DILUTED_SHARES_ADJUSTMENT,shares,0.0,2020-01-01,2020-06-30,182,2,2021-08-06,10-Q,Q2,2021,,0001564590-21-041748,2021-08-05T17:43:36.000Z,10-Q,2021-08-06,True
1348036,"AVALARA, INC.",WeightedAverageNumberDilutedSharesOutstandingAdjustment,DILUTED_SHARES_ADJUSTMENT,shares,0.0,2020-04-01,2020-06-30,91,1,2021-08-06,10-Q,Q2,2021,CY2020Q2,0001564590-21-041748,2021-08-05T17:43:36.000Z,10-Q,2021-08-06,True
1348036,"AVALARA, INC.",WeightedAverageNumberDilutedSharesOutstandingAdjustment,DILUTED_SHARES_ADJUSTMENT,shares,0.0,2020-01-01,2020-09-30,274,3,2020-11-06,10-Q,Q3,2020,,0001564590-20-051527,2020-11-05T18:16:44.000Z,10-Q,2020-11-06,True
1348036,"AVALARA, INC.",WeightedAverageNumberDilutedSharesOutstandingAdjustment,DILUTED_SHARES_ADJUSTMENT,shares,0.0,2020-07-01,2020-09-30,92,1,2020-11-06,10-Q,Q3,2020,,0001564590-20-051527,2020-11-05T18:16:44.000Z,10-Q,2020-11-06,True
1348036,"AVALARA, INC.",WeightedAverageNumberDilutedSharesOutstandingAdjustment,DILUTED_SHARES_ADJUSTMENT,shares,0.0,2020-01-01,2020-09-30,274,3,2021-11-05,10-Q,Q3,2021,,0001564590-21-054616,2021-11-04T17:51:42.000Z,10-Q,2021-11-05,True
1348036,"AVALARA, INC.",WeightedAverageNumberDilutedSharesOutstandingAdjustment,DILUTED_SHARES_ADJUSTMENT,shares,0.0,2020-07-01,2020-09-30,92,1,2021-11-05,10-Q,Q3,2021,CY2020Q3,0001564590-21-054616,2021-11-04T17:51:42.000Z,10-Q,2021-11-05,True
1348036,"AVALARA, INC.",WeightedAverageNumberDilutedSharesOutstandingAdjustment,DILUTED_SHARES_ADJUSTMENT,shares,0.0,2020-01-01,2020-12-31,366,4,2021-02-25,10-K,FY,2020,,0001564590-21-008919,2021-02-25T17:00:04.000Z,10-K,2021-02-25,True
1348036,"AVALARA, INC.",WeightedAverageNumberDilutedSharesOutstandingAdjustment,DILUTED_SHARES_ADJUSTMENT,shares,0.0,2020-01-01,2020-12-31,366,4,2022-02-24,10-K,FY,2021,,0001564590-22-006696,2022-02-24T16:08:27.000Z,10-K,2022-02-24,True
1348036,"AVALARA, INC.",WeightedAverageNumberDilutedSharesOutstandingAdjustment,DILUTED_SHARES_ADJUSTMENT,shares,0.0,2020-01-01,2020-12-31,366,4,2022-05-05,10-K/A,FY,2021,CY2020,0001564590-22-018238,2022-05-05T16:03:05.000Z,10-K/A,2022-05-05,True
1348036,"AVALARA, INC.",WeightedAverageNumberDilutedSharesOutstandingAdjustment,DILUTED_SHARES_ADJUSTMENT,shares,0.0,2021-01-01,2021-03-31,90,1,2021-05-07,10-Q,Q1,2021,,0001564590-21-025131,2021-05-06T17:45:03.000Z,10-Q,2021-05-07,True
1348036,"AVALARA, INC.",WeightedAverageNumberDilutedSharesOutstandingAdjustment,DILUTED_SHARES_ADJUSTMENT,shares,0.0,2021-01-01,2021-03-31,90,1,2022-05-06,10-Q,Q1,2022,CY2021Q1,0001564590-22-018342,2022-05-05T17:41:05.000Z,10-Q,2022-05-06,True
1348036,"AVALARA, INC.",WeightedAverageNumberDilutedSharesOutstandingAdjustment,DILUTED_SHARES_ADJUSTMENT,shares,0.0,2021-01-01,2021-06-30,181,2,2021-08-06,10-Q,Q2,2021,,0001564590-21-041748,2021-08-05T17:43:36.000Z,10-Q,2021-08-06,True
1348036,"AVALARA, INC.",WeightedAverageNumberDilutedSharesOutstandingAdjustment,DILUTED_SHARES_ADJUSTMENT,shares,0.0,2021-04-01,2021-06-30,91,1,2021-08-06,10-Q,Q2,2021,,0001564590-21-041748,2021-08-05T17:43:36.000Z,10-Q,2021-08-06,True
1348036,"AVALARA, INC.",WeightedAverageNumberDilutedSharesOutstandingAdjustment,DILUTED_SHARES_ADJUSTMENT,shares,0.0,2021-01-01,2021-06-30,181,2,2022-08-09,10-Q,Q2,2022,,0001564590-22-028526,2022-08-08T18:09:03.000Z,10-Q,2022-08-09,True
1348036,"AVALARA, INC.",WeightedAverageNumberDilutedSharesOutstandingAdjustment,DILUTED_SHARES_ADJUSTMENT,shares,0.0,2021-04-01,2021-06-30,91,1,2022-08-09,10-Q,Q2,2022,CY2021Q2,0001564590-22-028526,2022-08-08T18:09:03.000Z,10-Q,2022-08-09,True
1348036,"AVALARA, INC.",WeightedAverageNumberDilutedSharesOutstandingAdjustment,DILUTED_SHARES_ADJUSTMENT,shares,0.0,2021-01-01,2021-09-30,273,3,2021-11-05,10-Q,Q3,2021,,0001564590-21-054616,2021-11-04T17:51:42.000Z,10-Q,2021-11-05,True
1348036,"AVALARA, INC.",WeightedAverageNumberDilutedSharesOutstandingAdjustment,DILUTED_SHARES_ADJUSTMENT,shares,0.0,2021-07-01,2021-09-30,92,1,2021-11-05,10-Q,Q3,2021,CY2021Q3,0001564590-21-054616,2021-11-04T17:51:42.000Z,10-Q,2021-11-05,True
1348036,"AVALARA, INC.",WeightedAverageNumberDilutedSharesOutstandingAdjustment,DILUTED_SHARES_ADJUSTMENT,shares,0.0,2021-01-01,2021-12-31,365,4,2022-02-24,10-K,FY,2021,,0001564590-22-006696,2022-02-24T16:08:27.000Z,10-K,2022-02-24,True
1348036,"AVALARA, INC.",WeightedAverageNumberDilutedSharesOutstandingAdjustment,DILUTED_SHARES_ADJUSTMENT,shares,0.0,2021-01-01,2021-12-31,365,4,2022-05-05,10-K/A,FY,2021,CY2021,0001564590-22-018238,2022-05-05T16:03:05.000Z,10-K/A,2022-05-05,True
1348036,"AVALARA, INC.",WeightedAverageNumberDilutedSharesOutstandingAdjustment,DILUTED_SHARES_ADJUSTMENT,shares,0.0,2022-01-01,2022-03-31,90,1,2022-05-06,10-Q,Q1,2022,CY2022Q1,0001564590-22-018342,2022-05-05T17:41:05.000Z,10-Q,2022-05-06,True
1348036,"AVALARA, INC.",WeightedAverageNumberDilutedSharesOutstandingAdjustment,DILUTED_SHARES_ADJUSTMENT,shares,0.0,2022-01-01,2022-06-30,181,2,2022-08-09,10-Q,Q2,2022,,0001564590-22-028526,2022-08-08T18:09:03.000Z,10-Q,2022-08-09,True
1348036,"AVALARA, INC.",WeightedAverageNumberDilutedSharesOutstandingAdjustment,DILUTED_SHARES_ADJUSTMENT,shares,0.0,2022-04-01,2022-06-30,91,1,2022-08-09,10-Q,Q2,2022,CY2022Q2,0001564590-22-028526,2022-08-08T18:09:03.000Z,10-Q,2022-08-09,True
1348036,"AVALARA, INC.",WeightedAverageNumberOfShareOutstandingBasicAndDiluted,SHARES_BASIC_DILUTED_COMBINED,shares,5442.0,2017-01-01,2017-06-30,181,2,2018-08-10,10-Q,Q2,2018,,0001564590-18-021146,2018-08-09T18:15:27.000Z,10-Q,2018-08-10,True
1348036,"AVALARA, INC.",WeightedAverageNumberOfShareOutstandingBasicAndDiluted,SHARES_BASIC_DILUTED_COMBINED,shares,5494.0,2017-04-01,2017-06-30,91,1,2018-08-10,10-Q,Q2,2018,CY2017Q2,0001564590-18-021146,2018-08-09T18:15:27.000Z,10-Q,2018-08-10,True
1348036,"AVALARA, INC.",WeightedAverageNumberOfShareOutstandingBasicAndDiluted,SHARES_BASIC_DILUTED_COMBINED,shares,5531.0,2017-01-01,2017-09-30,273,3,2018-11-08,10-Q,Q3,2018,,0001564590-18-028152,2018-11-07T18:10:30.000Z,10-Q,2018-11-08,True
1348036,"AVALARA, INC.",WeightedAverageNumberOfShareOutstandingBasicAndDiluted,SHARES_BASIC_DILUTED_COMBINED,shares,5706.0,2017-07-01,2017-09-30,92,1,2018-11-08,10-Q,Q3,2018,CY2017Q3,0001564590-18-028152,2018-11-07T18:10:30.000Z,10-Q,2018-11-08,True
1348036,"AVALARA, INC.",WeightedAverageNumberOfShareOutstandingBasicAndDiluted,SHARES_BASIC_DILUTED_COMBINED,shares,5632000.0,2017-01-01,2017-12-31,365,4,2019-02-28,10-K,FY,2018,,0001564590-19-005454,2019-02-28T16:12:00.000Z,10-K,2019-02-28,True
1348036,"AVALARA, INC.",WeightedAverageNumberOfShareOutstandingBasicAndDiluted,SHARES_BASIC_DILUTED_COMBINED,shares,5632000.0,2017-01-01,2017-12-31,365,4,2020-02-28,10-K,FY,2019,CY2017,0001564590-20-007791,2020-02-28T16:08:17.000Z,10-K,2020-02-28,True
1348036,"AVALARA, INC.",WeightedAverageNumberOfShareOutstandingBasicAndDiluted,SHARES_BASIC_DILUTED_COMBINED,shares,6170000.0,2018-01-01,2018-03-31,90,1,2019-05-08,10-Q,Q1,2019,CY2018Q1,0001564590-19-016654,2019-05-07T17:48:16.000Z,10-Q,2019-05-08,True
1348036,"AVALARA, INC.",WeightedAverageNumberOfShareOutstandingBasicAndDiluted,SHARES_BASIC_DILUTED_COMBINED,shares,10299.0,2018-01-01,2018-06-30,181,2,2018-08-10,10-Q,Q2,2018,,0001564590-18-021146,2018-08-09T18:15:27.000Z,10-Q,2018-08-10,True
1348036,"AVALARA, INC.",WeightedAverageNumberOfShareOutstandingBasicAndDiluted,SHARES_BASIC_DILUTED_COMBINED,shares,14383.0,2018-04-01,2018-06-30,91,1,2018-08-10,10-Q,Q2,2018,,0001564590-18-021146,2018-08-09T18:15:27.000Z,10-Q,2018-08-10,True
1348036,"AVALARA, INC.",WeightedAverageNumberOfShareOutstandingBasicAndDiluted,SHARES_BASIC_DILUTED_COMBINED,shares,10299000.0,2018-01-01,2018-06-30,181,2,2019-08-08,10-Q,Q2,2019,,0001564590-19-030858,2019-08-08T16:39:58.000Z,10-Q,2019-08-08,True
1348036,"AVALARA, INC.",WeightedAverageNumberOfShareOutstandingBasicAndDiluted,SHARES_BASIC_DILUTED_COMBINED,shares,14383000.0,2018-04-01,2018-06-30,91,1,2019-08-08,10-Q,Q2,2019,CY2018Q2,0001564590-19-030858,2019-08-08T16:39:58.000Z,10-Q,2019-08-08,True
1348036,"AVALARA, INC.",WeightedAverageNumberOfShareOutstandingBasicAndDiluted,SHARES_BASIC_DILUTED_COMBINED,shares,29269.0,2018-01-01,2018-09-30,273,3,2018-11-08,10-Q,Q3,2018,,0001564590-18-028152,2018-11-07T18:10:30.000Z,10-Q,2018-11-08,True
1348036,"AVALARA, INC.",WeightedAverageNumberOfShareOutstandingBasicAndDiluted,SHARES_BASIC_DILUTED_COMBINED,shares,66590.0,2018-07-01,2018-09-30,92,1,2018-11-08,10-Q,Q3,2018,,0001564590-18-028152,2018-11-07T18:10:30.000Z,10-Q,2018-11-08,True
1348036,"AVALARA, INC.",WeightedAverageNumberOfShareOutstandingBasicAndDiluted,SHARES_BASIC_DILUTED_COMBINED,shares,29269000.0,2018-01-01,2018-09-30,273,3,2019-11-06,10-Q,Q3,2019,,0001564590-19-040508,2019-11-05T17:48:17.000Z,10-Q,2019-11-06,True
1348036,"AVALARA, INC.",WeightedAverageNumberOfShareOutstandingBasicAndDiluted,SHARES_BASIC_DILUTED_COMBINED,shares,66590000.0,2018-07-01,2018-09-30,92,1,2019-11-06,10-Q,Q3,2019,CY2018Q3,0001564590-19-040508,2019-11-05T17:48:17.000Z,10-Q,2019-11-06,True
1348036,"AVALARA, INC.",WeightedAverageNumberOfShareOutstandingBasicAndDiluted,SHARES_BASIC_DILUTED_COMBINED,shares,38692000.0,2018-01-01,2018-12-31,365,4,2019-02-28,10-K,FY,2018,,0001564590-19-005454,2019-02-28T16:12:00.000Z,10-K,2019-02-28,True
1348036,"AVALARA, INC.",WeightedAverageNumberOfShareOutstandingBasicAndDiluted,SHARES_BASIC_DILUTED_COMBINED,shares,38692000.0,2018-01-01,2018-12-31,365,4,2020-02-28,10-K,FY,2019,,0001564590-20-007791,2020-02-28T16:08:17.000Z,10-K,2020-02-28,True
1348036,"AVALARA, INC.",WeightedAverageNumberOfShareOutstandingBasicAndDiluted,SHARES_BASIC_DILUTED_COMBINED,shares,38692000.0,2018-01-01,2018-12-31,365,4,2021-02-25,10-K,FY,2020,CY2018,0001564590-21-008919,2021-02-25T17:00:04.000Z,10-K,2021-02-25,True
1348036,"AVALARA, INC.",WeightedAverageNumberOfShareOutstandingBasicAndDiluted,SHARES_BASIC_DILUTED_COMBINED,shares,68381000.0,2019-01-01,2019-03-31,90,1,2019-05-08,10-Q,Q1,2019,,0001564590-19-016654,2019-05-07T17:48:16.000Z,10-Q,2019-05-08,True
1348036,"AVALARA, INC.",WeightedAverageNumberOfShareOutstandingBasicAndDiluted,SHARES_BASIC_DILUTED_COMBINED,shares,68381000.0,2019-01-01,2019-03-31,90,1,2020-05-08,10-Q,Q1,2020,CY2019Q1,0001564590-20-023042,2020-05-07T17:54:46.000Z,10-Q,2020-05-08,True
1348036,"AVALARA, INC.",WeightedAverageNumberOfShareOutstandingBasicAndDiluted,SHARES_BASIC_DILUTED_COMBINED,shares,69983000.0,2019-01-01,2019-06-30,181,2,2019-08-08,10-Q,Q2,2019,,0001564590-19-030858,2019-08-08T16:39:58.000Z,10-Q,2019-08-08,True
1348036,"AVALARA, INC.",WeightedAverageNumberOfShareOutstandingBasicAndDiluted,SHARES_BASIC_DILUTED_COMBINED,shares,71568000.0,2019-04-01,2019-06-30,91,1,2019-08-08,10-Q,Q2,2019,,0001564590-19-030858,2019-08-08T16:39:58.000Z,10-Q,2019-08-08,True
1348036,"AVALARA, INC.",WeightedAverageNumberOfShareOutstandingBasicAndDiluted,SHARES_BASIC_DILUTED_COMBINED,shares,69983000.0,2019-01-01,2019-06-30,181,2,2020-08-04,10-Q,Q2,2020,,0001564590-20-036138,2020-08-04T16:27:44.000Z,10-Q,2020-08-04,True
1348036,"AVALARA, INC.",WeightedAverageNumberOfShareOutstandingBasicAndDiluted,SHARES_BASIC_DILUTED_COMBINED,shares,71568000.0,2019-04-01,2019-06-30,91,1,2020-08-04,10-Q,Q2,2020,CY2019Q2,0001564590-20-036138,2020-08-04T16:27:44.000Z,10-Q,2020-08-04,True
1348036,"AVALARA, INC.",WeightedAverageNumberOfShareOutstandingBasicAndDiluted,SHARES_BASIC_DILUTED_COMBINED,shares,72064000.0,2019-01-01,2019-09-30,273,3,2019-11-06,10-Q,Q3,2019,,0001564590-19-040508,2019-11-05T17:48:17.000Z,10-Q,2019-11-06,True
1348036,"AVALARA, INC.",WeightedAverageNumberOfShareOutstandingBasicAndDiluted,SHARES_BASIC_DILUTED_COMBINED,shares,76156000.0,2019-07-01,2019-09-30,92,1,2019-11-06,10-Q,Q3,2019,,0001564590-19-040508,2019-11-05T17:48:17.000Z,10-Q,2019-11-06,True
1348036,"AVALARA, INC.",WeightedAverageNumberOfShareOutstandingBasicAndDiluted,SHARES_BASIC_DILUTED_COMBINED,shares,72064000.0,2019-01-01,2019-09-30,273,3,2020-11-06,10-Q,Q3,2020,,0001564590-20-051527,2020-11-05T18:16:44.000Z,10-Q,2020-11-06,True
1348036,"AVALARA, INC.",WeightedAverageNumberOfShareOutstandingBasicAndDiluted,SHARES_BASIC_DILUTED_COMBINED,shares,76156000.0,2019-07-01,2019-09-30,92,1,2020-11-06,10-Q,Q3,2020,CY2019Q3,0001564590-20-051527,2020-11-05T18:16:44.000Z,10-Q,2020-11-06,True
1348036,"AVALARA, INC.",WeightedAverageNumberOfShareOutstandingBasicAndDiluted,SHARES_BASIC_DILUTED_COMBINED,shares,73345000.0,2019-01-01,2019-12-31,365,4,2020-02-28,10-K,FY,2019,,0001564590-20-007791,2020-02-28T16:08:17.000Z,10-K,2020-02-28,True
1348036,"AVALARA, INC.",WeightedAverageNumberOfShareOutstandingBasicAndDiluted,SHARES_BASIC_DILUTED_COMBINED,shares,73345000.0,2019-01-01,2019-12-31,365,4,2021-02-25,10-K,FY,2020,,0001564590-21-008919,2021-02-25T17:00:04.000Z,10-K,2021-02-25,True
1348036,"AVALARA, INC.",WeightedAverageNumberOfShareOutstandingBasicAndDiluted,SHARES_BASIC_DILUTED_COMBINED,shares,73345000.0,2019-01-01,2019-12-31,365,4,2022-02-24,10-K,FY,2021,,0001564590-22-006696,2022-02-24T16:08:27.000Z,10-K,2022-02-24,True
1348036,"AVALARA, INC.",WeightedAverageNumberOfShareOutstandingBasicAndDiluted,SHARES_BASIC_DILUTED_COMBINED,shares,73345000.0,2019-01-01,2019-12-31,365,4,2022-05-05,10-K/A,FY,2021,CY2019,0001564590-22-018238,2022-05-05T16:03:05.000Z,10-K/A,2022-05-05,True
1348036,"AVALARA, INC.",WeightedAverageNumberOfShareOutstandingBasicAndDiluted,SHARES_BASIC_DILUTED_COMBINED,shares,77904000.0,2020-01-01,2020-03-31,91,1,2020-05-08,10-Q,Q1,2020,,0001564590-20-023042,2020-05-07T17:54:46.000Z,10-Q,2020-05-08,True
1348036,"AVALARA, INC.",WeightedAverageNumberOfShareOutstandingBasicAndDiluted,SHARES_BASIC_DILUTED_COMBINED,shares,77904000.0,2020-01-01,2020-03-31,91,1,2021-05-07,10-Q,Q1,2021,CY2020Q1,0001564590-21-025131,2021-05-06T17:45:03.000Z,10-Q,2021-05-07,True
1348036,"AVALARA, INC.",WeightedAverageNumberOfShareOutstandingBasicAndDiluted,SHARES_BASIC_DILUTED_COMBINED,shares,78414000.0,2020-01-01,2020-06-30,182,2,2020-08-04,10-Q,Q2,2020,,0001564590-20-036138,2020-08-04T16:27:44.000Z,10-Q,2020-08-04,True
1348036,"AVALARA, INC.",WeightedAverageNumberOfShareOutstandingBasicAndDiluted,SHARES_BASIC_DILUTED_COMBINED,shares,78924000.0,2020-04-01,2020-06-30,91,1,2020-08-04,10-Q,Q2,2020,,0001564590-20-036138,2020-08-04T16:27:44.000Z,10-Q,2020-08-04,True
1348036,"AVALARA, INC.",WeightedAverageNumberOfShareOutstandingBasicAndDiluted,SHARES_BASIC_DILUTED_COMBINED,shares,78414000.0,2020-01-01,2020-06-30,182,2,2021-08-06,10-Q,Q2,2021,,0001564590-21-041748,2021-08-05T17:43:36.000Z,10-Q,2021-08-06,True
1348036,"AVALARA, INC.",WeightedAverageNumberOfShareOutstandingBasicAndDiluted,SHARES_BASIC_DILUTED_COMBINED,shares,78924000.0,2020-04-01,2020-06-30,91,1,2021-08-06,10-Q,Q2,2021,CY2020Q2,0001564590-21-041748,2021-08-05T17:43:36.000Z,10-Q,2021-08-06,True
1348036,"AVALARA, INC.",WeightedAverageNumberOfShareOutstandingBasicAndDiluted,SHARES_BASIC_DILUTED_COMBINED,shares,79715000.0,2020-01-01,2020-09-30,274,3,2020-11-06,10-Q,Q3,2020,,0001564590-20-051527,2020-11-05T18:16:44.000Z,10-Q,2020-11-06,True
1348036,"AVALARA, INC.",WeightedAverageNumberOfShareOutstandingBasicAndDiluted,SHARES_BASIC_DILUTED_COMBINED,shares,82288000.0,2020-07-01,2020-09-30,92,1,2020-11-06,10-Q,Q3,2020,,0001564590-20-051527,2020-11-05T18:16:44.000Z,10-Q,2020-11-06,True
1348036,"AVALARA, INC.",WeightedAverageNumberOfShareOutstandingBasicAndDiluted,SHARES_BASIC_DILUTED_COMBINED,shares,79715000.0,2020-01-01,2020-09-30,274,3,2021-11-05,10-Q,Q3,2021,,0001564590-21-054616,2021-11-04T17:51:42.000Z,10-Q,2021-11-05,True
1348036,"AVALARA, INC.",WeightedAverageNumberOfShareOutstandingBasicAndDiluted,SHARES_BASIC_DILUTED_COMBINED,shares,82288000.0,2020-07-01,2020-09-30,92,1,2021-11-05,10-Q,Q3,2021,CY2020Q3,0001564590-21-054616,2021-11-04T17:51:42.000Z,10-Q,2021-11-05,True
1348036,"AVALARA, INC.",WeightedAverageNumberOfShareOutstandingBasicAndDiluted,SHARES_BASIC_DILUTED_COMBINED,shares,80985000.0,2020-01-01,2020-12-31,366,4,2021-02-25,10-K,FY,2020,,0001564590-21-008919,2021-02-25T17:00:04.000Z,10-K,2021-02-25,True
1348036,"AVALARA, INC.",WeightedAverageNumberOfShareOutstandingBasicAndDiluted,SHARES_BASIC_DILUTED_COMBINED,shares,80985000.0,2020-01-01,2020-12-31,366,4,2022-02-24,10-K,FY,2021,,0001564590-22-006696,2022-02-24T16:08:27.000Z,10-K,2022-02-24,True
1348036,"AVALARA, INC.",WeightedAverageNumberOfShareOutstandingBasicAndDiluted,SHARES_BASIC_DILUTED_COMBINED,shares,80985000.0,2020-01-01,2020-12-31,366,4,2022-05-05,10-K/A,FY,2021,CY2020,0001564590-22-018238,2022-05-05T16:03:05.000Z,10-K/A,2022-05-05,True
1348036,"AVALARA, INC.",WeightedAverageNumberOfShareOutstandingBasicAndDiluted,SHARES_BASIC_DILUTED_COMBINED,shares,85436000.0,2021-01-01,2021-03-31,90,1,2021-05-07,10-Q,Q1,2021,,0001564590-21-025131,2021-05-06T17:45:03.000Z,10-Q,2021-05-07,True
1348036,"AVALARA, INC.",WeightedAverageNumberOfShareOutstandingBasicAndDiluted,SHARES_BASIC_DILUTED_COMBINED,shares,85436000.0,2021-01-01,2021-03-31,90,1,2022-05-06,10-Q,Q1,2022,CY2021Q1,0001564590-22-018342,2022-05-05T17:41:05.000Z,10-Q,2022-05-06,True
1348036,"AVALARA, INC.",WeightedAverageNumberOfShareOutstandingBasicAndDiluted,SHARES_BASIC_DILUTED_COMBINED,shares,85765000.0,2021-01-01,2021-06-30,181,2,2021-08-06,10-Q,Q2,2021,,0001564590-21-041748,2021-08-05T17:43:36.000Z,10-Q,2021-08-06,True
1348036,"AVALARA, INC.",WeightedAverageNumberOfShareOutstandingBasicAndDiluted,SHARES_BASIC_DILUTED_COMBINED,shares,86090000.0,2021-04-01,2021-06-30,91,1,2021-08-06,10-Q,Q2,2021,CY2021Q2,0001564590-21-041748,2021-08-05T17:43:36.000Z,10-Q,2021-08-06,True
1348036,"AVALARA, INC.",WeightedAverageNumberOfShareOutstandingBasicAndDiluted,SHARES_BASIC_DILUTED_COMBINED,shares,86023000.0,2021-01-01,2021-09-30,273,3,2021-11-05,10-Q,Q3,2021,,0001564590-21-054616,2021-11-04T17:51:42.000Z,10-Q,2021-11-05,True
1348036,"AVALARA, INC.",WeightedAverageNumberOfShareOutstandingBasicAndDiluted,SHARES_BASIC_DILUTED_COMBINED,shares,86530000.0,2021-07-01,2021-09-30,92,1,2021-11-05,10-Q,Q3,2021,CY2021Q3,0001564590-21-054616,2021-11-04T17:51:42.000Z,10-Q,2021-11-05,True
1348036,"AVALARA, INC.",WeightedAverageNumberOfShareOutstandingBasicAndDiluted,SHARES_BASIC_DILUTED_COMBINED,shares,86263000.0,2021-01-01,2021-12-31,365,4,2022-02-24,10-K,FY,2021,,0001564590-22-006696,2022-02-24T16:08:27.000Z,10-K,2022-02-24,True
1348036,"AVALARA, INC.",WeightedAverageNumberOfShareOutstandingBasicAndDiluted,SHARES_BASIC_DILUTED_COMBINED,shares,86263000.0,2021-01-01,2021-12-31,365,4,2022-05-05,10-K/A,FY,2021,CY2021,0001564590-22-018238,2022-05-05T16:03:05.000Z,10-K/A,2022-05-05,True
1348036,"AVALARA, INC.",WeightedAverageNumberOfShareOutstandingBasicAndDiluted,SHARES_BASIC_DILUTED_COMBINED,shares,87463000.0,2022-01-01,2022-03-31,90,1,2022-05-06,10-Q,Q1,2022,CY2022Q1,0001564590-22-018342,2022-05-05T17:41:05.000Z,10-Q,2022-05-06,True
1348911,"KalVista Pharmaceuticals, Inc.",NetCashProvidedByUsedInOperatingActivitiesContinuingOperations,CFO_CONTINUING,USD,-21081000.0,2016-05-01,2017-01-31,276,3,2017-03-16,10-Q,Q3,2016,,0001564590-17-004659,2017-03-16T21:22:00.000Z,10-Q,2017-03-16,True
1348911,"KalVista Pharmaceuticals, Inc.",NetCashProvidedByUsedInOperatingActivitiesContinuingOperations,CFO_CONTINUING,USD,-21081000.0,2016-05-01,2017-01-31,276,3,2018-03-16,10-Q,Q3,2018,,0001564590-18-006049,2018-03-16T20:06:22.000Z,10-Q,2018-03-16,True
1348911,"KalVista Pharmaceuticals, Inc.",NetCashProvidedByUsedInOperatingActivitiesContinuingOperations,CFO_CONTINUING,USD,-23722000.0,2016-05-01,2017-04-30,365,4,2017-07-27,10-K,FY,2017,CY2016,0001564590-17-014286,2017-07-27T20:31:26.000Z,10-K,2017-07-27,True
1348911,"KalVista Pharmaceuticals, Inc.",NetCashProvidedByUsedInOperatingActivitiesContinuingOperations,CFO_CONTINUING,USD,-4448000.0,2017-05-01,2017-07-31,92,1,2017-09-14,10-Q,Q1,2018,CY2017Q2,0001564590-17-018672,2017-09-14T20:26:18.000Z,10-Q,2017-09-14,True
1348911,"KalVista Pharmaceuticals, Inc.",NetCashProvidedByUsedInOperatingActivitiesContinuingOperations,CFO_CONTINUING,USD,-11707000.0,2017-05-01,2017-10-31,184,2,2017-12-14,10-Q,Q2,2018,,0001564590-17-024944,2017-12-14T22:17:38.000Z,10-Q,2017-12-14,True
1348911,"KalVista Pharmaceuticals, Inc.",NetCashProvidedByUsedInOperatingActivitiesContinuingOperations,CFO_CONTINUING,USD,16513000.0,2017-05-01,2018-01-31,276,3,2018-03-16,10-Q,Q3,2018,,0001564590-18-006049,2018-03-16T20:06:22.000Z,10-Q,2018-03-16,True
1348911,"KalVista Pharmaceuticals, Inc.",WeightedAverageNumberOfShareOutstandingBasicAndDiluted,SHARES_BASIC_DILUTED_COMBINED,shares,3013073.0,2016-05-01,2017-01-31,276,3,2017-03-16,10-Q,Q3,2016,,0001564590-17-004659,2017-03-16T21:22:00.000Z,10-Q,2017-03-16,True
1348911,"KalVista Pharmaceuticals, Inc.",WeightedAverageNumberOfShareOutstandingBasicAndDiluted,SHARES_BASIC_DILUTED_COMBINED,shares,7657874.0,2016-11-01,2017-01-31,92,1,2017-03-16,10-Q,Q3,2016,,0001564590-17-004659,2017-03-16T21:22:00.000Z,10-Q,2017-03-16,True
1348911,"KalVista Pharmaceuticals, Inc.",WeightedAverageNumberOfShareOutstandingBasicAndDiluted,SHARES_BASIC_DILUTED_COMBINED,shares,3013073.0,2016-05-01,2017-01-31,276,3,2018-03-16,10-Q,Q3,2018,,0001564590-18-006049,2018-03-16T20:06:22.000Z,10-Q,2018-03-16,True
1348911,"KalVista Pharmaceuticals, Inc.",WeightedAverageNumberOfShareOutstandingBasicAndDiluted,SHARES_BASIC_DILUTED_COMBINED,shares,7657874.0,2016-11-01,2017-01-31,92,1,2018-03-16,10-Q,Q3,2018,CY2016Q4,0001564590-18-006049,2018-03-16T20:06:22.000Z,10-Q,2018-03-16,True
1348911,"KalVista Pharmaceuticals, Inc.",WeightedAverageNumberOfShareOutstandingBasicAndDiluted,SHARES_BASIC_DILUTED_COMBINED,shares,4646764.0,2016-05-01,2017-04-30,365,4,2017-07-27,10-K,FY,2017,,0001564590-17-014286,2017-07-27T20:31:26.000Z,10-K,2017-07-27,True
1348911,"KalVista Pharmaceuticals, Inc.",WeightedAverageNumberOfShareOutstandingBasicAndDiluted,SHARES_BASIC_DILUTED_COMBINED,shares,4646764.0,2016-05-01,2017-04-30,365,4,2018-07-30,10-K,FY,2018,,0001564590-18-017915,2018-07-30T21:20:23.000Z,10-K,2018-07-30,True
1348911,"KalVista Pharmaceuticals, Inc.",WeightedAverageNumberOfShareOutstandingBasicAndDiluted,SHARES_BASIC_DILUTED_COMBINED,shares,4646764.0,2016-05-01,2017-04-30,365,4,2019-07-16,10-K,FY,2019,CY2016,0001564590-19-025009,2019-07-16T11:15:24.000Z,10-K,2019-07-16,True
1348911,"KalVista Pharmaceuticals, Inc.",WeightedAverageNumberOfShareOutstandingBasicAndDiluted,SHARES_BASIC_DILUTED_COMBINED,shares,9713042.0,2017-05-01,2017-07-31,92,1,2017-09-14,10-Q,Q1,2018,,0001564590-17-018672,2017-09-14T20:26:18.000Z,10-Q,2017-09-14,True
1348911,"KalVista Pharmaceuticals, Inc.",WeightedAverageNumberOfShareOutstandingBasicAndDiluted,SHARES_BASIC_DILUTED_COMBINED,shares,9713042.0,2017-05-01,2017-07-31,92,1,2018-09-14,10-Q,Q1,2019,CY2017Q2,0001564590-18-023147,2018-09-14T20:11:38.000Z,10-Q,2018-09-14,True
1348911,"KalVista Pharmaceuticals, Inc.",WeightedAverageNumberOfShareOutstandingBasicAndDiluted,SHARES_BASIC_DILUTED_COMBINED,shares,9858502.0,2017-05-01,2017-10-31,184,2,2017-12-14,10-Q,Q2,2018,,0001564590-17-024944,2017-12-14T22:17:38.000Z,10-Q,2017-12-14,True
1348911,"KalVista Pharmaceuticals, Inc.",WeightedAverageNumberOfShareOutstandingBasicAndDiluted,SHARES_BASIC_DILUTED_COMBINED,shares,10003963.0,2017-08-01,2017-10-31,92,1,2017-12-14,10-Q,Q2,2018,,0001564590-17-024944,2017-12-14T22:17:38.000Z,10-Q,2017-12-14,True
1348911,"KalVista Pharmaceuticals, Inc.",WeightedAverageNumberOfShareOutstandingBasicAndDiluted,SHARES_BASIC_DILUTED_COMBINED,shares,9858502.0,2017-05-01,2017-10-31,184,2,2018-12-14,10-Q,Q2,2019,,0001564590-18-030939,2018-12-14T21:16:11.000Z,10-Q,2018-12-14,True
1348911,"KalVista Pharmaceuticals, Inc.",WeightedAverageNumberOfShareOutstandingBasicAndDiluted,SHARES_BASIC_DILUTED_COMBINED,shares,10003963.0,2017-08-01,2017-10-31,92,1,2018-12-14,10-Q,Q2,2019,CY2017Q3,0001564590-18-030939,2018-12-14T21:16:11.000Z,10-Q,2018-12-14,True
1348911,"KalVista Pharmaceuticals, Inc.",WeightedAverageNumberOfShareOutstandingBasicAndDiluted,SHARES_BASIC_DILUTED_COMBINED,shares,10168520.0,2017-05-01,2018-01-31,276,3,2018-03-16,10-Q,Q3,2018,,0001564590-18-006049,2018-03-16T20:06:22.000Z,10-Q,2018-03-16,True
1348911,"KalVista Pharmaceuticals, Inc.",WeightedAverageNumberOfShareOutstandingBasicAndDiluted,SHARES_BASIC_DILUTED_COMBINED,shares,10788556.0,2017-11-01,2018-01-31,92,1,2018-03-16,10-Q,Q3,2018,,0001564590-18-006049,2018-03-16T20:06:22.000Z,10-Q,2018-03-16,True
1348911,"KalVista Pharmaceuticals, Inc.",WeightedAverageNumberOfShareOutstandingBasicAndDiluted,SHARES_BASIC_DILUTED_COMBINED,shares,10168520.0,2017-05-01,2018-01-31,276,3,2019-03-14,10-Q,Q3,2019,,0001564590-19-007827,2019-03-14T20:16:17.000Z,10-Q,2019-03-14,True
1348911,"KalVista Pharmaceuticals, Inc.",WeightedAverageNumberOfShareOutstandingBasicAndDiluted,SHARES_BASIC_DILUTED_COMBINED,shares,10788556.0,2017-11-01,2018-01-31,92,1,2019-03-14,10-Q,Q3,2019,CY2017Q4,0001564590-19-007827,2019-03-14T20:16:17.000Z,10-Q,2019-03-14,True
1348911,"KalVista Pharmaceuticals, Inc.",WeightedAverageNumberOfShareOutstandingBasicAndDiluted,SHARES_BASIC_DILUTED_COMBINED,shares,10321780.0,2017-05-01,2018-04-30,365,4,2018-07-30,10-K,FY,2018,,0001564590-18-017915,2018-07-30T21:20:23.000Z,10-K,2018-07-30,True
1348911,"KalVista Pharmaceuticals, Inc.",WeightedAverageNumberOfShareOutstandingBasicAndDiluted,SHARES_BASIC_DILUTED_COMBINED,shares,10321780.0,2017-05-01,2018-04-30,365,4,2019-07-16,10-K,FY,2019,,0001564590-19-025009,2019-07-16T11:15:24.000Z,10-K,2019-07-16,True
1348911,"KalVista Pharmaceuticals, Inc.",WeightedAverageNumberOfShareOutstandingBasicAndDiluted,SHARES_BASIC_DILUTED_COMBINED,shares,10321780.0,2017-05-01,2018-04-30,365,4,2020-07-01,10-K,FY,2020,CY2017,0001564590-20-031501,2020-07-01T20:16:24.000Z,10-K,2020-07-01,True
1348911,"KalVista Pharmaceuticals, Inc.",WeightedAverageNumberOfShareOutstandingBasicAndDiluted,SHARES_BASIC_DILUTED_COMBINED,shares,10799895.0,2018-05-01,2018-07-31,92,1,2018-09-14,10-Q,Q1,2019,,0001564590-18-023147,2018-09-14T20:11:38.000Z,10-Q,2018-09-14,True
1348911,"KalVista Pharmaceuticals, Inc.",WeightedAverageNumberOfShareOutstandingBasicAndDiluted,SHARES_BASIC_DILUTED_COMBINED,shares,10799895.0,2018-05-01,2018-07-31,92,1,2019-09-09,10-Q,Q1,2020,CY2018Q2,0001564590-19-034364,2019-09-09T20:18:05.000Z,10-Q,2019-09-09,True
1348911,"KalVista Pharmaceuticals, Inc.",WeightedAverageNumberOfShareOutstandingBasicAndDiluted,SHARES_BASIC_DILUTED_COMBINED,shares,12954083.0,2018-05-01,2018-10-31,184,2,2018-12-14,10-Q,Q2,2019,,0001564590-18-030939,2018-12-14T21:16:11.000Z,10-Q,2018-12-14,True
1348911,"KalVista Pharmaceuticals, Inc.",WeightedAverageNumberOfShareOutstandingBasicAndDiluted,SHARES_BASIC_DILUTED_COMBINED,shares,15108272.0,2018-08-01,2018-10-31,92,1,2018-12-14,10-Q,Q2,2019,,0001564590-18-030939,2018-12-14T21:16:11.000Z,10-Q,2018-12-14,True
1348911,"KalVista Pharmaceuticals, Inc.",WeightedAverageNumberOfShareOutstandingBasicAndDiluted,SHARES_BASIC_DILUTED_COMBINED,shares,12954083.0,2018-05-01,2018-10-31,184,2,2019-12-03,10-Q,Q2,2020,,0001564590-19-045155,2019-12-03T21:16:20.000Z,10-Q,2019-12-03,True
1348911,"KalVista Pharmaceuticals, Inc.",WeightedAverageNumberOfShareOutstandingBasicAndDiluted,SHARES_BASIC_DILUTED_COMBINED,shares,15108272.0,2018-08-01,2018-10-31,92,1,2019-12-03,10-Q,Q2,2020,CY2018Q3,0001564590-19-045155,2019-12-03T21:16:20.000Z,10-Q,2019-12-03,True
1348911,"KalVista Pharmaceuticals, Inc.",WeightedAverageNumberOfShareOutstandingBasicAndDiluted,SHARES_BASIC_DILUTED_COMBINED,shares,14379872.0,2018-05-01,2019-01-31,276,3,2019-03-14,10-Q,Q3,2019,,0001564590-19-007827,2019-03-14T20:16:17.000Z,10-Q,2019-03-14,True
1348911,"KalVista Pharmaceuticals, Inc.",WeightedAverageNumberOfShareOutstandingBasicAndDiluted,SHARES_BASIC_DILUTED_COMBINED,shares,17231449.0,2018-11-01,2019-01-31,92,1,2019-03-14,10-Q,Q3,2019,,0001564590-19-007827,2019-03-14T20:16:17.000Z,10-Q,2019-03-14,True
1348911,"KalVista Pharmaceuticals, Inc.",WeightedAverageNumberOfShareOutstandingBasicAndDiluted,SHARES_BASIC_DILUTED_COMBINED,shares,14379872.0,2018-05-01,2019-01-31,276,3,2020-03-10,10-Q,Q3,2020,,0001564590-20-009752,2020-03-10T20:18:21.000Z,10-Q,2020-03-10,True
1348911,"KalVista Pharmaceuticals, Inc.",WeightedAverageNumberOfShareOutstandingBasicAndDiluted,SHARES_BASIC_DILUTED_COMBINED,shares,17231449.0,2018-11-01,2019-01-31,92,1,2020-03-10,10-Q,Q3,2020,CY2018Q4,0001564590-20-009752,2020-03-10T20:18:21.000Z,10-Q,2020-03-10,True
1348911,"KalVista Pharmaceuticals, Inc.",WeightedAverageNumberOfShareOutstandingBasicAndDiluted,SHARES_BASIC_DILUTED_COMBINED,shares,15080863.0,2018-05-01,2019-04-30,365,4,2019-07-16,10-K,FY,2019,,0001564590-19-025009,2019-07-16T11:15:24.000Z,10-K,2019-07-16,True
1348911,"KalVista Pharmaceuticals, Inc.",WeightedAverageNumberOfShareOutstandingBasicAndDiluted,SHARES_BASIC_DILUTED_COMBINED,shares,15080863.0,2018-05-01,2019-04-30,365,4,2020-07-01,10-K,FY,2020,,0001564590-20-031501,2020-07-01T20:16:24.000Z,10-K,2020-07-01,True
1348911,"KalVista Pharmaceuticals, Inc.",WeightedAverageNumberOfShareOutstandingBasicAndDiluted,SHARES_BASIC_DILUTED_COMBINED,shares,15080863.0,2018-05-01,2019-04-30,365,4,2021-07-13,10-K,FY,2021,CY2018,0001564590-21-036441,2021-07-13T20:09:36.000Z,10-K,2021-07-13,True
1348911,"KalVista Pharmaceuticals, Inc.",WeightedAverageNumberOfShareOutstandingBasicAndDiluted,SHARES_BASIC_DILUTED_COMBINED,shares,17488997.0,2019-05-01,2019-07-31,92,1,2019-09-09,10-Q,Q1,2020,,0001564590-19-034364,2019-09-09T20:18:05.000Z,10-Q,2019-09-09,True
1348911,"KalVista Pharmaceuticals, Inc.",WeightedAverageNumberOfShareOutstandingBasicAndDiluted,SHARES_BASIC_DILUTED_COMBINED,shares,17488997.0,2019-05-01,2019-07-31,92,1,2020-09-14,10-Q,Q1,2021,CY2019Q2,0001564590-20-043418,2020-09-14T20:15:31.000Z,10-Q,2020-09-14,True
1348911,"KalVista Pharmaceuticals, Inc.",WeightedAverageNumberOfShareOutstandingBasicAndDiluted,SHARES_BASIC_DILUTED_COMBINED,shares,17656150.0,2019-05-01,2019-10-31,184,2,2019-12-03,10-Q,Q2,2020,,0001564590-19-045155,2019-12-03T21:16:20.000Z,10-Q,2019-12-03,True
1348911,"KalVista Pharmaceuticals, Inc.",WeightedAverageNumberOfShareOutstandingBasicAndDiluted,SHARES_BASIC_DILUTED_COMBINED,shares,17823302.0,2019-08-01,2019-10-31,92,1,2019-12-03,10-Q,Q2,2020,,0001564590-19-045155,2019-12-03T21:16:20.000Z,10-Q,2019-12-03,True
1348911,"KalVista Pharmaceuticals, Inc.",WeightedAverageNumberOfShareOutstandingBasicAndDiluted,SHARES_BASIC_DILUTED_COMBINED,shares,17656150.0,2019-05-01,2019-10-31,184,2,2020-12-10,10-Q,Q2,2021,,0001564590-20-056718,2020-12-10T21:05:37.000Z,10-Q,2020-12-10,True
1348911,"KalVista Pharmaceuticals, Inc.",WeightedAverageNumberOfShareOutstandingBasicAndDiluted,SHARES_BASIC_DILUTED_COMBINED,shares,17823302.0,2019-08-01,2019-10-31,92,1,2020-12-10,10-Q,Q2,2021,CY2019Q3,0001564590-20-056718,2020-12-10T21:05:37.000Z,10-Q,2020-12-10,True
1348911,"KalVista Pharmaceuticals, Inc.",WeightedAverageNumberOfShareOutstandingBasicAndDiluted,SHARES_BASIC_DILUTED_COMBINED,shares,17717057.0,2019-05-01,2020-01-31,276,3,2020-03-10,10-Q,Q3,2020,,0001564590-20-009752,2020-03-10T20:18:21.000Z,10-Q,2020-03-10,True
1348911,"KalVista Pharmaceuticals, Inc.",WeightedAverageNumberOfShareOutstandingBasicAndDiluted,SHARES_BASIC_DILUTED_COMBINED,shares,17838872.0,2019-11-01,2020-01-31,92,1,2020-03-10,10-Q,Q3,2020,,0001564590-20-009752,2020-03-10T20:18:21.000Z,10-Q,2020-03-10,True
1348911,"KalVista Pharmaceuticals, Inc.",WeightedAverageNumberOfShareOutstandingBasicAndDiluted,SHARES_BASIC_DILUTED_COMBINED,shares,17717057.0,2019-05-01,2020-01-31,276,3,2021-03-11,10-Q,Q3,2021,,0001564590-21-012500,2021-03-11T21:08:42.000Z,10-Q,2021-03-11,True
1348911,"KalVista Pharmaceuticals, Inc.",WeightedAverageNumberOfShareOutstandingBasicAndDiluted,SHARES_BASIC_DILUTED_COMBINED,shares,17838872.0,2019-11-01,2020-01-31,92,1,2021-03-11,10-Q,Q3,2021,CY2019Q4,0001564590-21-012500,2021-03-11T21:08:42.000Z,10-Q,2021-03-11,True
1348911,"KalVista Pharmaceuticals, Inc.",WeightedAverageNumberOfShareOutstandingBasicAndDiluted,SHARES_BASIC_DILUTED_COMBINED,shares,17748666.0,2019-05-01,2020-04-30,366,4,2020-07-01,10-K,FY,2020,,0001564590-20-031501,2020-07-01T20:16:24.000Z,10-K,2020-07-01,True
1348911,"KalVista Pharmaceuticals, Inc.",WeightedAverageNumberOfShareOutstandingBasicAndDiluted,SHARES_BASIC_DILUTED_COMBINED,shares,17748666.0,2019-05-01,2020-04-30,366,4,2021-07-13,10-K,FY,2021,CY2019,0001564590-21-036441,2021-07-13T20:09:36.000Z,10-K,2021-07-13,True
1348911,"KalVista Pharmaceuticals, Inc.",WeightedAverageNumberOfShareOutstandingBasicAndDiluted,SHARES_BASIC_DILUTED_COMBINED,shares,17848583.0,2020-05-01,2020-07-31,92,1,2020-09-14,10-Q,Q1,2021,,0001564590-20-043418,2020-09-14T20:15:31.000Z,10-Q,2020-09-14,True
1348911,"KalVista Pharmaceuticals, Inc.",WeightedAverageNumberOfShareOutstandingBasicAndDiluted,SHARES_BASIC_DILUTED_COMBINED,shares,17848583.0,2020-05-01,2020-07-31,92,1,2021-09-09,10-Q,Q1,2022,CY2020Q2,0001564590-21-047480,2021-09-09T20:16:06.000Z,10-Q,2021-09-09,True
1348911,"KalVista Pharmaceuticals, Inc.",WeightedAverageNumberOfShareOutstandingBasicAndDiluted,SHARES_BASIC_DILUTED_COMBINED,shares,17877988.0,2020-05-01,2020-10-31,184,2,2020-12-10,10-Q,Q2,2021,,0001564590-20-056718,2020-12-10T21:05:37.000Z,10-Q,2020-12-10,True
1348911,"KalVista Pharmaceuticals, Inc.",WeightedAverageNumberOfShareOutstandingBasicAndDiluted,SHARES_BASIC_DILUTED_COMBINED,shares,17907393.0,2020-08-01,2020-10-31,92,1,2020-12-10,10-Q,Q2,2021,,0001564590-20-056718,2020-12-10T21:05:37.000Z,10-Q,2020-12-10,True
1348911,"KalVista Pharmaceuticals, Inc.",WeightedAverageNumberOfShareOutstandingBasicAndDiluted,SHARES_BASIC_DILUTED_COMBINED,shares,17877988.0,2020-05-01,2020-10-31,184,2,2021-12-09,10-Q,Q2,2022,,0000950170-21-005116,2021-12-09T21:16:02.000Z,10-Q,2021-12-09,True
1348911,"KalVista Pharmaceuticals, Inc.",WeightedAverageNumberOfShareOutstandingBasicAndDiluted,SHARES_BASIC_DILUTED_COMBINED,shares,17907393.0,2020-08-01,2020-10-31,92,1,2021-12-09,10-Q,Q2,2022,CY2020Q3,0000950170-21-005116,2021-12-09T21:16:02.000Z,10-Q,2021-12-09,True
1348911,"KalVista Pharmaceuticals, Inc.",WeightedAverageNumberOfShareOutstandingBasicAndDiluted,SHARES_BASIC_DILUTED_COMBINED,shares,17905926.0,2020-05-01,2021-01-31,276,3,2021-03-11,10-Q,Q3,2021,,0001564590-21-012500,2021-03-11T21:08:42.000Z,10-Q,2021-03-11,True
1348911,"KalVista Pharmaceuticals, Inc.",WeightedAverageNumberOfShareOutstandingBasicAndDiluted,SHARES_BASIC_DILUTED_COMBINED,shares,17961802.0,2020-11-01,2021-01-31,92,1,2021-03-11,10-Q,Q3,2021,,0001564590-21-012500,2021-03-11T21:08:42.000Z,10-Q,2021-03-11,True
1348911,"KalVista Pharmaceuticals, Inc.",WeightedAverageNumberOfShareOutstandingBasicAndDiluted,SHARES_BASIC_DILUTED_COMBINED,shares,17905926.0,2020-05-01,2021-01-31,276,3,2022-03-10,10-Q,Q3,2022,,0000950170-22-003361,2022-03-10T21:10:05.000Z,10-Q,2022-03-10,True
1348911,"KalVista Pharmaceuticals, Inc.",WeightedAverageNumberOfShareOutstandingBasicAndDiluted,SHARES_BASIC_DILUTED_COMBINED,shares,17961802.0,2020-11-01,2021-01-31,92,1,2022-03-10,10-Q,Q3,2022,CY2020Q4,0000950170-22-003361,2022-03-10T21:10:05.000Z,10-Q,2022-03-10,True
1348911,"KalVista Pharmaceuticals, Inc.",WeightedAverageNumberOfShareOutstandingBasicAndDiluted,SHARES_BASIC_DILUTED_COMBINED,shares,19094440.0,2020-05-01,2021-04-30,365,4,2021-07-13,10-K,FY,2021,CY2020,0001564590-21-036441,2021-07-13T20:09:36.000Z,10-K,2021-07-13,True
1348911,"KalVista Pharmaceuticals, Inc.",WeightedAverageNumberOfShareOutstandingBasicAndDiluted,SHARES_BASIC_DILUTED_COMBINED,shares,24429919.0,2021-05-01,2021-07-31,92,1,2021-09-09,10-Q,Q1,2022,CY2021Q2,0001564590-21-047480,2021-09-09T20:16:06.000Z,10-Q,2021-09-09,True
1348911,"KalVista Pharmaceuticals, Inc.",WeightedAverageNumberOfShareOutstandingBasicAndDiluted,SHARES_BASIC_DILUTED_COMBINED,shares,24434852.0,2021-05-01,2021-10-31,184,2,2021-12-09,10-Q,Q2,2022,,0000950170-21-005116,2021-12-09T21:16:02.000Z,10-Q,2021-12-09,True
1348911,"KalVista Pharmaceuticals, Inc.",WeightedAverageNumberOfShareOutstandingBasicAndDiluted,SHARES_BASIC_DILUTED_COMBINED,shares,24439623.0,2021-08-01,2021-10-31,92,1,2021-12-09,10-Q,Q2,2022,CY2021Q3,0000950170-21-005116,2021-12-09T21:16:02.000Z,10-Q,2021-12-09,True
1348911,"KalVista Pharmaceuticals, Inc.",WeightedAverageNumberOfShareOutstandingBasicAndDiluted,SHARES_BASIC_DILUTED_COMBINED,shares,24449788.0,2021-05-01,2022-01-31,276,3,2022-03-10,10-Q,Q3,2022,,0000950170-22-003361,2022-03-10T21:10:05.000Z,10-Q,2022-03-10,True
1348911,"KalVista Pharmaceuticals, Inc.",WeightedAverageNumberOfShareOutstandingBasicAndDiluted,SHARES_BASIC_DILUTED_COMBINED,shares,24479660.0,2021-11-01,2022-01-31,92,1,2022-03-10,10-Q,Q3,2022,CY2021Q4,0000950170-22-003361,2022-03-10T21:10:05.000Z,10-Q,2022-03-10,True
1366246,Glu Mobile Inc.,NetCashProvidedByUsedInOperatingActivitiesContinuingOperations,CFO_CONTINUING,USD,-29015000.0,2017-01-01,2017-03-31,90,1,2017-05-08,10-Q,Q1,2017,CY2017Q1,0001558370-17-003809,2017-05-08T16:53:30.000Z,10-Q,2017-05-08,True
1366246,Glu Mobile Inc.,WeightedAverageNumberDilutedSharesOutstandingAdjustment,DILUTED_SHARES_ADJUSTMENT,shares,14978000.0,2019-01-01,2019-03-31,90,1,2019-05-10,10-Q,Q1,2019,,0001558370-19-004856,2019-05-10T16:13:28.000Z,10-Q,2019-05-10,True
1366246,Glu Mobile Inc.,WeightedAverageNumberDilutedSharesOutstandingAdjustment,DILUTED_SHARES_ADJUSTMENT,shares,14978000.0,2019-01-01,2019-03-31,90,1,2020-05-11,10-Q,Q1,2020,CY2019Q1,0001558370-20-006292,2020-05-11T16:48:24.000Z,10-Q,2020-05-11,True
1366246,Glu Mobile Inc.,WeightedAverageNumberDilutedSharesOutstandingAdjustment,DILUTED_SHARES_ADJUSTMENT,shares,14605000.0,2019-01-01,2019-06-30,181,2,2019-08-08,10-Q,Q2,2019,,0001558370-19-007688,2019-08-08T16:02:42.000Z,10-Q,2019-08-08,True
1366246,Glu Mobile Inc.,WeightedAverageNumberDilutedSharesOutstandingAdjustment,DILUTED_SHARES_ADJUSTMENT,shares,14231000.0,2019-04-01,2019-06-30,91,1,2019-08-08,10-Q,Q2,2019,,0001558370-19-007688,2019-08-08T16:02:42.000Z,10-Q,2019-08-08,True
1366246,Glu Mobile Inc.,WeightedAverageNumberDilutedSharesOutstandingAdjustment,DILUTED_SHARES_ADJUSTMENT,shares,14605000.0,2019-01-01,2019-06-30,181,2,2020-08-07,10-Q,Q2,2020,,0001558370-20-009967,2020-08-07T18:53:00.000Z,10-Q,2020-08-07,True
1366246,Glu Mobile Inc.,WeightedAverageNumberDilutedSharesOutstandingAdjustment,DILUTED_SHARES_ADJUSTMENT,shares,14231000.0,2019-04-01,2019-06-30,91,1,2020-08-07,10-Q,Q2,2020,CY2019Q2,0001558370-20-009967,2020-08-07T18:53:00.000Z,10-Q,2020-08-07,True
1366246,Glu Mobile Inc.,WeightedAverageNumberDilutedSharesOutstandingAdjustment,DILUTED_SHARES_ADJUSTMENT,shares,11545000.0,2019-01-01,2019-12-31,365,4,2020-02-28,10-K,FY,2019,,0001558370-20-001804,2020-02-28T17:14:58.000Z,10-K,2020-02-28,True
1366246,Glu Mobile Inc.,WeightedAverageNumberDilutedSharesOutstandingAdjustment,DILUTED_SHARES_ADJUSTMENT,shares,11545000.0,2019-01-01,2019-12-31,365,4,2021-02-26,10-K,FY,2020,CY2019,0001558370-21-002009,2021-02-26T16:18:27.000Z,10-K,2021-02-26,True
1366246,Glu Mobile Inc.,WeightedAverageNumberDilutedSharesOutstandingAdjustment,DILUTED_SHARES_ADJUSTMENT,shares,10338000.0,2020-07-01,2020-09-30,92,1,2020-11-09,10-Q,Q3,2020,CY2020Q3,0001558370-20-013355,2020-11-09T16:10:58.000Z,10-Q,2020-11-09,True
1366246,Glu Mobile Inc.,WeightedAverageNumberDilutedSharesOutstandingAdjustment,DILUTED_SHARES_ADJUSTMENT,shares,10646000.0,2020-01-01,2020-12-31,366,4,2021-02-26,10-K,FY,2020,CY2020,0001558370-21-002009,2021-02-26T16:18:27.000Z,10-K,2021-02-26,True
1366246,Glu Mobile Inc.,WeightedAverageNumberOfShareOutstandingBasicAndDiluted,SHARES_BASIC_DILUTED_COMBINED,shares,134336000.0,2017-01-01,2017-03-31,90,1,2017-05-08,10-Q,Q1,2017,,0001558370-17-003809,2017-05-08T16:53:30.000Z,10-Q,2017-05-08,True
1366246,Glu Mobile Inc.,WeightedAverageNumberOfShareOutstandingBasicAndDiluted,SHARES_BASIC_DILUTED_COMBINED,shares,134336000.0,2017-01-01,2017-03-31,90,1,2018-05-09,10-Q,Q1,2018,CY2017Q1,0001558370-18-004489,2018-05-09T16:23:50.000Z,10-Q,2018-05-09,True
1366246,Glu Mobile Inc.,WeightedAverageNumberOfShareOutstandingBasicAndDiluted,SHARES_BASIC_DILUTED_COMBINED,shares,134700000.0,2017-01-01,2017-06-30,181,2,2017-08-07,10-Q,Q2,2017,,0001558370-17-006140,2017-08-07T17:13:05.000Z,10-Q,2017-08-07,True
1366246,Glu Mobile Inc.,WeightedAverageNumberOfShareOutstandingBasicAndDiluted,SHARES_BASIC_DILUTED_COMBINED,shares,135065000.0,2017-04-01,2017-06-30,91,1,2017-08-07,10-Q,Q2,2017,,0001558370-17-006140,2017-08-07T17:13:05.000Z,10-Q,2017-08-07,True
1366246,Glu Mobile Inc.,WeightedAverageNumberOfShareOutstandingBasicAndDiluted,SHARES_BASIC_DILUTED_COMBINED,shares,134700000.0,2017-01-01,2017-06-30,181,2,2018-08-08,10-Q,Q2,2018,,0001558370-18-006747,2018-08-08T16:02:37.000Z,10-Q,2018-08-08,True
1366246,Glu Mobile Inc.,WeightedAverageNumberOfShareOutstandingBasicAndDiluted,SHARES_BASIC_DILUTED_COMBINED,shares,135065000.0,2017-04-01,2017-06-30,91,1,2018-08-08,10-Q,Q2,2018,CY2017Q2,0001558370-18-006747,2018-08-08T16:02:37.000Z,10-Q,2018-08-08,True
1366246,Glu Mobile Inc.,WeightedAverageNumberOfShareOutstandingBasicAndDiluted,SHARES_BASIC_DILUTED_COMBINED,shares,135047000.0,2017-01-01,2017-09-30,273,3,2017-11-09,10-Q,Q3,2017,,0001558370-17-008610,2017-11-08T21:11:06.000Z,10-Q,2017-11-09,True
1366246,Glu Mobile Inc.,WeightedAverageNumberOfShareOutstandingBasicAndDiluted,SHARES_BASIC_DILUTED_COMBINED,shares,135726000.0,2017-07-01,2017-09-30,92,1,2017-11-09,10-Q,Q3,2017,,0001558370-17-008610,2017-11-08T21:11:06.000Z,10-Q,2017-11-09,True
1366246,Glu Mobile Inc.,WeightedAverageNumberOfShareOutstandingBasicAndDiluted,SHARES_BASIC_DILUTED_COMBINED,shares,135047000.0,2017-01-01,2017-09-30,273,3,2018-11-08,10-Q,Q3,2018,,0001558370-18-009040,2018-11-08T16:34:42.000Z,10-Q,2018-11-08,True
1366246,Glu Mobile Inc.,WeightedAverageNumberOfShareOutstandingBasicAndDiluted,SHARES_BASIC_DILUTED_COMBINED,shares,135726000.0,2017-07-01,2017-09-30,92,1,2018-11-08,10-Q,Q3,2018,CY2017Q3,0001558370-18-009040,2018-11-08T16:34:42.000Z,10-Q,2018-11-08,True
1366246,Glu Mobile Inc.,WeightedAverageNumberOfShareOutstandingBasicAndDiluted,SHARES_BASIC_DILUTED_COMBINED,shares,135715000.0,2017-01-01,2017-12-31,365,4,2018-03-09,10-K,FY,2017,,0001558370-18-001808,2018-03-09T16:54:09.000Z,10-K,2018-03-09,True
1366246,Glu Mobile Inc.,WeightedAverageNumberOfShareOutstandingBasicAndDiluted,SHARES_BASIC_DILUTED_COMBINED,shares,135715000.0,2017-01-01,2017-12-31,365,4,2019-02-28,10-K,FY,2018,,0001558370-19-001331,2019-02-28T16:46:21.000Z,10-K,2019-02-28,True
1366246,Glu Mobile Inc.,WeightedAverageNumberOfShareOutstandingBasicAndDiluted,SHARES_BASIC_DILUTED_COMBINED,shares,135715000.0,2017-01-01,2017-12-31,365,4,2020-02-28,10-K,FY,2019,CY2017,0001558370-20-001804,2020-02-28T17:14:58.000Z,10-K,2020-02-28,True
1366246,Glu Mobile Inc.,WeightedAverageNumberOfShareOutstandingBasicAndDiluted,SHARES_BASIC_DILUTED_COMBINED,shares,139108000.0,2018-01-01,2018-03-31,90,1,2018-05-09,10-Q,Q1,2018,,0001558370-18-004489,2018-05-09T16:23:50.000Z,10-Q,2018-05-09,True
1366246,Glu Mobile Inc.,WeightedAverageNumberOfShareOutstandingBasicAndDiluted,SHARES_BASIC_DILUTED_COMBINED,shares,139108000.0,2018-01-01,2018-03-31,90,1,2019-05-10,10-Q,Q1,2019,CY2018Q1,0001558370-19-004856,2019-05-10T16:13:28.000Z,10-Q,2019-05-10,True
1366246,Glu Mobile Inc.,WeightedAverageNumberOfShareOutstandingBasicAndDiluted,SHARES_BASIC_DILUTED_COMBINED,shares,139821000.0,2018-01-01,2018-06-30,181,2,2018-08-08,10-Q,Q2,2018,,0001558370-18-006747,2018-08-08T16:02:37.000Z,10-Q,2018-08-08,True
1366246,Glu Mobile Inc.,WeightedAverageNumberOfShareOutstandingBasicAndDiluted,SHARES_BASIC_DILUTED_COMBINED,shares,140534000.0,2018-04-01,2018-06-30,91,1,2018-08-08,10-Q,Q2,2018,,0001558370-18-006747,2018-08-08T16:02:37.000Z,10-Q,2018-08-08,True
1366246,Glu Mobile Inc.,WeightedAverageNumberOfShareOutstandingBasicAndDiluted,SHARES_BASIC_DILUTED_COMBINED,shares,139821000.0,2018-01-01,2018-06-30,181,2,2019-08-08,10-Q,Q2,2019,,0001558370-19-007688,2019-08-08T16:02:42.000Z,10-Q,2019-08-08,True
1366246,Glu Mobile Inc.,WeightedAverageNumberOfShareOutstandingBasicAndDiluted,SHARES_BASIC_DILUTED_COMBINED,shares,140534000.0,2018-04-01,2018-06-30,91,1,2019-08-08,10-Q,Q2,2019,CY2018Q2,0001558370-19-007688,2019-08-08T16:02:42.000Z,10-Q,2019-08-08,True
1366246,Glu Mobile Inc.,WeightedAverageNumberOfShareOutstandingBasicAndDiluted,SHARES_BASIC_DILUTED_COMBINED,shares,140685000.0,2018-01-01,2018-09-30,273,3,2018-11-08,10-Q,Q3,2018,,0001558370-18-009040,2018-11-08T16:34:42.000Z,10-Q,2018-11-08,True
1366246,Glu Mobile Inc.,WeightedAverageNumberOfShareOutstandingBasicAndDiluted,SHARES_BASIC_DILUTED_COMBINED,shares,142378000.0,2018-07-01,2018-09-30,92,1,2018-11-08,10-Q,Q3,2018,,0001558370-18-009040,2018-11-08T16:34:42.000Z,10-Q,2018-11-08,True
1366246,Glu Mobile Inc.,WeightedAverageNumberOfShareOutstandingBasicAndDiluted,SHARES_BASIC_DILUTED_COMBINED,shares,140685000.0,2018-01-01,2018-09-30,273,3,2019-11-08,10-Q,Q3,2019,,0001558370-19-010596,2019-11-08T16:03:19.000Z,10-Q,2019-11-08,True
1366246,Glu Mobile Inc.,WeightedAverageNumberOfShareOutstandingBasicAndDiluted,SHARES_BASIC_DILUTED_COMBINED,shares,142378000.0,2018-07-01,2018-09-30,92,1,2019-11-08,10-Q,Q3,2019,CY2018Q3,0001558370-19-010596,2019-11-08T16:03:19.000Z,10-Q,2019-11-08,True
1366246,Glu Mobile Inc.,WeightedAverageNumberOfShareOutstandingBasicAndDiluted,SHARES_BASIC_DILUTED_COMBINED,shares,141402000.0,2018-01-01,2018-12-31,365,4,2019-02-28,10-K,FY,2018,,0001558370-19-001331,2019-02-28T16:46:21.000Z,10-K,2019-02-28,True
1366246,Glu Mobile Inc.,WeightedAverageNumberOfShareOutstandingBasicAndDiluted,SHARES_BASIC_DILUTED_COMBINED,shares,141402000.0,2018-01-01,2018-12-31,365,4,2020-02-28,10-K,FY,2019,,0001558370-20-001804,2020-02-28T17:14:58.000Z,10-K,2020-02-28,True
1366246,Glu Mobile Inc.,WeightedAverageNumberOfShareOutstandingBasicAndDiluted,SHARES_BASIC_DILUTED_COMBINED,shares,141402000.0,2018-01-01,2018-12-31,365,4,2021-02-26,10-K,FY,2020,CY2018,0001558370-21-002009,2021-02-26T16:18:27.000Z,10-K,2021-02-26,True
1366246,Glu Mobile Inc.,WeightedAverageNumberOfShareOutstandingBasicAndDiluted,SHARES_BASIC_DILUTED_COMBINED,shares,159423000.0,2019-01-01,2019-03-31,90,1,2019-05-10,10-Q,Q1,2019,,0001558370-19-004856,2019-05-10T16:13:28.000Z,10-Q,2019-05-10,True
1366246,Glu Mobile Inc.,WeightedAverageNumberOfShareOutstandingBasicAndDiluted,SHARES_BASIC_DILUTED_COMBINED,shares,159423000.0,2019-01-01,2019-03-31,90,1,2020-05-11,10-Q,Q1,2020,CY2019Q1,0001558370-20-006292,2020-05-11T16:48:24.000Z,10-Q,2020-05-11,True
1366246,Glu Mobile Inc.,WeightedAverageNumberOfShareOutstandingBasicAndDiluted,SHARES_BASIC_DILUTED_COMBINED,shares,159556000.0,2019-01-01,2019-06-30,181,2,2019-08-08,10-Q,Q2,2019,,0001558370-19-007688,2019-08-08T16:02:42.000Z,10-Q,2019-08-08,True
1366246,Glu Mobile Inc.,WeightedAverageNumberOfShareOutstandingBasicAndDiluted,SHARES_BASIC_DILUTED_COMBINED,shares,159682000.0,2019-04-01,2019-06-30,91,1,2019-08-08,10-Q,Q2,2019,,0001558370-19-007688,2019-08-08T16:02:42.000Z,10-Q,2019-08-08,True
1366246,Glu Mobile Inc.,WeightedAverageNumberOfShareOutstandingBasicAndDiluted,SHARES_BASIC_DILUTED_COMBINED,shares,159556000.0,2019-01-01,2019-06-30,181,2,2020-08-07,10-Q,Q2,2020,,0001558370-20-009967,2020-08-07T18:53:00.000Z,10-Q,2020-08-07,True
1366246,Glu Mobile Inc.,WeightedAverageNumberOfShareOutstandingBasicAndDiluted,SHARES_BASIC_DILUTED_COMBINED,shares,159682000.0,2019-04-01,2019-06-30,91,1,2020-08-07,10-Q,Q2,2020,CY2019Q2,0001558370-20-009967,2020-08-07T18:53:00.000Z,10-Q,2020-08-07,True
1366246,Glu Mobile Inc.,WeightedAverageNumberOfShareOutstandingBasicAndDiluted,SHARES_BASIC_DILUTED_COMBINED,shares,145381000.0,2019-01-01,2019-09-30,273,3,2019-11-08,10-Q,Q3,2019,,0001558370-19-010596,2019-11-08T16:03:19.000Z,10-Q,2019-11-08,True
1366246,Glu Mobile Inc.,WeightedAverageNumberOfShareOutstandingBasicAndDiluted,SHARES_BASIC_DILUTED_COMBINED,shares,146210000.0,2019-07-01,2019-09-30,92,1,2019-11-08,10-Q,Q3,2019,,0001558370-19-010596,2019-11-08T16:03:19.000Z,10-Q,2019-11-08,True
1366246,Glu Mobile Inc.,WeightedAverageNumberOfShareOutstandingBasicAndDiluted,SHARES_BASIC_DILUTED_COMBINED,shares,145381000.0,2019-01-01,2019-09-30,273,3,2020-11-09,10-Q,Q3,2020,,0001558370-20-013355,2020-11-09T16:10:58.000Z,10-Q,2020-11-09,True
1366246,Glu Mobile Inc.,WeightedAverageNumberOfShareOutstandingBasicAndDiluted,SHARES_BASIC_DILUTED_COMBINED,shares,146210000.0,2019-07-01,2019-09-30,92,1,2020-11-09,10-Q,Q3,2020,CY2019Q3,0001558370-20-013355,2020-11-09T16:10:58.000Z,10-Q,2020-11-09,True
1366246,Glu Mobile Inc.,WeightedAverageNumberOfShareOutstandingBasicAndDiluted,SHARES_BASIC_DILUTED_COMBINED,shares,157383000.0,2019-01-01,2019-12-31,365,4,2020-02-28,10-K,FY,2019,,0001558370-20-001804,2020-02-28T17:14:58.000Z,10-K,2020-02-28,True
1366246,Glu Mobile Inc.,WeightedAverageNumberOfShareOutstandingBasicAndDiluted,SHARES_BASIC_DILUTED_COMBINED,shares,157383000.0,2019-01-01,2019-12-31,365,4,2021-02-26,10-K,FY,2020,CY2019,0001558370-21-002009,2021-02-26T16:18:27.000Z,10-K,2021-02-26,True
1366246,Glu Mobile Inc.,WeightedAverageNumberOfShareOutstandingBasicAndDiluted,SHARES_BASIC_DILUTED_COMBINED,shares,149629000.0,2020-01-01,2020-03-31,91,1,2020-05-11,10-Q,Q1,2020,CY2020Q1,0001558370-20-006292,2020-05-11T16:48:24.000Z,10-Q,2020-05-11,True
1366246,Glu Mobile Inc.,WeightedAverageNumberOfShareOutstandingBasicAndDiluted,SHARES_BASIC_DILUTED_COMBINED,shares,153106000.0,2020-01-01,2020-06-30,182,2,2020-08-07,10-Q,Q2,2020,,0001558370-20-009967,2020-08-07T18:53:00.000Z,10-Q,2020-08-07,True
1366246,Glu Mobile Inc.,WeightedAverageNumberOfShareOutstandingBasicAndDiluted,SHARES_BASIC_DILUTED_COMBINED,shares,156583000.0,2020-04-01,2020-06-30,91,1,2020-08-07,10-Q,Q2,2020,CY2020Q2,0001558370-20-009967,2020-08-07T18:53:00.000Z,10-Q,2020-08-07,True
1366246,Glu Mobile Inc.,WeightedAverageNumberOfShareOutstandingBasicAndDiluted,SHARES_BASIC_DILUTED_COMBINED,shares,159201000.0,2020-01-01,2020-09-30,274,3,2020-11-09,10-Q,Q3,2020,,0001558370-20-013355,2020-11-09T16:10:58.000Z,10-Q,2020-11-09,True
1366246,Glu Mobile Inc.,WeightedAverageNumberOfShareOutstandingBasicAndDiluted,SHARES_BASIC_DILUTED_COMBINED,shares,181590000.0,2020-07-01,2020-09-30,92,1,2020-11-09,10-Q,Q3,2020,CY2020Q3,0001558370-20-013355,2020-11-09T16:10:58.000Z,10-Q,2020-11-09,True
1366246,Glu Mobile Inc.,WeightedAverageNumberOfShareOutstandingBasicAndDiluted,SHARES_BASIC_DILUTED_COMBINED,shares,173167000.0,2020-01-01,2020-12-31,366,4,2021-02-26,10-K,FY,2020,CY2020,0001558370-21-002009,2021-02-26T16:18:27.000Z,10-K,2021-02-26,True
1369568,"CATALYST PHARMACEUTICALS, INC.",NetCashProvidedByUsedInOperatingActivitiesContinuingOperations,CFO_CONTINUING,USD,-3878875.0,2017-01-01,2017-03-31,90,1,2017-05-10,10-Q,Q1,2017,CY2017Q1,0001193125-17-165926,2017-05-10T20:23:56.000Z,10-Q,2017-05-10,True
1369568,"CATALYST PHARMACEUTICALS, INC.",NetCashProvidedByUsedInOperatingActivitiesContinuingOperations,CFO_CONTINUING,USD,-3878875.0,2016-12-24,2017-03-31,98,1,2018-05-09,10-Q,Q1,2018,,0001193125-18-157513,2018-05-09T20:06:55.000Z,10-Q,2018-05-09,True
1369568,"CATALYST PHARMACEUTICALS, INC.",NetCashProvidedByUsedInOperatingActivitiesContinuingOperations,CFO_CONTINUING,USD,-7079864.0,2017-01-01,2017-06-30,181,2,2017-08-09,10-Q,Q2,2017,,0001193125-17-252800,2017-08-09T20:16:58.000Z,10-Q,2017-08-09,True
1369568,"CATALYST PHARMACEUTICALS, INC.",NetCashProvidedByUsedInOperatingActivitiesContinuingOperations,CFO_CONTINUING,USD,-9712705.0,2017-01-01,2017-09-30,273,3,2017-11-08,10-Q,Q3,2017,,0001193125-17-337326,2017-11-08T21:32:47.000Z,10-Q,2017-11-08,True
1369568,"CATALYST PHARMACEUTICALS, INC.",NetCashProvidedByUsedInOperatingActivitiesContinuingOperations,CFO_CONTINUING,USD,-13742572.0,2017-01-01,2017-12-31,365,4,2018-03-14,10-K,FY,2017,CY2017,0001193125-18-082292,2018-03-14T20:05:02.000Z,10-K,2018-03-14,True
1369568,"CATALYST PHARMACEUTICALS, INC.",NetCashProvidedByUsedInOperatingActivitiesContinuingOperations,CFO_CONTINUING,USD,-6081450.0,2018-01-01,2018-03-31,90,1,2018-05-09,10-Q,Q1,2018,CY2018Q1,0001193125-18-157513,2018-05-09T20:06:55.000Z,10-Q,2018-05-09,True
1369568,"CATALYST PHARMACEUTICALS, INC.",WeightedAverageNumberDilutedSharesOutstandingAdjustment,DILUTED_SHARES_ADJUSTMENT,shares,2290033.0,2019-01-01,2019-06-30,181,2,2020-08-10,10-Q,Q2,2020,,0001193125-20-214907,2020-08-10T20:06:22.000Z,10-Q,2020-08-10,True
1369568,"CATALYST PHARMACEUTICALS, INC.",WeightedAverageNumberDilutedSharesOutstandingAdjustment,DILUTED_SHARES_ADJUSTMENT,shares,3059768.0,2019-04-01,2019-06-30,91,1,2020-08-10,10-Q,Q2,2020,CY2019Q2,0001193125-20-214907,2020-08-10T20:06:22.000Z,10-Q,2020-08-10,True
1369568,"CATALYST PHARMACEUTICALS, INC.",WeightedAverageNumberDilutedSharesOutstandingAdjustment,DILUTED_SHARES_ADJUSTMENT,shares,2957038.0,2019-01-01,2019-09-30,273,3,2020-11-09,10-Q,Q3,2020,,0001193125-20-289213,2020-11-09T22:09:21.000Z,10-Q,2020-11-09,True
1369568,"CATALYST PHARMACEUTICALS, INC.",WeightedAverageNumberDilutedSharesOutstandingAdjustment,DILUTED_SHARES_ADJUSTMENT,shares,4071129.0,2019-07-01,2019-09-30,92,1,2020-11-09,10-Q,Q3,2020,CY2019Q3,0001193125-20-289213,2020-11-09T22:09:21.000Z,10-Q,2020-11-09,True
1369568,"CATALYST PHARMACEUTICALS, INC.",WeightedAverageNumberDilutedSharesOutstandingAdjustment,DILUTED_SHARES_ADJUSTMENT,shares,3076620.0,2019-01-01,2019-12-31,365,4,2021-03-15,10-K,FY,2020,,0001193125-21-081545,2021-03-15T21:17:20.000Z,10-K,2021-03-15,True
1369568,"CATALYST PHARMACEUTICALS, INC.",WeightedAverageNumberDilutedSharesOutstandingAdjustment,DILUTED_SHARES_ADJUSTMENT,shares,3076620.0,2019-01-01,2019-12-31,365,4,2022-03-16,10-K,FY,2021,CY2019,0001193125-22-077228,2022-03-16T20:06:29.000Z,10-K,2022-03-16,True
1369568,"CATALYST PHARMACEUTICALS, INC.",WeightedAverageNumberDilutedSharesOutstandingAdjustment,DILUTED_SHARES_ADJUSTMENT,shares,3127253.0,2020-01-01,2020-03-31,91,1,2021-05-10,10-Q,Q1,2021,CY2020Q1,0001193125-21-156446,2021-05-10T21:23:26.000Z,10-Q,2021-05-10,True
1369568,"CATALYST PHARMACEUTICALS, INC.",WeightedAverageNumberDilutedSharesOutstandingAdjustment,DILUTED_SHARES_ADJUSTMENT,shares,3022981.0,2020-01-01,2020-06-30,182,2,2020-08-10,10-Q,Q2,2020,,0001193125-20-214907,2020-08-10T20:06:22.000Z,10-Q,2020-08-10,True
1369568,"CATALYST PHARMACEUTICALS, INC.",WeightedAverageNumberDilutedSharesOutstandingAdjustment,DILUTED_SHARES_ADJUSTMENT,shares,3315900.0,2020-04-01,2020-06-30,91,1,2020-08-10,10-Q,Q2,2020,,0001193125-20-214907,2020-08-10T20:06:22.000Z,10-Q,2020-08-10,True
1369568,"CATALYST PHARMACEUTICALS, INC.",WeightedAverageNumberDilutedSharesOutstandingAdjustment,DILUTED_SHARES_ADJUSTMENT,shares,3022981.0,2020-01-01,2020-06-30,182,2,2021-08-09,10-Q,Q2,2021,,0001193125-21-240517,2021-08-09T20:34:31.000Z,10-Q,2021-08-09,True
1369568,"CATALYST PHARMACEUTICALS, INC.",WeightedAverageNumberDilutedSharesOutstandingAdjustment,DILUTED_SHARES_ADJUSTMENT,shares,3315900.0,2020-04-01,2020-06-30,91,1,2021-08-09,10-Q,Q2,2021,CY2020Q2,0001193125-21-240517,2021-08-09T20:34:31.000Z,10-Q,2021-08-09,True
1369568,"CATALYST PHARMACEUTICALS, INC.",WeightedAverageNumberDilutedSharesOutstandingAdjustment,DILUTED_SHARES_ADJUSTMENT,shares,2934592.0,2020-01-01,2020-09-30,274,3,2020-11-09,10-Q,Q3,2020,,0001193125-20-289213,2020-11-09T22:09:21.000Z,10-Q,2020-11-09,True
1369568,"CATALYST PHARMACEUTICALS, INC.",WeightedAverageNumberDilutedSharesOutstandingAdjustment,DILUTED_SHARES_ADJUSTMENT,shares,2780810.0,2020-07-01,2020-09-30,92,1,2020-11-09,10-Q,Q3,2020,,0001193125-20-289213,2020-11-09T22:09:21.000Z,10-Q,2020-11-09,True
1369568,"CATALYST PHARMACEUTICALS, INC.",WeightedAverageNumberDilutedSharesOutstandingAdjustment,DILUTED_SHARES_ADJUSTMENT,shares,2934592.0,2020-01-01,2020-09-30,274,3,2021-11-09,10-Q,Q3,2021,,0001193125-21-324440,2021-11-09T21:07:31.000Z,10-Q,2021-11-09,True
1369568,"CATALYST PHARMACEUTICALS, INC.",WeightedAverageNumberDilutedSharesOutstandingAdjustment,DILUTED_SHARES_ADJUSTMENT,shares,2780810.0,2020-07-01,2020-09-30,92,1,2021-11-09,10-Q,Q3,2021,CY2020Q3,0001193125-21-324440,2021-11-09T21:07:31.000Z,10-Q,2021-11-09,True
1369568,"CATALYST PHARMACEUTICALS, INC.",WeightedAverageNumberDilutedSharesOutstandingAdjustment,DILUTED_SHARES_ADJUSTMENT,shares,2729360.0,2020-01-01,2020-12-31,366,4,2021-03-15,10-K,FY,2020,,0001193125-21-081545,2021-03-15T21:17:20.000Z,10-K,2021-03-15,True
1369568,"CATALYST PHARMACEUTICALS, INC.",WeightedAverageNumberDilutedSharesOutstandingAdjustment,DILUTED_SHARES_ADJUSTMENT,shares,2729360.0,2020-01-01,2020-12-31,366,4,2022-03-16,10-K,FY,2021,,0001193125-22-077228,2022-03-16T20:06:29.000Z,10-K,2022-03-16,True
1369568,"CATALYST PHARMACEUTICALS, INC.",WeightedAverageNumberDilutedSharesOutstandingAdjustment,DILUTED_SHARES_ADJUSTMENT,shares,2865619.0,2021-01-01,2021-03-31,90,1,2021-05-10,10-Q,Q1,2021,,0001193125-21-156446,2021-05-10T21:23:26.000Z,10-Q,2021-05-10,True
1369568,"CATALYST PHARMACEUTICALS, INC.",WeightedAverageNumberDilutedSharesOutstandingAdjustment,DILUTED_SHARES_ADJUSTMENT,shares,2865619.0,2021-01-01,2021-03-31,90,1,2022-05-10,10-Q,Q1,2022,CY2021Q1,0001193125-22-146274,2022-05-10T20:07:46.000Z,10-Q,2022-05-10,True
1369568,"CATALYST PHARMACEUTICALS, INC.",WeightedAverageNumberDilutedSharesOutstandingAdjustment,DILUTED_SHARES_ADJUSTMENT,shares,3689124.0,2021-01-01,2021-06-30,181,2,2021-08-09,10-Q,Q2,2021,,0001193125-21-240517,2021-08-09T20:34:31.000Z,10-Q,2021-08-09,True
1369568,"CATALYST PHARMACEUTICALS, INC.",WeightedAverageNumberDilutedSharesOutstandingAdjustment,DILUTED_SHARES_ADJUSTMENT,shares,4327121.0,2021-04-01,2021-06-30,91,1,2021-08-09,10-Q,Q2,2021,,0001193125-21-240517,2021-08-09T20:34:31.000Z,10-Q,2021-08-09,True
1369568,"CATALYST PHARMACEUTICALS, INC.",WeightedAverageNumberDilutedSharesOutstandingAdjustment,DILUTED_SHARES_ADJUSTMENT,shares,3689124.0,2021-01-01,2021-06-30,181,2,2022-08-09,10-Q,Q2,2022,,0001193125-22-216148,2022-08-09T20:09:31.000Z,10-Q,2022-08-09,True
1369568,"CATALYST PHARMACEUTICALS, INC.",WeightedAverageNumberDilutedSharesOutstandingAdjustment,DILUTED_SHARES_ADJUSTMENT,shares,4327121.0,2021-04-01,2021-06-30,91,1,2022-08-09,10-Q,Q2,2022,CY2021Q2,0001193125-22-216148,2022-08-09T20:09:31.000Z,10-Q,2022-08-09,True
1369568,"CATALYST PHARMACEUTICALS, INC.",WeightedAverageNumberDilutedSharesOutstandingAdjustment,DILUTED_SHARES_ADJUSTMENT,shares,4005413.0,2021-01-01,2021-09-30,273,3,2021-11-09,10-Q,Q3,2021,,0001193125-21-324440,2021-11-09T21:07:31.000Z,10-Q,2021-11-09,True
1369568,"CATALYST PHARMACEUTICALS, INC.",WeightedAverageNumberDilutedSharesOutstandingAdjustment,DILUTED_SHARES_ADJUSTMENT,shares,4646646.0,2021-07-01,2021-09-30,92,1,2021-11-09,10-Q,Q3,2021,,0001193125-21-324440,2021-11-09T21:07:31.000Z,10-Q,2021-11-09,True
1369568,"CATALYST PHARMACEUTICALS, INC.",WeightedAverageNumberDilutedSharesOutstandingAdjustment,DILUTED_SHARES_ADJUSTMENT,shares,4005413.0,2021-01-01,2021-09-30,273,3,2022-11-09,10-Q,Q3,2022,,0001193125-22-281202,2022-11-09T21:07:39.000Z,10-Q,2022-11-09,True
1369568,"CATALYST PHARMACEUTICALS, INC.",WeightedAverageNumberDilutedSharesOutstandingAdjustment,DILUTED_SHARES_ADJUSTMENT,shares,4646646.0,2021-07-01,2021-09-30,92,1,2022-11-09,10-Q,Q3,2022,CY2021Q3,0001193125-22-281202,2022-11-09T21:07:39.000Z,10-Q,2022-11-09,True
1369568,"CATALYST PHARMACEUTICALS, INC.",WeightedAverageNumberDilutedSharesOutstandingAdjustment,DILUTED_SHARES_ADJUSTMENT,shares,4416236.0,2021-01-01,2021-12-31,365,4,2022-03-16,10-K,FY,2021,,0001193125-22-077228,2022-03-16T20:06:29.000Z,10-K,2022-03-16,True
1369568,"CATALYST PHARMACEUTICALS, INC.",WeightedAverageNumberDilutedSharesOutstandingAdjustment,DILUTED_SHARES_ADJUSTMENT,shares,6259325.0,2022-01-01,2022-03-31,90,1,2022-05-10,10-Q,Q1,2022,,0001193125-22-146274,2022-05-10T20:07:46.000Z,10-Q,2022-05-10,True
1369568,"CATALYST PHARMACEUTICALS, INC.",WeightedAverageNumberDilutedSharesOutstandingAdjustment,DILUTED_SHARES_ADJUSTMENT,shares,6360466.0,2022-01-01,2022-06-30,181,2,2022-08-09,10-Q,Q2,2022,,0001193125-22-216148,2022-08-09T20:09:31.000Z,10-Q,2022-08-09,True
1369568,"CATALYST PHARMACEUTICALS, INC.",WeightedAverageNumberDilutedSharesOutstandingAdjustment,DILUTED_SHARES_ADJUSTMENT,shares,6469130.0,2022-04-01,2022-06-30,91,1,2022-08-09,10-Q,Q2,2022,,0001193125-22-216148,2022-08-09T20:09:31.000Z,10-Q,2022-08-09,True
1369568,"CATALYST PHARMACEUTICALS, INC.",WeightedAverageNumberDilutedSharesOutstandingAdjustment,DILUTED_SHARES_ADJUSTMENT,shares,7384934.0,2022-01-01,2022-09-30,273,3,2022-11-09,10-Q,Q3,2022,,0001193125-22-281202,2022-11-09T21:07:39.000Z,10-Q,2022-11-09,True
1369568,"CATALYST PHARMACEUTICALS, INC.",WeightedAverageNumberDilutedSharesOutstandingAdjustment,DILUTED_SHARES_ADJUSTMENT,shares,8667453.0,2022-07-01,2022-09-30,92,1,2022-11-09,10-Q,Q3,2022,,0001193125-22-281202,2022-11-09T21:07:39.000Z,10-Q,2022-11-09,True
1369568,"CATALYST PHARMACEUTICALS, INC.",WeightedAverageNumberOfShareOutstandingBasicAndDiluted,SHARES_BASIC_DILUTED_COMBINED,shares,82972316.0,2017-01-01,2017-03-31,90,1,2017-05-10,10-Q,Q1,2017,CY2017Q1,0001193125-17-165926,2017-05-10T20:23:56.000Z,10-Q,2017-05-10,True
1369568,"CATALYST PHARMACEUTICALS, INC.",WeightedAverageNumberOfShareOutstandingBasicAndDiluted,SHARES_BASIC_DILUTED_COMBINED,shares,82972316.0,2016-12-24,2017-03-31,98,1,2018-05-09,10-Q,Q1,2018,,0001193125-18-157513,2018-05-09T20:06:55.000Z,10-Q,2018-05-09,True
1369568,"CATALYST PHARMACEUTICALS, INC.",WeightedAverageNumberOfShareOutstandingBasicAndDiluted,SHARES_BASIC_DILUTED_COMBINED,shares,83441650.0,2017-01-01,2017-06-30,181,2,2017-08-09,10-Q,Q2,2017,,0001193125-17-252800,2017-08-09T20:16:58.000Z,10-Q,2017-08-09,True
1369568,"CATALYST PHARMACEUTICALS, INC.",WeightedAverageNumberOfShareOutstandingBasicAndDiluted,SHARES_BASIC_DILUTED_COMBINED,shares,83905827.0,2017-04-01,2017-06-30,91,1,2017-08-09,10-Q,Q2,2017,,0001193125-17-252800,2017-08-09T20:16:58.000Z,10-Q,2017-08-09,True
1369568,"CATALYST PHARMACEUTICALS, INC.",WeightedAverageNumberOfShareOutstandingBasicAndDiluted,SHARES_BASIC_DILUTED_COMBINED,shares,83441650.0,2016-12-24,2017-06-30,189,2,2018-08-07,10-Q,Q2,2018,,0001193125-18-241075,2018-08-07T20:09:11.000Z,10-Q,2018-08-07,True
1369568,"CATALYST PHARMACEUTICALS, INC.",WeightedAverageNumberOfShareOutstandingBasicAndDiluted,SHARES_BASIC_DILUTED_COMBINED,shares,83905827.0,2017-04-01,2017-06-30,91,1,2018-08-07,10-Q,Q2,2018,CY2017Q2,0001193125-18-241075,2018-08-07T20:09:11.000Z,10-Q,2018-08-07,True
1369568,"CATALYST PHARMACEUTICALS, INC.",WeightedAverageNumberOfShareOutstandingBasicAndDiluted,SHARES_BASIC_DILUTED_COMBINED,shares,83898724.0,2017-01-01,2017-09-30,273,3,2017-11-08,10-Q,Q3,2017,,0001193125-17-337326,2017-11-08T21:32:47.000Z,10-Q,2017-11-08,True
1369568,"CATALYST PHARMACEUTICALS, INC.",WeightedAverageNumberOfShareOutstandingBasicAndDiluted,SHARES_BASIC_DILUTED_COMBINED,shares,84797969.0,2017-07-01,2017-09-30,92,1,2017-11-08,10-Q,Q3,2017,,0001193125-17-337326,2017-11-08T21:32:47.000Z,10-Q,2017-11-08,True
1369568,"CATALYST PHARMACEUTICALS, INC.",WeightedAverageNumberOfShareOutstandingBasicAndDiluted,SHARES_BASIC_DILUTED_COMBINED,shares,83898724.0,2017-01-01,2017-09-30,273,3,2018-11-07,10-Q,Q3,2018,,0001193125-18-320889,2018-11-07T21:08:00.000Z,10-Q,2018-11-07,True
1369568,"CATALYST PHARMACEUTICALS, INC.",WeightedAverageNumberOfShareOutstandingBasicAndDiluted,SHARES_BASIC_DILUTED_COMBINED,shares,84797969.0,2017-07-01,2017-09-30,92,1,2018-11-07,10-Q,Q3,2018,CY2017Q3,0001193125-18-320889,2018-11-07T21:08:00.000Z,10-Q,2018-11-07,True
1369568,"CATALYST PHARMACEUTICALS, INC.",WeightedAverageNumberOfShareOutstandingBasicAndDiluted,SHARES_BASIC_DILUTED_COMBINED,shares,85802487.0,2017-01-01,2017-12-31,365,4,2018-03-14,10-K,FY,2017,,0001193125-18-082292,2018-03-14T20:05:02.000Z,10-K,2018-03-14,True
1369568,"CATALYST PHARMACEUTICALS, INC.",WeightedAverageNumberOfShareOutstandingBasicAndDiluted,SHARES_BASIC_DILUTED_COMBINED,shares,85802487.0,2017-01-01,2017-12-31,365,4,2019-03-18,10-K,FY,2018,CY2017,0001193125-19-078253,2019-03-18T20:08:08.000Z,10-K,2019-03-18,True
1369568,"CATALYST PHARMACEUTICALS, INC.",WeightedAverageNumberOfShareOutstandingBasicAndDiluted,SHARES_BASIC_DILUTED_COMBINED,shares,102557350.0,2018-01-01,2018-03-31,90,1,2018-05-09,10-Q,Q1,2018,,0001193125-18-157513,2018-05-09T20:06:55.000Z,10-Q,2018-05-09,True
1369568,"CATALYST PHARMACEUTICALS, INC.",WeightedAverageNumberOfShareOutstandingBasicAndDiluted,SHARES_BASIC_DILUTED_COMBINED,shares,102557350.0,2018-01-01,2018-03-31,90,1,2019-05-10,10-Q,Q1,2019,CY2018Q1,0001193125-19-144387,2019-05-10T21:16:58.000Z,10-Q,2019-05-10,True
1369568,"CATALYST PHARMACEUTICALS, INC.",WeightedAverageNumberOfShareOutstandingBasicAndDiluted,SHARES_BASIC_DILUTED_COMBINED,shares,102577005.0,2018-01-01,2018-06-30,181,2,2018-08-07,10-Q,Q2,2018,,0001193125-18-241075,2018-08-07T20:09:11.000Z,10-Q,2018-08-07,True
1369568,"CATALYST PHARMACEUTICALS, INC.",WeightedAverageNumberOfShareOutstandingBasicAndDiluted,SHARES_BASIC_DILUTED_COMBINED,shares,102596446.0,2018-04-01,2018-06-30,91,1,2018-08-07,10-Q,Q2,2018,CY2018Q2,0001193125-18-241075,2018-08-07T20:09:11.000Z,10-Q,2018-08-07,True
1369568,"CATALYST PHARMACEUTICALS, INC.",WeightedAverageNumberOfShareOutstandingBasicAndDiluted,SHARES_BASIC_DILUTED_COMBINED,shares,102598740.0,2018-01-01,2018-09-30,273,3,2018-11-07,10-Q,Q3,2018,,0001193125-18-320889,2018-11-07T21:08:00.000Z,10-Q,2018-11-07,True
1369568,"CATALYST PHARMACEUTICALS, INC.",WeightedAverageNumberOfShareOutstandingBasicAndDiluted,SHARES_BASIC_DILUTED_COMBINED,shares,102641504.0,2018-07-01,2018-09-30,92,1,2018-11-07,10-Q,Q3,2018,CY2018Q3,0001193125-18-320889,2018-11-07T21:08:00.000Z,10-Q,2018-11-07,True
1369568,"CATALYST PHARMACEUTICALS, INC.",WeightedAverageNumberOfShareOutstandingBasicAndDiluted,SHARES_BASIC_DILUTED_COMBINED,shares,102633884.0,2018-01-01,2018-12-31,365,4,2019-03-18,10-K,FY,2018,CY2018,0001193125-19-078253,2019-03-18T20:08:08.000Z,10-K,2019-03-18,True
1369568,"CATALYST PHARMACEUTICALS, INC.",WeightedAverageNumberOfShareOutstandingBasicAndDiluted,SHARES_BASIC_DILUTED_COMBINED,shares,102747923.0,2019-01-01,2019-03-31,90,1,2019-05-10,10-Q,Q1,2019,CY2019Q1,0001193125-19-144387,2019-05-10T21:16:58.000Z,10-Q,2019-05-10,True
1401680,Cornerstone OnDemand Inc,WeightedAverageNumberOfShareOutstandingBasicAndDiluted,SHARES_BASIC_DILUTED_COMBINED,shares,56642000.0,2017-01-01,2017-03-31,90,1,2017-05-05,10-Q,Q1,2017,,0001401680-17-000011,2017-05-05T08:12:42.000Z,10-Q,2017-05-05,True
1401680,Cornerstone OnDemand Inc,WeightedAverageNumberOfShareOutstandingBasicAndDiluted,SHARES_BASIC_DILUTED_COMBINED,shares,56642000.0,2017-01-01,2017-03-31,90,1,2018-02-27,10-K,FY,2017,,0001401680-18-000004,2018-02-27T17:26:34.000Z,10-K,2018-02-27,True
1401680,Cornerstone OnDemand Inc,WeightedAverageNumberOfShareOutstandingBasicAndDiluted,SHARES_BASIC_DILUTED_COMBINED,shares,56642000.0,2017-01-01,2017-03-31,90,1,2018-05-08,10-Q,Q1,2018,,0001401680-18-000014,2018-05-08T16:37:57.000Z,10-Q,2018-05-08,True
1401680,Cornerstone OnDemand Inc,WeightedAverageNumberOfShareOutstandingBasicAndDiluted,SHARES_BASIC_DILUTED_COMBINED,shares,56642000.0,2017-01-01,2017-03-31,90,1,2019-02-26,10-K,FY,2018,CY2017Q1,0001401680-19-000006,2019-02-26T16:40:45.000Z,10-K,2019-02-26,True
1401680,Cornerstone OnDemand Inc,WeightedAverageNumberOfShareOutstandingBasicAndDiluted,SHARES_BASIC_DILUTED_COMBINED,shares,56789000.0,2017-01-01,2017-06-30,181,2,2017-08-03,10-Q,Q2,2017,,0001401680-17-000015,2017-08-03T17:24:46.000Z,10-Q,2017-08-03,True
1401680,Cornerstone OnDemand Inc,WeightedAverageNumberOfShareOutstandingBasicAndDiluted,SHARES_BASIC_DILUTED_COMBINED,shares,56935000.0,2017-04-01,2017-06-30,91,1,2017-08-03,10-Q,Q2,2017,,0001401680-17-000015,2017-08-03T17:24:46.000Z,10-Q,2017-08-03,True
1401680,Cornerstone OnDemand Inc,WeightedAverageNumberOfShareOutstandingBasicAndDiluted,SHARES_BASIC_DILUTED_COMBINED,shares,56935000.0,2017-04-01,2017-06-30,91,1,2018-02-27,10-K,FY,2017,,0001401680-18-000004,2018-02-27T17:26:34.000Z,10-K,2018-02-27,True
1401680,Cornerstone OnDemand Inc,WeightedAverageNumberOfShareOutstandingBasicAndDiluted,SHARES_BASIC_DILUTED_COMBINED,shares,56789000.0,2017-01-01,2017-06-30,181,2,2018-08-07,10-Q,Q2,2018,,0001401680-18-000018,2018-08-07T17:03:18.000Z,10-Q,2018-08-07,True
1401680,Cornerstone OnDemand Inc,WeightedAverageNumberOfShareOutstandingBasicAndDiluted,SHARES_BASIC_DILUTED_COMBINED,shares,56935000.0,2017-04-01,2017-06-30,91,1,2018-08-07,10-Q,Q2,2018,,0001401680-18-000018,2018-08-07T17:03:18.000Z,10-Q,2018-08-07,True
1401680,Cornerstone OnDemand Inc,WeightedAverageNumberOfShareOutstandingBasicAndDiluted,SHARES_BASIC_DILUTED_COMBINED,shares,56935000.0,2017-04-01,2017-06-30,91,1,2019-02-26,10-K,FY,2018,CY2017Q2,0001401680-19-000006,2019-02-26T16:40:45.000Z,10-K,2019-02-26,True
1401680,Cornerstone OnDemand Inc,WeightedAverageNumberOfShareOutstandingBasicAndDiluted,SHARES_BASIC_DILUTED_COMBINED,shares,57072000.0,2017-01-01,2017-09-30,273,3,2017-11-08,10-Q,Q3,2017,,0001401680-17-000017,2017-11-08T17:02:19.000Z,10-Q,2017-11-08,True
1401680,Cornerstone OnDemand Inc,WeightedAverageNumberOfShareOutstandingBasicAndDiluted,SHARES_BASIC_DILUTED_COMBINED,shares,57627000.0,2017-07-01,2017-09-30,92,1,2017-11-08,10-Q,Q3,2017,,0001401680-17-000017,2017-11-08T17:02:19.000Z,10-Q,2017-11-08,True
1401680,Cornerstone OnDemand Inc,WeightedAverageNumberOfShareOutstandingBasicAndDiluted,SHARES_BASIC_DILUTED_COMBINED,shares,57627000.0,2017-07-01,2017-09-30,92,1,2018-02-27,10-K,FY,2017,,0001401680-18-000004,2018-02-27T17:26:34.000Z,10-K,2018-02-27,True
1401680,Cornerstone OnDemand Inc,WeightedAverageNumberOfShareOutstandingBasicAndDiluted,SHARES_BASIC_DILUTED_COMBINED,shares,57072000.0,2017-01-01,2017-09-30,273,3,2018-11-09,10-Q,Q3,2018,,0001401680-18-000026,2018-11-09T16:05:27.000Z,10-Q,2018-11-09,True
1401680,Cornerstone OnDemand Inc,WeightedAverageNumberOfShareOutstandingBasicAndDiluted,SHARES_BASIC_DILUTED_COMBINED,shares,57627000.0,2017-07-01,2017-09-30,92,1,2018-11-09,10-Q,Q3,2018,,0001401680-18-000026,2018-11-09T16:05:27.000Z,10-Q,2018-11-09,True
1401680,Cornerstone OnDemand Inc,WeightedAverageNumberOfShareOutstandingBasicAndDiluted,SHARES_BASIC_DILUTED_COMBINED,shares,57627000.0,2017-07-01,2017-09-30,92,1,2019-02-26,10-K,FY,2018,CY2017Q3,0001401680-19-000006,2019-02-26T16:40:45.000Z,10-K,2019-02-26,True
1401680,Cornerstone OnDemand Inc,WeightedAverageNumberOfShareOutstandingBasicAndDiluted,SHARES_BASIC_DILUTED_COMBINED,shares,57262000.0,2017-01-01,2017-12-31,365,4,2018-02-27,10-K,FY,2017,,0001401680-18-000004,2018-02-27T17:26:34.000Z,10-K,2018-02-27,True
1401680,Cornerstone OnDemand Inc,WeightedAverageNumberOfShareOutstandingBasicAndDiluted,SHARES_BASIC_DILUTED_COMBINED,shares,57826000.0,2017-10-01,2017-12-31,92,1,2018-02-27,10-K,FY,2017,,0001401680-18-000004,2018-02-27T17:26:34.000Z,10-K,2018-02-27,True
1401680,Cornerstone OnDemand Inc,WeightedAverageNumberOfShareOutstandingBasicAndDiluted,SHARES_BASIC_DILUTED_COMBINED,shares,57262000.0,2017-01-01,2017-12-31,365,4,2019-02-26,10-K,FY,2018,,0001401680-19-000006,2019-02-26T16:40:45.000Z,10-K,2019-02-26,True
1401680,Cornerstone OnDemand Inc,WeightedAverageNumberOfShareOutstandingBasicAndDiluted,SHARES_BASIC_DILUTED_COMBINED,shares,57826000.0,2017-10-01,2017-12-31,92,1,2019-02-26,10-K,FY,2018,CY2017Q4,0001401680-19-000006,2019-02-26T16:40:45.000Z,10-K,2019-02-26,True
1401680,Cornerstone OnDemand Inc,WeightedAverageNumberOfShareOutstandingBasicAndDiluted,SHARES_BASIC_DILUTED_COMBINED,shares,57262000.0,2017-01-01,2017-12-31,365,4,2020-02-25,10-K,FY,2019,CY2017,0001401680-20-000004,2020-02-25T17:13:36.000Z,10-K,2020-02-25,True
1401680,Cornerstone OnDemand Inc,WeightedAverageNumberOfShareOutstandingBasicAndDiluted,SHARES_BASIC_DILUTED_COMBINED,shares,57425000.0,2018-01-01,2018-03-31,90,1,2018-05-08,10-Q,Q1,2018,,0001401680-18-000014,2018-05-08T16:37:57.000Z,10-Q,2018-05-08,True
1401680,Cornerstone OnDemand Inc,WeightedAverageNumberOfShareOutstandingBasicAndDiluted,SHARES_BASIC_DILUTED_COMBINED,shares,57425000.0,2018-01-01,2018-03-31,90,1,2019-02-26,10-K,FY,2018,,0001401680-19-000006,2019-02-26T16:40:45.000Z,10-K,2019-02-26,True
1401680,Cornerstone OnDemand Inc,WeightedAverageNumberOfShareOutstandingBasicAndDiluted,SHARES_BASIC_DILUTED_COMBINED,shares,57425000.0,2018-01-01,2018-03-31,90,1,2019-05-07,10-Q,Q1,2019,CY2018Q1,0001401680-19-000009,2019-05-07T16:32:10.000Z,10-Q,2019-05-07,True
1401680,Cornerstone OnDemand Inc,WeightedAverageNumberOfShareOutstandingBasicAndDiluted,SHARES_BASIC_DILUTED_COMBINED,shares,57635000.0,2018-01-01,2018-06-30,181,2,2018-08-07,10-Q,Q2,2018,,0001401680-18-000018,2018-08-07T17:03:18.000Z,10-Q,2018-08-07,True
1401680,Cornerstone OnDemand Inc,WeightedAverageNumberOfShareOutstandingBasicAndDiluted,SHARES_BASIC_DILUTED_COMBINED,shares,57844000.0,2018-04-01,2018-06-30,91,1,2018-08-07,10-Q,Q2,2018,,0001401680-18-000018,2018-08-07T17:03:18.000Z,10-Q,2018-08-07,True
1401680,Cornerstone OnDemand Inc,WeightedAverageNumberOfShareOutstandingBasicAndDiluted,SHARES_BASIC_DILUTED_COMBINED,shares,57844000.0,2018-04-01,2018-06-30,91,1,2019-02-26,10-K,FY,2018,,0001401680-19-000006,2019-02-26T16:40:45.000Z,10-K,2019-02-26,True
1401680,Cornerstone OnDemand Inc,WeightedAverageNumberOfShareOutstandingBasicAndDiluted,SHARES_BASIC_DILUTED_COMBINED,shares,57635000.0,2018-01-01,2018-06-30,181,2,2019-08-05,10-Q,Q2,2019,,0001401680-19-000013,2019-08-05T17:21:58.000Z,10-Q,2019-08-05,True
1401680,Cornerstone OnDemand Inc,WeightedAverageNumberOfShareOutstandingBasicAndDiluted,SHARES_BASIC_DILUTED_COMBINED,shares,57844000.0,2018-04-01,2018-06-30,91,1,2019-08-05,10-Q,Q2,2019,CY2018Q2,0001401680-19-000013,2019-08-05T17:21:58.000Z,10-Q,2019-08-05,True
1401680,Cornerstone OnDemand Inc,WeightedAverageNumberOfShareOutstandingBasicAndDiluted,SHARES_BASIC_DILUTED_COMBINED,shares,57994000.0,2018-01-01,2018-09-30,273,3,2018-11-09,10-Q,Q3,2018,,0001401680-18-000026,2018-11-09T16:05:27.000Z,10-Q,2018-11-09,True
1401680,Cornerstone OnDemand Inc,WeightedAverageNumberOfShareOutstandingBasicAndDiluted,SHARES_BASIC_DILUTED_COMBINED,shares,58699000.0,2018-07-01,2018-09-30,92,1,2018-11-09,10-Q,Q3,2018,,0001401680-18-000026,2018-11-09T16:05:27.000Z,10-Q,2018-11-09,True
1401680,Cornerstone OnDemand Inc,WeightedAverageNumberOfShareOutstandingBasicAndDiluted,SHARES_BASIC_DILUTED_COMBINED,shares,58699000.0,2018-07-01,2018-09-30,92,1,2019-02-26,10-K,FY,2018,,0001401680-19-000006,2019-02-26T16:40:45.000Z,10-K,2019-02-26,True
1401680,Cornerstone OnDemand Inc,WeightedAverageNumberOfShareOutstandingBasicAndDiluted,SHARES_BASIC_DILUTED_COMBINED,shares,57994000.0,2018-01-01,2018-09-30,273,3,2019-11-12,10-Q,Q3,2019,,0001401680-19-000020,2019-11-12T09:14:15.000Z,10-Q,2019-11-12,True
1401680,Cornerstone OnDemand Inc,WeightedAverageNumberOfShareOutstandingBasicAndDiluted,SHARES_BASIC_DILUTED_COMBINED,shares,58699000.0,2018-07-01,2018-09-30,92,1,2019-11-12,10-Q,Q3,2019,CY2018Q3,0001401680-19-000020,2019-11-12T09:14:15.000Z,10-Q,2019-11-12,True
1401680,Cornerstone OnDemand Inc,WeightedAverageNumberOfShareOutstandingBasicAndDiluted,SHARES_BASIC_DILUTED_COMBINED,shares,58159000.0,2018-01-01,2018-12-31,365,4,2019-02-26,10-K,FY,2018,,0001401680-19-000006,2019-02-26T16:40:45.000Z,10-K,2019-02-26,True
1401680,Cornerstone OnDemand Inc,WeightedAverageNumberOfShareOutstandingBasicAndDiluted,SHARES_BASIC_DILUTED_COMBINED,shares,58649000.0,2018-10-01,2018-12-31,92,1,2019-02-26,10-K,FY,2018,CY2018Q4,0001401680-19-000006,2019-02-26T16:40:45.000Z,10-K,2019-02-26,True
1401680,Cornerstone OnDemand Inc,WeightedAverageNumberOfShareOutstandingBasicAndDiluted,SHARES_BASIC_DILUTED_COMBINED,shares,58159000.0,2018-01-01,2018-12-31,365,4,2020-02-25,10-K,FY,2019,,0001401680-20-000004,2020-02-25T17:13:36.000Z,10-K,2020-02-25,True
1401680,Cornerstone OnDemand Inc,WeightedAverageNumberOfShareOutstandingBasicAndDiluted,SHARES_BASIC_DILUTED_COMBINED,shares,58159000.0,2018-01-01,2018-12-31,365,4,2021-02-22,10-K,FY,2020,CY2018,0001401680-21-000011,2021-02-22T16:02:55.000Z,10-K,2021-02-22,True
1401680,Cornerstone OnDemand Inc,WeightedAverageNumberOfShareOutstandingBasicAndDiluted,SHARES_BASIC_DILUTED_COMBINED,shares,59141000.0,2019-01-01,2019-03-31,90,1,2019-05-07,10-Q,Q1,2019,,0001401680-19-000009,2019-05-07T16:32:10.000Z,10-Q,2019-05-07,True
1401680,Cornerstone OnDemand Inc,WeightedAverageNumberOfShareOutstandingBasicAndDiluted,SHARES_BASIC_DILUTED_COMBINED,shares,59141000.0,2019-01-01,2019-03-31,90,1,2020-05-11,10-Q,Q1,2020,CY2019Q1,0001401680-20-000010,2020-05-11T16:20:50.000Z,10-Q,2020-05-11,True
1401680,Cornerstone OnDemand Inc,WeightedAverageNumberOfShareOutstandingBasicAndDiluted,SHARES_BASIC_DILUTED_COMBINED,shares,59430000.0,2019-01-01,2019-06-30,181,2,2019-08-05,10-Q,Q2,2019,,0001401680-19-000013,2019-08-05T17:21:58.000Z,10-Q,2019-08-05,True
1401680,Cornerstone OnDemand Inc,WeightedAverageNumberOfShareOutstandingBasicAndDiluted,SHARES_BASIC_DILUTED_COMBINED,shares,59715000.0,2019-04-01,2019-06-30,91,1,2019-08-05,10-Q,Q2,2019,,0001401680-19-000013,2019-08-05T17:21:58.000Z,10-Q,2019-08-05,True
1401680,Cornerstone OnDemand Inc,WeightedAverageNumberOfShareOutstandingBasicAndDiluted,SHARES_BASIC_DILUTED_COMBINED,shares,59430000.0,2019-01-01,2019-06-30,181,2,2020-08-10,10-Q,Q2,2020,,0001401680-20-000046,2020-08-10T16:10:50.000Z,10-Q,2020-08-10,True
1401680,Cornerstone OnDemand Inc,WeightedAverageNumberOfShareOutstandingBasicAndDiluted,SHARES_BASIC_DILUTED_COMBINED,shares,59715000.0,2019-04-01,2019-06-30,91,1,2020-08-10,10-Q,Q2,2020,CY2019Q2,0001401680-20-000046,2020-08-10T16:10:50.000Z,10-Q,2020-08-10,True
1401680,Cornerstone OnDemand Inc,WeightedAverageNumberOfShareOutstandingBasicAndDiluted,SHARES_BASIC_DILUTED_COMBINED,shares,59841000.0,2019-01-01,2019-09-30,273,3,2019-11-12,10-Q,Q3,2019,,0001401680-19-000020,2019-11-12T09:14:15.000Z,10-Q,2019-11-12,True
1401680,Cornerstone OnDemand Inc,WeightedAverageNumberOfShareOutstandingBasicAndDiluted,SHARES_BASIC_DILUTED_COMBINED,shares,60652000.0,2019-07-01,2019-09-30,92,1,2019-11-12,10-Q,Q3,2019,,0001401680-19-000020,2019-11-12T09:14:15.000Z,10-Q,2019-11-12,True
1401680,Cornerstone OnDemand Inc,WeightedAverageNumberOfShareOutstandingBasicAndDiluted,SHARES_BASIC_DILUTED_COMBINED,shares,59841000.0,2019-01-01,2019-09-30,273,3,2020-11-05,10-Q,Q3,2020,,0001401680-20-000060,2020-11-05T16:09:49.000Z,10-Q,2020-11-05,True
1401680,Cornerstone OnDemand Inc,WeightedAverageNumberOfShareOutstandingBasicAndDiluted,SHARES_BASIC_DILUTED_COMBINED,shares,60652000.0,2019-07-01,2019-09-30,92,1,2020-11-05,10-Q,Q3,2020,CY2019Q3,0001401680-20-000060,2020-11-05T16:09:49.000Z,10-Q,2020-11-05,True
1401680,Cornerstone OnDemand Inc,WeightedAverageNumberOfShareOutstandingBasicAndDiluted,SHARES_BASIC_DILUTED_COMBINED,shares,60086000.0,2019-01-01,2019-12-31,365,4,2020-02-25,10-K,FY,2019,,0001401680-20-000004,2020-02-25T17:13:36.000Z,10-K,2020-02-25,True
1401680,Cornerstone OnDemand Inc,WeightedAverageNumberOfShareOutstandingBasicAndDiluted,SHARES_BASIC_DILUTED_COMBINED,shares,60086000.0,2019-01-01,2019-12-31,365,4,2021-02-22,10-K,FY,2020,CY2019,0001401680-21-000011,2021-02-22T16:02:55.000Z,10-K,2021-02-22,True
1401680,Cornerstone OnDemand Inc,WeightedAverageNumberOfShareOutstandingBasicAndDiluted,SHARES_BASIC_DILUTED_COMBINED,shares,61631000.0,2020-01-01,2020-03-31,91,1,2020-05-11,10-Q,Q1,2020,,0001401680-20-000010,2020-05-11T16:20:50.000Z,10-Q,2020-05-11,True
1401680,Cornerstone OnDemand Inc,WeightedAverageNumberOfShareOutstandingBasicAndDiluted,SHARES_BASIC_DILUTED_COMBINED,shares,61631000.0,2020-01-01,2020-03-31,91,1,2021-05-06,10-Q,Q1,2021,CY2020Q1,0001401680-21-000021,2021-05-06T16:08:34.000Z,10-Q,2021-05-06,True
1401680,Cornerstone OnDemand Inc,WeightedAverageNumberOfShareOutstandingBasicAndDiluted,SHARES_BASIC_DILUTED_COMBINED,shares,62612000.0,2020-01-01,2020-06-30,182,2,2020-08-10,10-Q,Q2,2020,,0001401680-20-000046,2020-08-10T16:10:50.000Z,10-Q,2020-08-10,True
1401680,Cornerstone OnDemand Inc,WeightedAverageNumberOfShareOutstandingBasicAndDiluted,SHARES_BASIC_DILUTED_COMBINED,shares,63593000.0,2020-04-01,2020-06-30,91,1,2020-08-10,10-Q,Q2,2020,CY2020Q2,0001401680-20-000046,2020-08-10T16:10:50.000Z,10-Q,2020-08-10,True
1401680,Cornerstone OnDemand Inc,WeightedAverageNumberOfShareOutstandingBasicAndDiluted,SHARES_BASIC_DILUTED_COMBINED,shares,63204000.0,2020-01-01,2020-09-30,274,3,2020-11-05,10-Q,Q3,2020,,0001401680-20-000060,2020-11-05T16:09:49.000Z,10-Q,2020-11-05,True
1401680,Cornerstone OnDemand Inc,WeightedAverageNumberOfShareOutstandingBasicAndDiluted,SHARES_BASIC_DILUTED_COMBINED,shares,64375000.0,2020-07-01,2020-09-30,92,1,2020-11-05,10-Q,Q3,2020,CY2020Q3,0001401680-20-000060,2020-11-05T16:09:49.000Z,10-Q,2020-11-05,True
1401680,Cornerstone OnDemand Inc,WeightedAverageNumberOfShareOutstandingBasicAndDiluted,SHARES_BASIC_DILUTED_COMBINED,shares,63585000.0,2020-01-01,2020-12-31,366,4,2021-02-22,10-K,FY,2020,CY2020,0001401680-21-000011,2021-02-22T16:02:55.000Z,10-K,2021-02-22,True
1401680,Cornerstone OnDemand Inc,WeightedAverageNumberOfShareOutstandingBasicAndDiluted,SHARES_BASIC_DILUTED_COMBINED,shares,65397000.0,2021-01-01,2021-03-31,90,1,2021-05-06,10-Q,Q1,2021,CY2021Q1,0001401680-21-000021,2021-05-06T16:08:34.000Z,10-Q,2021-05-06,True
1428875,"Terminix Global Holdings, Inc.",NetCashProvidedByUsedInOperatingActivitiesContinuingOperations,CFO_CONTINUING,USD,126000000.0,2017-01-01,2017-03-31,90,1,2017-04-28,10-Q,Q1,2017,,0001428875-17-000102,2017-04-28T16:01:23.000Z,10-Q,2017-04-28,True
1428875,"Terminix Global Holdings, Inc.",NetCashProvidedByUsedInOperatingActivitiesContinuingOperations,CFO_CONTINUING,USD,126000000.0,2017-01-01,2017-03-31,90,1,2018-05-02,10-Q,Q1,2018,CY2017Q1,0001428875-18-000082,2018-05-02T17:04:21.000Z,10-Q,2018-05-02,True
1428875,"Terminix Global Holdings, Inc.",NetCashProvidedByUsedInOperatingActivitiesContinuingOperations,CFO_CONTINUING,USD,260000000.0,2017-01-01,2017-06-30,181,2,2017-08-01,10-Q,Q2,2017,,0001562762-17-000114,2017-08-01T17:30:46.000Z,10-Q,2017-08-01,True
1428875,"Terminix Global Holdings, Inc.",NetCashProvidedByUsedInOperatingActivitiesContinuingOperations,CFO_CONTINUING,USD,260000000.0,2017-01-01,2017-06-30,181,2,2018-08-01,10-Q,Q2,2018,,0001428875-18-000110,2018-08-01T16:33:02.000Z,10-Q,2018-08-01,True
1428875,"Terminix Global Holdings, Inc.",NetCashProvidedByUsedInOperatingActivitiesContinuingOperations,CFO_CONTINUING,USD,340000000.0,2017-01-01,2017-09-30,273,3,2017-11-01,10-Q,Q3,2017,,0001428875-17-000146,2017-11-01T17:01:03.000Z,10-Q/A,2017-11-01,True
1428875,"Terminix Global Holdings, Inc.",NetCashProvidedByUsedInOperatingActivitiesContinuingOperations,CFO_CONTINUING,USD,340000000.0,2017-01-01,2017-09-30,273,3,2018-11-07,10-Q,Q3,2018,,0001428875-18-000136,2018-11-07T16:17:19.000Z,10-Q,2018-11-07,True
1428875,"Terminix Global Holdings, Inc.",NetCashProvidedByUsedInOperatingActivitiesContinuingOperations,CFO_CONTINUING,USD,413000000.0,2017-01-01,2017-12-31,365,4,2018-02-28,10-K,FY,2017,,0001428875-18-000032,2018-02-28T17:19:15.000Z,10-K,2018-02-28,True
1428875,"Terminix Global Holdings, Inc.",NetCashProvidedByUsedInOperatingActivitiesContinuingOperations,CFO_CONTINUING,USD,204000000.0,2017-01-01,2017-12-31,365,4,2019-03-01,10-K,FY,2018,,0001428875-19-000023,2019-02-28T17:33:47.000Z,10-K,2019-03-01,True
1428875,"Terminix Global Holdings, Inc.",NetCashProvidedByUsedInOperatingActivitiesContinuingOperations,CFO_CONTINUING,USD,204000000.0,2017-01-01,2017-12-31,365,4,2020-02-28,10-K,FY,2019,CY2017,0001428875-20-000023,2020-02-28T16:19:49.000Z,10-K,2020-02-28,True
1428875,"Terminix Global Holdings, Inc.",NetCashProvidedByUsedInOperatingActivitiesContinuingOperations,CFO_CONTINUING,USD,142000000.0,2018-01-01,2018-03-31,90,1,2018-05-02,10-Q,Q1,2018,,0001428875-18-000082,2018-05-02T17:04:21.000Z,10-Q,2018-05-02,True
1428875,"Terminix Global Holdings, Inc.",NetCashProvidedByUsedInOperatingActivitiesContinuingOperations,CFO_CONTINUING,USD,84000000.0,2018-01-01,2018-03-31,90,1,2019-05-08,10-Q,Q1,2019,CY2018Q1,0001428875-19-000053,2019-05-08T16:27:35.000Z,10-Q,2019-05-08,True
1428875,"Terminix Global Holdings, Inc.",NetCashProvidedByUsedInOperatingActivitiesContinuingOperations,CFO_CONTINUING,USD,279000000.0,2018-01-01,2018-06-30,181,2,2018-08-01,10-Q,Q2,2018,,0001428875-18-000110,2018-08-01T16:33:02.000Z,10-Q,2018-08-01,True
1428875,"Terminix Global Holdings, Inc.",NetCashProvidedByUsedInOperatingActivitiesContinuingOperations,CFO_CONTINUING,USD,138000000.0,2018-01-01,2018-06-30,181,2,2019-08-06,10-Q,Q2,2019,,0001428875-19-000078,2019-08-06T16:32:59.000Z,10-Q,2019-08-06,True
1428875,"Terminix Global Holdings, Inc.",NetCashProvidedByUsedInOperatingActivitiesContinuingOperations,CFO_CONTINUING,USD,365000000.0,2018-01-01,2018-09-30,273,3,2018-11-07,10-Q,Q3,2018,,0001428875-18-000136,2018-11-07T16:17:19.000Z,10-Q,2018-11-07,True
1428875,"Terminix Global Holdings, Inc.",NetCashProvidedByUsedInOperatingActivitiesContinuingOperations,CFO_CONTINUING,USD,204000000.0,2018-01-01,2018-09-30,273,3,2019-11-06,10-Q,Q3,2019,,0001428875-19-000110,2019-11-06T16:59:16.000Z,10-Q,2019-11-06,True
1428875,"Terminix Global Holdings, Inc.",NetCashProvidedByUsedInOperatingActivitiesContinuingOperations,CFO_CONTINUING,USD,229000000.0,2018-01-01,2018-12-31,365,4,2019-03-01,10-K,FY,2018,,0001428875-19-000023,2019-02-28T17:33:47.000Z,10-K,2019-03-01,True
1428875,"Terminix Global Holdings, Inc.",NetCashProvidedByUsedInOperatingActivitiesContinuingOperations,CFO_CONTINUING,USD,229000000.0,2018-01-01,2018-12-31,365,4,2020-02-28,10-K,FY,2019,,0001428875-20-000023,2020-02-28T16:19:49.000Z,10-K,2020-02-28,True
1428875,"Terminix Global Holdings, Inc.",NetCashProvidedByUsedInOperatingActivitiesContinuingOperations,CFO_CONTINUING,USD,155000000.0,2018-01-01,2018-12-31,365,4,2021-02-26,10-K,FY,2020,CY2018,0001428875-21-000018,2021-02-26T16:43:49.000Z,10-K,2021-02-26,True
1428875,"Terminix Global Holdings, Inc.",NetCashProvidedByUsedInOperatingActivitiesContinuingOperations,CFO_CONTINUING,USD,90000000.0,2019-01-01,2019-03-31,90,1,2019-05-08,10-Q,Q1,2019,,0001428875-19-000053,2019-05-08T16:27:35.000Z,10-Q,2019-05-08,True
1428875,"Terminix Global Holdings, Inc.",NetCashProvidedByUsedInOperatingActivitiesContinuingOperations,CFO_CONTINUING,USD,73000000.0,2019-01-01,2019-03-31,90,1,2020-05-08,10-Q,Q1,2020,CY2019Q1,0001428875-20-000049,2020-05-08T16:03:49.000Z,10-Q,2020-05-08,True
1428875,"Terminix Global Holdings, Inc.",NetCashProvidedByUsedInOperatingActivitiesContinuingOperations,CFO_CONTINUING,USD,158000000.0,2019-01-01,2019-06-30,181,2,2019-08-06,10-Q,Q2,2019,,0001428875-19-000078,2019-08-06T16:32:59.000Z,10-Q,2019-08-06,True
1428875,"Terminix Global Holdings, Inc.",NetCashProvidedByUsedInOperatingActivitiesContinuingOperations,CFO_CONTINUING,USD,124000000.0,2019-01-01,2019-06-30,181,2,2020-08-07,10-Q,Q2,2020,,0001428875-20-000066,2020-08-07T19:30:34.000Z,10-Q,2020-08-07,True
1428875,"Terminix Global Holdings, Inc.",NetCashProvidedByUsedInOperatingActivitiesContinuingOperations,CFO_CONTINUING,USD,213000000.0,2019-01-01,2019-09-30,273,3,2019-11-06,10-Q,Q3,2019,,0001428875-19-000110,2019-11-06T16:59:16.000Z,10-Q,2019-11-06,True
1428875,"Terminix Global Holdings, Inc.",NetCashProvidedByUsedInOperatingActivitiesContinuingOperations,CFO_CONTINUING,USD,152000000.0,2019-01-01,2019-09-30,273,3,2020-11-09,10-Q,Q3,2020,,0001428875-20-000079,2020-11-09T13:42:44.000Z,10-Q,2020-11-09,True
1428875,"Terminix Global Holdings, Inc.",NetCashProvidedByUsedInOperatingActivitiesContinuingOperations,CFO_CONTINUING,USD,245000000.0,2019-01-01,2019-12-31,365,4,2020-02-28,10-K,FY,2019,,0001428875-20-000023,2020-02-28T16:19:49.000Z,10-K,2020-02-28,True
1428875,"Terminix Global Holdings, Inc.",NetCashProvidedByUsedInOperatingActivitiesContinuingOperations,CFO_CONTINUING,USD,164000000.0,2019-01-01,2019-12-31,365,4,2021-02-26,10-K,FY,2020,,0001428875-21-000018,2021-02-26T16:43:49.000Z,10-K,2021-02-26,True
1428875,"Terminix Global Holdings, Inc.",NetCashProvidedByUsedInOperatingActivitiesContinuingOperations,CFO_CONTINUING,USD,164000000.0,2019-01-01,2019-12-31,365,4,2022-03-01,10-K,FY,2021,CY2019,0001428875-22-000003,2022-03-01T16:09:40.000Z,10-K,2022-03-01,True
1428875,"Terminix Global Holdings, Inc.",NetCashProvidedByUsedInOperatingActivitiesContinuingOperations,CFO_CONTINUING,USD,55000000.0,2020-01-01,2020-03-31,91,1,2020-05-08,10-Q,Q1,2020,,0001428875-20-000049,2020-05-08T16:03:49.000Z,10-Q,2020-05-08,True
1428875,"Terminix Global Holdings, Inc.",NetCashProvidedByUsedInOperatingActivitiesContinuingOperations,CFO_CONTINUING,USD,55000000.0,2020-01-01,2020-03-31,91,1,2021-05-07,10-Q,Q1,2021,CY2020Q1,0001428875-21-000034,2021-05-07T16:01:06.000Z,10-Q,2021-05-07,True
1428875,"Terminix Global Holdings, Inc.",NetCashProvidedByUsedInOperatingActivitiesContinuingOperations,CFO_CONTINUING,USD,172000000.0,2020-01-01,2020-06-30,182,2,2020-08-07,10-Q,Q2,2020,,0001428875-20-000066,2020-08-07T19:30:34.000Z,10-Q,2020-08-07,True
1428875,"Terminix Global Holdings, Inc.",NetCashProvidedByUsedInOperatingActivitiesContinuingOperations,CFO_CONTINUING,USD,172000000.0,2020-01-01,2020-06-30,182,2,2021-08-06,10-Q,Q2,2021,,0001428875-21-000056,2021-08-06T16:09:26.000Z,10-Q,2021-08-06,True
1428875,"Terminix Global Holdings, Inc.",NetCashProvidedByUsedInOperatingActivitiesContinuingOperations,CFO_CONTINUING,USD,211000000.0,2020-01-01,2020-09-30,274,3,2020-11-09,10-Q,Q3,2020,,0001428875-20-000079,2020-11-09T13:42:44.000Z,10-Q,2020-11-09,True
1428875,"Terminix Global Holdings, Inc.",NetCashProvidedByUsedInOperatingActivitiesContinuingOperations,CFO_CONTINUING,USD,211000000.0,2020-01-01,2020-09-30,274,3,2021-11-03,10-Q,Q3,2021,,0001428875-21-000071,2021-11-03T16:17:35.000Z,10-Q,2021-11-03,True
1428875,"Terminix Global Holdings, Inc.",NetCashProvidedByUsedInOperatingActivitiesContinuingOperations,CFO_CONTINUING,USD,198000000.0,2020-01-01,2020-12-31,366,4,2021-02-26,10-K,FY,2020,,0001428875-21-000018,2021-02-26T16:43:49.000Z,10-K,2021-02-26,True
1428875,"Terminix Global Holdings, Inc.",NetCashProvidedByUsedInOperatingActivitiesContinuingOperations,CFO_CONTINUING,USD,198000000.0,2020-01-01,2020-12-31,366,4,2022-03-01,10-K,FY,2021,CY2020,0001428875-22-000003,2022-03-01T16:09:40.000Z,10-K,2022-03-01,True
1428875,"Terminix Global Holdings, Inc.",NetCashProvidedByUsedInOperatingActivitiesContinuingOperations,CFO_CONTINUING,USD,75000000.0,2021-01-01,2021-03-31,90,1,2021-05-07,10-Q,Q1,2021,,0001428875-21-000034,2021-05-07T16:01:06.000Z,10-Q,2021-05-07,True
1428875,"Terminix Global Holdings, Inc.",NetCashProvidedByUsedInOperatingActivitiesContinuingOperations,CFO_CONTINUING,USD,75000000.0,2021-01-01,2021-03-31,90,1,2022-05-06,10-Q,Q1,2022,CY2021Q1,0001428875-22-000013,2022-05-06T16:03:28.000Z,10-Q,2022-05-06,True
1428875,"Terminix Global Holdings, Inc.",NetCashProvidedByUsedInOperatingActivitiesContinuingOperations,CFO_CONTINUING,USD,151000000.0,2021-01-01,2021-06-30,181,2,2021-08-06,10-Q,Q2,2021,,0001428875-21-000056,2021-08-06T16:09:26.000Z,10-Q,2021-08-06,True
1428875,"Terminix Global Holdings, Inc.",NetCashProvidedByUsedInOperatingActivitiesContinuingOperations,CFO_CONTINUING,USD,151000000.0,2021-01-01,2021-06-30,181,2,2022-08-05,10-Q,Q2,2022,,0001428875-22-000020,2022-08-05T16:06:20.000Z,10-Q,2022-08-05,True
1428875,"Terminix Global Holdings, Inc.",NetCashProvidedByUsedInOperatingActivitiesContinuingOperations,CFO_CONTINUING,USD,216000000.0,2021-01-01,2021-09-30,273,3,2021-11-03,10-Q,Q3,2021,,0001428875-21-000071,2021-11-03T16:17:35.000Z,10-Q,2021-11-03,True
1428875,"Terminix Global Holdings, Inc.",NetCashProvidedByUsedInOperatingActivitiesContinuingOperations,CFO_CONTINUING,USD,239000000.0,2021-01-01,2021-12-31,365,4,2022-03-01,10-K,FY,2021,CY2021,0001428875-22-000003,2022-03-01T16:09:40.000Z,10-K,2022-03-01,True
1428875,"Terminix Global Holdings, Inc.",NetCashProvidedByUsedInOperatingActivitiesContinuingOperations,CFO_CONTINUING,USD,69000000.0,2022-01-01,2022-03-31,90,1,2022-05-06,10-Q,Q1,2022,CY2022Q1,0001428875-22-000013,2022-05-06T16:03:28.000Z,10-Q,2022-05-06,True
1428875,"Terminix Global Holdings, Inc.",NetCashProvidedByUsedInOperatingActivitiesContinuingOperations,CFO_CONTINUING,USD,159000000.0,2022-01-01,2022-06-30,181,2,2022-08-05,10-Q,Q2,2022,,0001428875-22-000020,2022-08-05T16:06:20.000Z,10-Q,2022-08-05,True
1428875,"Terminix Global Holdings, Inc.",CashProvidedByUsedInOperatingActivitiesDiscontinuedOperations,CFO_DISCONTINUED,USD,1000000.0,2017-01-01,2017-03-31,90,1,2017-04-28,10-Q,Q1,2017,,0001428875-17-000102,2017-04-28T16:01:23.000Z,10-Q,2017-04-28,True
1428875,"Terminix Global Holdings, Inc.",CashProvidedByUsedInOperatingActivitiesDiscontinuedOperations,CFO_DISCONTINUED,USD,1000000.0,2017-01-01,2017-03-31,90,1,2018-05-02,10-Q,Q1,2018,CY2017Q1,0001428875-18-000082,2018-05-02T17:04:21.000Z,10-Q,2018-05-02,True
1428875,"Terminix Global Holdings, Inc.",CashProvidedByUsedInOperatingActivitiesDiscontinuedOperations,CFO_DISCONTINUED,USD,1000000.0,2017-01-01,2017-06-30,181,2,2017-08-01,10-Q,Q2,2017,,0001562762-17-000114,2017-08-01T17:30:46.000Z,10-Q,2017-08-01,True
1428875,"Terminix Global Holdings, Inc.",CashProvidedByUsedInOperatingActivitiesDiscontinuedOperations,CFO_DISCONTINUED,USD,1000000.0,2017-01-01,2017-06-30,181,2,2018-08-01,10-Q,Q2,2018,,0001428875-18-000110,2018-08-01T16:33:02.000Z,10-Q,2018-08-01,True
1428875,"Terminix Global Holdings, Inc.",CashProvidedByUsedInOperatingActivitiesDiscontinuedOperations,CFO_DISCONTINUED,USD,1000000.0,2017-01-01,2017-09-30,273,3,2017-11-01,10-Q,Q3,2017,,0001428875-17-000146,2017-11-01T17:01:03.000Z,10-Q/A,2017-11-01,True
1428875,"Terminix Global Holdings, Inc.",CashProvidedByUsedInOperatingActivitiesDiscontinuedOperations,CFO_DISCONTINUED,USD,1000000.0,2017-01-01,2017-09-30,273,3,2018-11-07,10-Q,Q3,2018,,0001428875-18-000136,2018-11-07T16:17:19.000Z,10-Q,2018-11-07,True
1428875,"Terminix Global Holdings, Inc.",CashProvidedByUsedInOperatingActivitiesDiscontinuedOperations,CFO_DISCONTINUED,USD,210000000.0,2017-01-01,2017-12-31,365,4,2019-03-01,10-K,FY,2018,,0001428875-19-000023,2019-02-28T17:33:47.000Z,10-K,2019-03-01,True
1428875,"Terminix Global Holdings, Inc.",CashProvidedByUsedInOperatingActivitiesDiscontinuedOperations,CFO_DISCONTINUED,USD,210000000.0,2017-01-01,2017-12-31,365,4,2020-02-28,10-K,FY,2019,CY2017,0001428875-20-000023,2020-02-28T16:19:49.000Z,10-K,2020-02-28,True
1428875,"Terminix Global Holdings, Inc.",CashProvidedByUsedInOperatingActivitiesDiscontinuedOperations,CFO_DISCONTINUED,USD,58000000.0,2018-01-01,2018-03-31,90,1,2019-05-08,10-Q,Q1,2019,CY2018Q1,0001428875-19-000053,2019-05-08T16:27:35.000Z,10-Q,2019-05-08,True
1428875,"Terminix Global Holdings, Inc.",CashProvidedByUsedInOperatingActivitiesDiscontinuedOperations,CFO_DISCONTINUED,USD,141000000.0,2018-01-01,2018-06-30,181,2,2019-08-06,10-Q,Q2,2019,,0001428875-19-000078,2019-08-06T16:32:59.000Z,10-Q,2019-08-06,True
1428875,"Terminix Global Holdings, Inc.",CashProvidedByUsedInOperatingActivitiesDiscontinuedOperations,CFO_DISCONTINUED,USD,160000000.0,2018-01-01,2018-09-30,273,3,2019-11-06,10-Q,Q3,2019,,0001428875-19-000110,2019-11-06T16:59:16.000Z,10-Q,2019-11-06,True
1428875,"Terminix Global Holdings, Inc.",CashProvidedByUsedInOperatingActivitiesDiscontinuedOperations,CFO_DISCONTINUED,USD,146000000.0,2018-01-01,2018-12-31,365,4,2019-03-01,10-K,FY,2018,,0001428875-19-000023,2019-02-28T17:33:47.000Z,10-K,2019-03-01,True
1428875,"Terminix Global Holdings, Inc.",CashProvidedByUsedInOperatingActivitiesDiscontinuedOperations,CFO_DISCONTINUED,USD,146000000.0,2018-01-01,2018-12-31,365,4,2020-02-28,10-K,FY,2019,,0001428875-20-000023,2020-02-28T16:19:49.000Z,10-K,2020-02-28,True
1428875,"Terminix Global Holdings, Inc.",CashProvidedByUsedInOperatingActivitiesDiscontinuedOperations,CFO_DISCONTINUED,USD,220000000.0,2018-01-01,2018-12-31,365,4,2021-02-26,10-K,FY,2020,CY2018,0001428875-21-000018,2021-02-26T16:43:49.000Z,10-K,2021-02-26,True
1428875,"Terminix Global Holdings, Inc.",CashProvidedByUsedInOperatingActivitiesDiscontinuedOperations,CFO_DISCONTINUED,USD,-1000000.0,2019-01-01,2019-03-31,90,1,2019-05-08,10-Q,Q1,2019,,0001428875-19-000053,2019-05-08T16:27:35.000Z,10-Q,2019-05-08,True
1428875,"Terminix Global Holdings, Inc.",CashProvidedByUsedInOperatingActivitiesDiscontinuedOperations,CFO_DISCONTINUED,USD,16000000.0,2019-01-01,2019-03-31,90,1,2020-05-08,10-Q,Q1,2020,CY2019Q1,0001428875-20-000049,2020-05-08T16:03:49.000Z,10-Q,2020-05-08,True
1428875,"Terminix Global Holdings, Inc.",CashProvidedByUsedInOperatingActivitiesDiscontinuedOperations,CFO_DISCONTINUED,USD,-2000000.0,2019-01-01,2019-06-30,181,2,2019-08-06,10-Q,Q2,2019,,0001428875-19-000078,2019-08-06T16:32:59.000Z,10-Q,2019-08-06,True
1428875,"Terminix Global Holdings, Inc.",CashProvidedByUsedInOperatingActivitiesDiscontinuedOperations,CFO_DISCONTINUED,USD,32000000.0,2019-01-01,2019-06-30,181,2,2020-08-07,10-Q,Q2,2020,,0001428875-20-000066,2020-08-07T19:30:34.000Z,10-Q,2020-08-07,True
1428875,"Terminix Global Holdings, Inc.",CashProvidedByUsedInOperatingActivitiesDiscontinuedOperations,CFO_DISCONTINUED,USD,-2000000.0,2019-01-01,2019-09-30,273,3,2019-11-06,10-Q,Q3,2019,,0001428875-19-000110,2019-11-06T16:59:16.000Z,10-Q,2019-11-06,True
1428875,"Terminix Global Holdings, Inc.",CashProvidedByUsedInOperatingActivitiesDiscontinuedOperations,CFO_DISCONTINUED,USD,59000000.0,2019-01-01,2019-09-30,273,3,2020-11-09,10-Q,Q3,2020,,0001428875-20-000079,2020-11-09T13:42:44.000Z,10-Q,2020-11-09,True
1428875,"Terminix Global Holdings, Inc.",CashProvidedByUsedInOperatingActivitiesDiscontinuedOperations,CFO_DISCONTINUED,USD,-2000000.0,2019-01-01,2019-12-31,365,4,2020-02-28,10-K,FY,2019,,0001428875-20-000023,2020-02-28T16:19:49.000Z,10-K,2020-02-28,True
1428875,"Terminix Global Holdings, Inc.",CashProvidedByUsedInOperatingActivitiesDiscontinuedOperations,CFO_DISCONTINUED,USD,79000000.0,2019-01-01,2019-12-31,365,4,2021-02-26,10-K,FY,2020,,0001428875-21-000018,2021-02-26T16:43:49.000Z,10-K,2021-02-26,True
1428875,"Terminix Global Holdings, Inc.",CashProvidedByUsedInOperatingActivitiesDiscontinuedOperations,CFO_DISCONTINUED,USD,79000000.0,2019-01-01,2019-12-31,365,4,2022-03-01,10-K,FY,2021,CY2019,0001428875-22-000003,2022-03-01T16:09:40.000Z,10-K,2022-03-01,True
1428875,"Terminix Global Holdings, Inc.",CashProvidedByUsedInOperatingActivitiesDiscontinuedOperations,CFO_DISCONTINUED,USD,11000000.0,2020-01-01,2020-03-31,91,1,2020-05-08,10-Q,Q1,2020,,0001428875-20-000049,2020-05-08T16:03:49.000Z,10-Q,2020-05-08,True
1428875,"Terminix Global Holdings, Inc.",CashProvidedByUsedInOperatingActivitiesDiscontinuedOperations,CFO_DISCONTINUED,USD,11000000.0,2020-01-01,2020-03-31,91,1,2021-05-07,10-Q,Q1,2021,CY2020Q1,0001428875-21-000034,2021-05-07T16:01:06.000Z,10-Q,2021-05-07,True
1428875,"Terminix Global Holdings, Inc.",CashProvidedByUsedInOperatingActivitiesDiscontinuedOperations,CFO_DISCONTINUED,USD,27000000.0,2020-01-01,2020-06-30,182,2,2020-08-07,10-Q,Q2,2020,,0001428875-20-000066,2020-08-07T19:30:34.000Z,10-Q,2020-08-07,True
1428875,"Terminix Global Holdings, Inc.",CashProvidedByUsedInOperatingActivitiesDiscontinuedOperations,CFO_DISCONTINUED,USD,27000000.0,2020-01-01,2020-06-30,182,2,2021-08-06,10-Q,Q2,2021,,0001428875-21-000056,2021-08-06T16:09:26.000Z,10-Q,2021-08-06,True
1428875,"Terminix Global Holdings, Inc.",CashProvidedByUsedInOperatingActivitiesDiscontinuedOperations,CFO_DISCONTINUED,USD,43000000.0,2020-01-01,2020-09-30,274,3,2020-11-09,10-Q,Q3,2020,,0001428875-20-000079,2020-11-09T13:42:44.000Z,10-Q,2020-11-09,True
1428875,"Terminix Global Holdings, Inc.",CashProvidedByUsedInOperatingActivitiesDiscontinuedOperations,CFO_DISCONTINUED,USD,43000000.0,2020-01-01,2020-09-30,274,3,2021-11-03,10-Q,Q3,2021,,0001428875-21-000071,2021-11-03T16:17:35.000Z,10-Q,2021-11-03,True
1428875,"Terminix Global Holdings, Inc.",CashProvidedByUsedInOperatingActivitiesDiscontinuedOperations,CFO_DISCONTINUED,USD,-363000000.0,2020-01-01,2020-12-31,366,4,2021-02-26,10-K,FY,2020,,0001428875-21-000018,2021-02-26T16:43:49.000Z,10-K,2021-02-26,True
1428875,"Terminix Global Holdings, Inc.",CashProvidedByUsedInOperatingActivitiesDiscontinuedOperations,CFO_DISCONTINUED,USD,-363000000.0,2020-01-01,2020-12-31,366,4,2022-03-01,10-K,FY,2021,CY2020,0001428875-22-000003,2022-03-01T16:09:40.000Z,10-K,2022-03-01,True
1428875,"Terminix Global Holdings, Inc.",CashProvidedByUsedInOperatingActivitiesDiscontinuedOperations,CFO_DISCONTINUED,USD,0.0,2021-01-01,2021-03-31,90,1,2022-05-06,10-Q,Q1,2022,CY2021Q1,0001428875-22-000013,2022-05-06T16:03:28.000Z,10-Q,2022-05-06,True
1428875,"Terminix Global Holdings, Inc.",CashProvidedByUsedInOperatingActivitiesDiscontinuedOperations,CFO_DISCONTINUED,USD,12000000.0,2021-01-01,2021-06-30,181,2,2021-08-06,10-Q,Q2,2021,,0001428875-21-000056,2021-08-06T16:09:26.000Z,10-Q,2021-08-06,True
1428875,"Terminix Global Holdings, Inc.",CashProvidedByUsedInOperatingActivitiesDiscontinuedOperations,CFO_DISCONTINUED,USD,12000000.0,2021-01-01,2021-06-30,181,2,2022-08-05,10-Q,Q2,2022,,0001428875-22-000020,2022-08-05T16:06:20.000Z,10-Q,2022-08-05,True
1428875,"Terminix Global Holdings, Inc.",CashProvidedByUsedInOperatingActivitiesDiscontinuedOperations,CFO_DISCONTINUED,USD,14000000.0,2021-01-01,2021-09-30,273,3,2021-11-03,10-Q,Q3,2021,,0001428875-21-000071,2021-11-03T16:17:35.000Z,10-Q,2021-11-03,True
1428875,"Terminix Global Holdings, Inc.",CashProvidedByUsedInOperatingActivitiesDiscontinuedOperations,CFO_DISCONTINUED,USD,17000000.0,2021-01-01,2021-12-31,365,4,2022-03-01,10-K,FY,2021,CY2021,0001428875-22-000003,2022-03-01T16:09:40.000Z,10-K,2022-03-01,True
1428875,"Terminix Global Holdings, Inc.",CashProvidedByUsedInOperatingActivitiesDiscontinuedOperations,CFO_DISCONTINUED,USD,9000000.0,2022-01-01,2022-03-31,90,1,2022-05-06,10-Q,Q1,2022,CY2022Q1,0001428875-22-000013,2022-05-06T16:03:28.000Z,10-Q,2022-05-06,True
1428875,"Terminix Global Holdings, Inc.",CashProvidedByUsedInOperatingActivitiesDiscontinuedOperations,CFO_DISCONTINUED,USD,13000000.0,2022-01-01,2022-06-30,181,2,2022-08-05,10-Q,Q2,2022,,0001428875-22-000020,2022-08-05T16:06:20.000Z,10-Q,2022-08-05,True
1434868,"Esperion Therapeutics, Inc.",NetCashProvidedByUsedInOperatingActivitiesContinuingOperations,CFO_CONTINUING,USD,-34316000.0,2017-01-01,2017-03-31,90,1,2017-05-04,10-Q,Q1,2017,CY2017Q1,0001104659-17-029916,2017-05-04T20:33:15.000Z,10-Q,2017-05-04,True
1434868,"Esperion Therapeutics, Inc.",WeightedAverageNumberDilutedSharesOutstandingAdjustment,DILUTED_SHARES_ADJUSTMENT,shares,1606982.0,2019-01-01,2019-03-31,90,1,2019-05-08,10-Q,Q1,2019,,0001104659-19-027829,2019-05-08T20:32:47.000Z,10-Q,2019-05-08,True
1434868,"Esperion Therapeutics, Inc.",WeightedAverageNumberDilutedSharesOutstandingAdjustment,DILUTED_SHARES_ADJUSTMENT,shares,1606982.0,2019-01-01,2019-03-31,90,1,2020-05-06,10-Q,Q1,2020,CY2019Q1,0001104659-20-057549,2020-05-06T21:26:23.000Z,10-Q,2020-05-06,True
1434868,"Esperion Therapeutics, Inc.",WeightedAverageNumberDilutedSharesOutstandingAdjustment,DILUTED_SHARES_ADJUSTMENT,shares,1611866.0,2019-01-01,2019-06-30,181,2,2019-08-08,10-Q,Q2,2019,,0001410578-19-000732,2019-08-08T20:32:03.000Z,10-Q,2019-08-08,True
1434868,"Esperion Therapeutics, Inc.",WeightedAverageNumberDilutedSharesOutstandingAdjustment,DILUTED_SHARES_ADJUSTMENT,shares,1611866.0,2019-01-01,2019-06-30,181,2,2020-08-10,10-Q,Q2,2020,,0001104659-20-092840,2020-08-10T21:16:46.000Z,10-Q,2020-08-10,True
1434868,"Esperion Therapeutics, Inc.",WeightedAverageNumberDilutedSharesOutstandingAdjustment,DILUTED_SHARES_ADJUSTMENT,shares,1355579.0,2020-01-01,2020-06-30,182,2,2020-08-10,10-Q,Q2,2020,,0001104659-20-092840,2020-08-10T21:16:46.000Z,10-Q,2020-08-10,True
1434868,"Esperion Therapeutics, Inc.",WeightedAverageNumberDilutedSharesOutstandingAdjustment,DILUTED_SHARES_ADJUSTMENT,shares,1188717.0,2020-04-01,2020-06-30,91,1,2020-08-10,10-Q,Q2,2020,,0001104659-20-092840,2020-08-10T21:16:46.000Z,10-Q,2020-08-10,True
1434868,"Esperion Therapeutics, Inc.",WeightedAverageNumberDilutedSharesOutstandingAdjustment,DILUTED_SHARES_ADJUSTMENT,shares,1355579.0,2020-01-01,2020-06-30,182,2,2021-08-03,10-Q,Q2,2021,,0001628280-21-015248,2021-08-03T12:56:16.000Z,10-Q,2021-08-03,True
1434868,"Esperion Therapeutics, Inc.",WeightedAverageNumberDilutedSharesOutstandingAdjustment,DILUTED_SHARES_ADJUSTMENT,shares,1188717.0,2020-04-01,2020-06-30,91,1,2021-08-03,10-Q,Q2,2021,CY2020Q2,0001628280-21-015248,2021-08-03T12:56:16.000Z,10-Q,2021-08-03,True
1434868,"Esperion Therapeutics, Inc.",WeightedAverageNumberDilutedSharesOutstandingAdjustment,DILUTED_SHARES_ADJUSTMENT,shares,0.0,2021-01-01,2021-06-30,181,2,2021-08-03,10-Q,Q2,2021,,0001628280-21-015248,2021-08-03T12:56:16.000Z,10-Q,2021-08-03,True
1434868,"Esperion Therapeutics, Inc.",WeightedAverageNumberDilutedSharesOutstandingAdjustment,DILUTED_SHARES_ADJUSTMENT,shares,0.0,2021-04-01,2021-06-30,91,1,2021-08-03,10-Q,Q2,2021,CY2021Q2,0001628280-21-015248,2021-08-03T12:56:16.000Z,10-Q,2021-08-03,True
1434868,"Esperion Therapeutics, Inc.",WeightedAverageNumberOfShareOutstandingBasicAndDiluted,SHARES_BASIC_DILUTED_COMBINED,shares,22563152.0,2017-01-01,2017-03-31,90,1,2017-05-04,10-Q,Q1,2017,,0001104659-17-029916,2017-05-04T20:33:15.000Z,10-Q,2017-05-04,True
1434868,"Esperion Therapeutics, Inc.",WeightedAverageNumberOfShareOutstandingBasicAndDiluted,SHARES_BASIC_DILUTED_COMBINED,shares,22563152.0,2017-01-01,2017-03-31,90,1,2018-02-20,10-K,FY,2017,,0001047469-18-000899,2018-02-20T21:33:20.000Z,10-K,2018-02-20,True
1434868,"Esperion Therapeutics, Inc.",WeightedAverageNumberOfShareOutstandingBasicAndDiluted,SHARES_BASIC_DILUTED_COMBINED,shares,22563152.0,2017-01-01,2017-03-31,90,1,2018-05-02,10-Q,Q1,2018,,0001104659-18-029847,2018-05-02T20:31:03.000Z,10-Q,2018-05-02,True
1434868,"Esperion Therapeutics, Inc.",WeightedAverageNumberOfShareOutstandingBasicAndDiluted,SHARES_BASIC_DILUTED_COMBINED,shares,22563152.0,2017-01-01,2017-03-31,90,1,2019-02-28,10-K,FY,2018,CY2017Q1,0001047469-19-000791,2019-02-28T21:50:53.000Z,10-K,2019-02-28,True
1434868,"Esperion Therapeutics, Inc.",WeightedAverageNumberOfShareOutstandingBasicAndDiluted,SHARES_BASIC_DILUTED_COMBINED,shares,22577317.0,2017-01-01,2017-06-30,181,2,2017-08-08,10-Q,Q2,2017,,0001104659-17-050245,2017-08-08T20:02:21.000Z,10-Q,2017-08-08,True
1434868,"Esperion Therapeutics, Inc.",WeightedAverageNumberOfShareOutstandingBasicAndDiluted,SHARES_BASIC_DILUTED_COMBINED,shares,22591326.0,2017-04-01,2017-06-30,91,1,2017-08-08,10-Q,Q2,2017,,0001104659-17-050245,2017-08-08T20:02:21.000Z,10-Q,2017-08-08,True
1434868,"Esperion Therapeutics, Inc.",WeightedAverageNumberOfShareOutstandingBasicAndDiluted,SHARES_BASIC_DILUTED_COMBINED,shares,22591326.0,2017-04-01,2017-06-30,91,1,2018-02-20,10-K,FY,2017,,0001047469-18-000899,2018-02-20T21:33:20.000Z,10-K,2018-02-20,True
1434868,"Esperion Therapeutics, Inc.",WeightedAverageNumberOfShareOutstandingBasicAndDiluted,SHARES_BASIC_DILUTED_COMBINED,shares,22577317.0,2017-01-01,2017-06-30,181,2,2018-08-02,10-Q,Q2,2018,,0001104659-18-049208,2018-08-02T20:31:47.000Z,10-Q,2018-08-02,True
1434868,"Esperion Therapeutics, Inc.",WeightedAverageNumberOfShareOutstandingBasicAndDiluted,SHARES_BASIC_DILUTED_COMBINED,shares,22591326.0,2017-04-01,2017-06-30,91,1,2018-08-02,10-Q,Q2,2018,,0001104659-18-049208,2018-08-02T20:31:47.000Z,10-Q,2018-08-02,True
1434868,"Esperion Therapeutics, Inc.",WeightedAverageNumberOfShareOutstandingBasicAndDiluted,SHARES_BASIC_DILUTED_COMBINED,shares,22591326.0,2017-04-01,2017-06-30,91,1,2019-02-28,10-K,FY,2018,CY2017Q2,0001047469-19-000791,2019-02-28T21:50:53.000Z,10-K,2019-02-28,True
1434868,"Esperion Therapeutics, Inc.",WeightedAverageNumberOfShareOutstandingBasicAndDiluted,SHARES_BASIC_DILUTED_COMBINED,shares,23161847.0,2017-01-01,2017-09-30,273,3,2017-11-07,10-Q,Q3,2017,,0001104659-17-066648,2017-11-07T21:32:37.000Z,10-Q,2017-11-07,True
1434868,"Esperion Therapeutics, Inc.",WeightedAverageNumberOfShareOutstandingBasicAndDiluted,SHARES_BASIC_DILUTED_COMBINED,shares,24311844.0,2017-07-01,2017-09-30,92,1,2017-11-07,10-Q,Q3,2017,,0001104659-17-066648,2017-11-07T21:32:37.000Z,10-Q,2017-11-07,True
1434868,"Esperion Therapeutics, Inc.",WeightedAverageNumberOfShareOutstandingBasicAndDiluted,SHARES_BASIC_DILUTED_COMBINED,shares,24311844.0,2017-07-01,2017-09-30,92,1,2018-02-20,10-K,FY,2017,,0001047469-18-000899,2018-02-20T21:33:20.000Z,10-K,2018-02-20,True
1434868,"Esperion Therapeutics, Inc.",WeightedAverageNumberOfShareOutstandingBasicAndDiluted,SHARES_BASIC_DILUTED_COMBINED,shares,23161847.0,2017-01-01,2017-09-30,273,3,2018-11-01,10-Q,Q3,2018,,0001104659-18-065428,2018-11-01T20:20:00.000Z,10-Q,2018-11-01,True
1434868,"Esperion Therapeutics, Inc.",WeightedAverageNumberOfShareOutstandingBasicAndDiluted,SHARES_BASIC_DILUTED_COMBINED,shares,24311844.0,2017-07-01,2017-09-30,92,1,2018-11-01,10-Q,Q3,2018,,0001104659-18-065428,2018-11-01T20:20:00.000Z,10-Q,2018-11-01,True
1434868,"Esperion Therapeutics, Inc.",WeightedAverageNumberOfShareOutstandingBasicAndDiluted,SHARES_BASIC_DILUTED_COMBINED,shares,24311844.0,2017-07-01,2017-09-30,92,1,2019-02-28,10-K,FY,2018,CY2017Q3,0001047469-19-000791,2019-02-28T21:50:53.000Z,10-K,2019-02-28,True
1434868,"Esperion Therapeutics, Inc.",WeightedAverageNumberOfShareOutstandingBasicAndDiluted,SHARES_BASIC_DILUTED_COMBINED,shares,23933273.0,2017-01-01,2017-12-31,365,4,2018-02-20,10-K,FY,2017,,0001047469-18-000899,2018-02-20T21:33:20.000Z,10-K,2018-02-20,True
1434868,"Esperion Therapeutics, Inc.",WeightedAverageNumberOfShareOutstandingBasicAndDiluted,SHARES_BASIC_DILUTED_COMBINED,shares,26222397.0,2017-10-01,2017-12-31,92,1,2018-02-20,10-K,FY,2017,,0001047469-18-000899,2018-02-20T21:33:20.000Z,10-K,2018-02-20,True
1434868,"Esperion Therapeutics, Inc.",WeightedAverageNumberOfShareOutstandingBasicAndDiluted,SHARES_BASIC_DILUTED_COMBINED,shares,23933273.0,2017-01-01,2017-12-31,365,4,2019-02-28,10-K,FY,2018,,0001047469-19-000791,2019-02-28T21:50:53.000Z,10-K,2019-02-28,True
1434868,"Esperion Therapeutics, Inc.",WeightedAverageNumberOfShareOutstandingBasicAndDiluted,SHARES_BASIC_DILUTED_COMBINED,shares,26222397.0,2017-10-01,2017-12-31,92,1,2019-02-28,10-K,FY,2018,CY2017Q4,0001047469-19-000791,2019-02-28T21:50:53.000Z,10-K,2019-02-28,True
1434868,"Esperion Therapeutics, Inc.",WeightedAverageNumberOfShareOutstandingBasicAndDiluted,SHARES_BASIC_DILUTED_COMBINED,shares,23933273.0,2017-01-01,2017-12-31,365,4,2020-02-27,10-K,FY,2019,CY2017,0001104659-20-026203,2020-02-27T21:31:48.000Z,10-K,2020-02-27,True
1434868,"Esperion Therapeutics, Inc.",WeightedAverageNumberOfShareOutstandingBasicAndDiluted,SHARES_BASIC_DILUTED_COMBINED,shares,26605189.0,2018-01-01,2018-03-31,90,1,2018-05-02,10-Q,Q1,2018,,0001104659-18-029847,2018-05-02T20:31:03.000Z,10-Q,2018-05-02,True
1434868,"Esperion Therapeutics, Inc.",WeightedAverageNumberOfShareOutstandingBasicAndDiluted,SHARES_BASIC_DILUTED_COMBINED,shares,26605189.0,2018-01-01,2018-03-31,90,1,2019-02-28,10-K,FY,2018,,0001047469-19-000791,2019-02-28T21:50:53.000Z,10-K,2019-02-28,True
1434868,"Esperion Therapeutics, Inc.",WeightedAverageNumberOfShareOutstandingBasicAndDiluted,SHARES_BASIC_DILUTED_COMBINED,shares,26605189.0,2018-01-01,2018-03-31,90,1,2020-02-27,10-K,FY,2019,CY2018Q1,0001104659-20-026203,2020-02-27T21:31:48.000Z,10-K,2020-02-27,True
1434868,"Esperion Therapeutics, Inc.",WeightedAverageNumberOfShareOutstandingBasicAndDiluted,SHARES_BASIC_DILUTED_COMBINED,shares,26696495.0,2018-01-01,2018-06-30,181,2,2018-08-02,10-Q,Q2,2018,,0001104659-18-049208,2018-08-02T20:31:47.000Z,10-Q,2018-08-02,True
1434868,"Esperion Therapeutics, Inc.",WeightedAverageNumberOfShareOutstandingBasicAndDiluted,SHARES_BASIC_DILUTED_COMBINED,shares,26786796.0,2018-04-01,2018-06-30,91,1,2018-08-02,10-Q,Q2,2018,,0001104659-18-049208,2018-08-02T20:31:47.000Z,10-Q,2018-08-02,True
1434868,"Esperion Therapeutics, Inc.",WeightedAverageNumberOfShareOutstandingBasicAndDiluted,SHARES_BASIC_DILUTED_COMBINED,shares,26786796.0,2018-04-01,2018-06-30,91,1,2019-02-28,10-K,FY,2018,,0001047469-19-000791,2019-02-28T21:50:53.000Z,10-K,2019-02-28,True
1434868,"Esperion Therapeutics, Inc.",WeightedAverageNumberOfShareOutstandingBasicAndDiluted,SHARES_BASIC_DILUTED_COMBINED,shares,26786796.0,2018-04-01,2018-06-30,91,1,2020-02-27,10-K,FY,2019,CY2018Q2,0001104659-20-026203,2020-02-27T21:31:48.000Z,10-K,2020-02-27,True
1434868,"Esperion Therapeutics, Inc.",WeightedAverageNumberOfShareOutstandingBasicAndDiluted,SHARES_BASIC_DILUTED_COMBINED,shares,26732733.0,2018-01-01,2018-09-30,273,3,2018-11-01,10-Q,Q3,2018,,0001104659-18-065428,2018-11-01T20:20:00.000Z,10-Q,2018-11-01,True
1434868,"Esperion Therapeutics, Inc.",WeightedAverageNumberOfShareOutstandingBasicAndDiluted,SHARES_BASIC_DILUTED_COMBINED,shares,26804026.0,2018-07-01,2018-09-30,92,1,2018-11-01,10-Q,Q3,2018,,0001104659-18-065428,2018-11-01T20:20:00.000Z,10-Q,2018-11-01,True
1434868,"Esperion Therapeutics, Inc.",WeightedAverageNumberOfShareOutstandingBasicAndDiluted,SHARES_BASIC_DILUTED_COMBINED,shares,26804026.0,2018-07-01,2018-09-30,92,1,2019-02-28,10-K,FY,2018,,0001047469-19-000791,2019-02-28T21:50:53.000Z,10-K,2019-02-28,True
1434868,"Esperion Therapeutics, Inc.",WeightedAverageNumberOfShareOutstandingBasicAndDiluted,SHARES_BASIC_DILUTED_COMBINED,shares,26732733.0,2018-01-01,2018-09-30,273,3,2019-11-06,10-Q,Q3,2019,,0001104659-19-060531,2019-11-06T21:30:31.000Z,10-Q,2019-11-06,True
1434868,"Esperion Therapeutics, Inc.",WeightedAverageNumberOfShareOutstandingBasicAndDiluted,SHARES_BASIC_DILUTED_COMBINED,shares,26804026.0,2018-07-01,2018-09-30,92,1,2019-11-06,10-Q,Q3,2019,,0001104659-19-060531,2019-11-06T21:30:31.000Z,10-Q,2019-11-06,True
1434868,"Esperion Therapeutics, Inc.",WeightedAverageNumberOfShareOutstandingBasicAndDiluted,SHARES_BASIC_DILUTED_COMBINED,shares,26804026.0,2018-07-01,2018-09-30,92,1,2020-02-27,10-K,FY,2019,CY2018Q3,0001104659-20-026203,2020-02-27T21:31:48.000Z,10-K,2020-02-27,True
1434868,"Esperion Therapeutics, Inc.",WeightedAverageNumberOfShareOutstandingBasicAndDiluted,SHARES_BASIC_DILUTED_COMBINED,shares,26754308.0,2018-01-01,2018-12-31,365,4,2019-02-28,10-K,FY,2018,,0001047469-19-000791,2019-02-28T21:50:53.000Z,10-K,2019-02-28,True
1434868,"Esperion Therapeutics, Inc.",WeightedAverageNumberOfShareOutstandingBasicAndDiluted,SHARES_BASIC_DILUTED_COMBINED,shares,26818331.0,2018-10-01,2018-12-31,92,1,2019-02-28,10-K,FY,2018,,0001047469-19-000791,2019-02-28T21:50:53.000Z,10-K,2019-02-28,True
1434868,"Esperion Therapeutics, Inc.",WeightedAverageNumberOfShareOutstandingBasicAndDiluted,SHARES_BASIC_DILUTED_COMBINED,shares,26754308.0,2018-01-01,2018-12-31,365,4,2020-02-27,10-K,FY,2019,,0001104659-20-026203,2020-02-27T21:31:48.000Z,10-K,2020-02-27,True
1434868,"Esperion Therapeutics, Inc.",WeightedAverageNumberOfShareOutstandingBasicAndDiluted,SHARES_BASIC_DILUTED_COMBINED,shares,26818331.0,2018-10-01,2018-12-31,92,1,2020-02-27,10-K,FY,2019,CY2018Q4,0001104659-20-026203,2020-02-27T21:31:48.000Z,10-K,2020-02-27,True
1434868,"Esperion Therapeutics, Inc.",WeightedAverageNumberOfShareOutstandingBasicAndDiluted,SHARES_BASIC_DILUTED_COMBINED,shares,26754308.0,2018-01-01,2018-12-31,365,4,2021-02-23,10-K,FY,2020,CY2018,0001628280-21-002865,2021-02-23T22:15:51.000Z,10-K,2021-02-23,True
1434868,"Esperion Therapeutics, Inc.",WeightedAverageNumberOfShareOutstandingBasicAndDiluted,SHARES_BASIC_DILUTED_COMBINED,shares,26995661.0,2019-01-01,2019-09-30,273,3,2019-11-06,10-Q,Q3,2019,,0001104659-19-060531,2019-11-06T21:30:31.000Z,10-Q,2019-11-06,True
1434868,"Esperion Therapeutics, Inc.",WeightedAverageNumberOfShareOutstandingBasicAndDiluted,SHARES_BASIC_DILUTED_COMBINED,shares,27171769.0,2019-07-01,2019-09-30,92,1,2019-11-06,10-Q,Q3,2019,,0001104659-19-060531,2019-11-06T21:30:31.000Z,10-Q,2019-11-06,True
1434868,"Esperion Therapeutics, Inc.",WeightedAverageNumberOfShareOutstandingBasicAndDiluted,SHARES_BASIC_DILUTED_COMBINED,shares,26995661.0,2019-01-01,2019-09-30,273,3,2020-11-02,10-Q,Q3,2020,,0001628280-20-015284,2020-11-02T22:21:03.000Z,10-Q,2020-11-02,True
1434868,"Esperion Therapeutics, Inc.",WeightedAverageNumberOfShareOutstandingBasicAndDiluted,SHARES_BASIC_DILUTED_COMBINED,shares,27171769.0,2019-07-01,2019-09-30,92,1,2020-11-02,10-Q,Q3,2020,CY2019Q3,0001628280-20-015284,2020-11-02T22:21:03.000Z,10-Q,2020-11-02,True
1434868,"Esperion Therapeutics, Inc.",WeightedAverageNumberOfShareOutstandingBasicAndDiluted,SHARES_BASIC_DILUTED_COMBINED,shares,27090284.0,2019-01-01,2019-12-31,365,4,2020-02-27,10-K,FY,2019,,0001104659-20-026203,2020-02-27T21:31:48.000Z,10-K,2020-02-27,True
1434868,"Esperion Therapeutics, Inc.",WeightedAverageNumberOfShareOutstandingBasicAndDiluted,SHARES_BASIC_DILUTED_COMBINED,shares,27090284.0,2019-01-01,2019-12-31,365,4,2021-02-23,10-K,FY,2020,CY2019,0001628280-21-002865,2021-02-23T22:15:51.000Z,10-K,2021-02-23,True
1434868,"Esperion Therapeutics, Inc.",WeightedAverageNumberOfShareOutstandingBasicAndDiluted,SHARES_BASIC_DILUTED_COMBINED,shares,27519229.0,2020-01-01,2020-03-31,91,1,2021-05-04,10-Q,Q1,2021,CY2020Q1,0001628280-21-008918,2021-05-04T21:21:37.000Z,10-Q,2021-05-04,True
1434868,"Esperion Therapeutics, Inc.",WeightedAverageNumberOfShareOutstandingBasicAndDiluted,SHARES_BASIC_DILUTED_COMBINED,shares,27672325.0,2020-01-01,2020-09-30,274,3,2020-11-02,10-Q,Q3,2020,,0001628280-20-015284,2020-11-02T22:21:03.000Z,10-Q,2020-11-02,True
1434868,"Esperion Therapeutics, Inc.",WeightedAverageNumberOfShareOutstandingBasicAndDiluted,SHARES_BASIC_DILUTED_COMBINED,shares,27830281.0,2020-07-01,2020-09-30,92,1,2020-11-02,10-Q,Q3,2020,CY2020Q3,0001628280-20-015284,2020-11-02T22:21:03.000Z,10-Q,2020-11-02,True
1434868,"Esperion Therapeutics, Inc.",WeightedAverageNumberOfShareOutstandingBasicAndDiluted,SHARES_BASIC_DILUTED_COMBINED,shares,27473873.0,2020-01-01,2020-12-31,366,4,2021-02-23,10-K,FY,2020,CY2020,0001628280-21-002865,2021-02-23T22:15:51.000Z,10-K,2021-02-23,True
1434868,"Esperion Therapeutics, Inc.",WeightedAverageNumberOfShareOutstandingBasicAndDiluted,SHARES_BASIC_DILUTED_COMBINED,shares,25991817.0,2021-01-01,2021-03-31,90,1,2021-05-04,10-Q,Q1,2021,CY2021Q1,0001628280-21-008918,2021-05-04T21:21:37.000Z,10-Q,2021-05-04,True
1492422,"APELLIS PHARMACEUTICALS, INC.",NetCashProvidedByUsedInOperatingActivitiesContinuingOperations,CFO_CONTINUING,USD,-8426950.0,2017-01-01,2017-03-31,90,1,2018-04-30,10-Q,Q1,2018,CY2017Q1,0001564590-18-009791,2018-04-30T19:23:17.000Z,10-Q,2018-04-30,True
1492422,"APELLIS PHARMACEUTICALS, INC.",NetCashProvidedByUsedInOperatingActivitiesContinuingOperations,CFO_CONTINUING,USD,-31062269.0,2017-01-01,2017-09-30,273,3,2017-12-20,10-Q,Q3,2017,,0001193125-17-374199,2017-12-20T13:47:53.000Z,10-Q,2017-12-20,True
1492422,"APELLIS PHARMACEUTICALS, INC.",NetCashProvidedByUsedInOperatingActivitiesContinuingOperations,CFO_CONTINUING,USD,-46595073.0,2017-01-01,2017-12-31,365,4,2018-03-19,10-K,FY,2017,CY2017,0001564590-18-006193,2018-03-19T20:08:51.000Z,10-K,2018-03-19,True
1492422,"APELLIS PHARMACEUTICALS, INC.",NetCashProvidedByUsedInOperatingActivitiesContinuingOperations,CFO_CONTINUING,USD,-22935249.0,2018-01-01,2018-03-31,90,1,2018-04-30,10-Q,Q1,2018,CY2018Q1,0001564590-18-009791,2018-04-30T19:23:17.000Z,10-Q,2018-04-30,True
1492422,"APELLIS PHARMACEUTICALS, INC.",WeightedAverageNumberOfShareOutstandingBasicAndDiluted,SHARES_BASIC_DILUTED_COMBINED,shares,8428366.0,2017-01-01,2017-03-31,90,1,2018-04-30,10-Q,Q1,2018,CY2017Q1,0001564590-18-009791,2018-04-30T19:23:17.000Z,10-Q,2018-04-30,True
1492422,"APELLIS PHARMACEUTICALS, INC.",WeightedAverageNumberOfShareOutstandingBasicAndDiluted,SHARES_BASIC_DILUTED_COMBINED,shares,8428366.0,2017-01-01,2017-06-30,181,2,2018-07-31,10-Q,Q2,2018,,0001564590-18-018096,2018-07-31T20:01:24.000Z,10-Q,2018-07-31,True
1492422,"APELLIS PHARMACEUTICALS, INC.",WeightedAverageNumberOfShareOutstandingBasicAndDiluted,SHARES_BASIC_DILUTED_COMBINED,shares,8428366.0,2017-04-01,2017-06-30,91,1,2018-07-31,10-Q,Q2,2018,CY2017Q2,0001564590-18-018096,2018-07-31T20:01:24.000Z,10-Q,2018-07-31,True
1492422,"APELLIS PHARMACEUTICALS, INC.",WeightedAverageNumberOfShareOutstandingBasicAndDiluted,SHARES_BASIC_DILUTED_COMBINED,shares,8432983.0,2017-01-01,2017-09-30,273,3,2017-12-20,10-Q,Q3,2017,,0001193125-17-374199,2017-12-20T13:47:53.000Z,10-Q,2017-12-20,True
1492422,"APELLIS PHARMACEUTICALS, INC.",WeightedAverageNumberOfShareOutstandingBasicAndDiluted,SHARES_BASIC_DILUTED_COMBINED,shares,8442072.0,2017-07-01,2017-09-30,92,1,2017-12-20,10-Q,Q3,2017,,0001193125-17-374199,2017-12-20T13:47:53.000Z,10-Q,2017-12-20,True
1492422,"APELLIS PHARMACEUTICALS, INC.",WeightedAverageNumberOfShareOutstandingBasicAndDiluted,SHARES_BASIC_DILUTED_COMBINED,shares,8432983.0,2017-01-01,2017-09-30,273,3,2018-11-13,10-Q,Q3,2018,,0001564590-18-029127,2018-11-13T12:42:26.000Z,10-Q,2018-11-13,True
1492422,"APELLIS PHARMACEUTICALS, INC.",WeightedAverageNumberOfShareOutstandingBasicAndDiluted,SHARES_BASIC_DILUTED_COMBINED,shares,8442072.0,2017-07-01,2017-09-30,92,1,2018-11-13,10-Q,Q3,2018,CY2017Q3,0001564590-18-029127,2018-11-13T12:42:26.000Z,10-Q,2018-11-13,True
1492422,"APELLIS PHARMACEUTICALS, INC.",WeightedAverageNumberOfShareOutstandingBasicAndDiluted,SHARES_BASIC_DILUTED_COMBINED,shares,13870949.0,2017-01-01,2017-12-31,365,4,2018-03-19,10-K,FY,2017,,0001564590-18-006193,2018-03-19T20:08:51.000Z,10-K,2018-03-19,True
1492422,"APELLIS PHARMACEUTICALS, INC.",WeightedAverageNumberOfShareOutstandingBasicAndDiluted,SHARES_BASIC_DILUTED_COMBINED,shares,13870949.0,2017-01-01,2017-12-31,365,4,2019-02-26,10-K,FY,2018,,0001564590-19-004492,2019-02-26T21:31:52.000Z,10-K,2019-02-26,True
1492422,"APELLIS PHARMACEUTICALS, INC.",WeightedAverageNumberOfShareOutstandingBasicAndDiluted,SHARES_BASIC_DILUTED_COMBINED,shares,13870949.0,2017-01-01,2017-12-31,365,4,2020-02-27,10-K,FY,2019,CY2017,0001564590-20-007350,2020-02-27T21:02:08.000Z,10-K,2020-02-27,True
1492422,"APELLIS PHARMACEUTICALS, INC.",WeightedAverageNumberOfShareOutstandingBasicAndDiluted,SHARES_BASIC_DILUTED_COMBINED,shares,50353812.0,2018-01-01,2018-03-31,90,1,2018-04-30,10-Q,Q1,2018,,0001564590-18-009791,2018-04-30T19:23:17.000Z,10-Q,2018-04-30,True
1492422,"APELLIS PHARMACEUTICALS, INC.",WeightedAverageNumberOfShareOutstandingBasicAndDiluted,SHARES_BASIC_DILUTED_COMBINED,shares,50353812.0,2018-01-01,2018-03-31,90,1,2019-05-07,10-Q,Q1,2019,CY2018Q1,0001564590-19-016638,2019-05-07T21:27:03.000Z,10-Q,2019-05-07,True
1492422,"APELLIS PHARMACEUTICALS, INC.",WeightedAverageNumberOfShareOutstandingBasicAndDiluted,SHARES_BASIC_DILUTED_COMBINED,shares,52534806.0,2018-01-01,2018-06-30,181,2,2018-07-31,10-Q,Q2,2018,,0001564590-18-018096,2018-07-31T20:01:24.000Z,10-Q,2018-07-31,True
1492422,"APELLIS PHARMACEUTICALS, INC.",WeightedAverageNumberOfShareOutstandingBasicAndDiluted,SHARES_BASIC_DILUTED_COMBINED,shares,54691833.0,2018-04-01,2018-06-30,91,1,2018-07-31,10-Q,Q2,2018,,0001564590-18-018096,2018-07-31T20:01:24.000Z,10-Q,2018-07-31,True
1492422,"APELLIS PHARMACEUTICALS, INC.",WeightedAverageNumberOfShareOutstandingBasicAndDiluted,SHARES_BASIC_DILUTED_COMBINED,shares,52534806.0,2018-01-01,2018-06-30,181,2,2019-07-31,10-Q,Q2,2019,,0001564590-19-027462,2019-07-31T20:01:25.000Z,10-Q,2019-07-31,True
1492422,"APELLIS PHARMACEUTICALS, INC.",WeightedAverageNumberOfShareOutstandingBasicAndDiluted,SHARES_BASIC_DILUTED_COMBINED,shares,54691833.0,2018-04-01,2018-06-30,91,1,2019-07-31,10-Q,Q2,2019,CY2018Q2,0001564590-19-027462,2019-07-31T20:01:25.000Z,10-Q,2019-07-31,True
1492422,"APELLIS PHARMACEUTICALS, INC.",WeightedAverageNumberOfShareOutstandingBasicAndDiluted,SHARES_BASIC_DILUTED_COMBINED,shares,53770400.0,2018-01-01,2018-09-30,273,3,2018-11-13,10-Q,Q3,2018,,0001564590-18-029127,2018-11-13T12:42:26.000Z,10-Q,2018-11-13,True
1492422,"APELLIS PHARMACEUTICALS, INC.",WeightedAverageNumberOfShareOutstandingBasicAndDiluted,SHARES_BASIC_DILUTED_COMBINED,shares,56201299.0,2018-07-01,2018-09-30,92,1,2018-11-13,10-Q,Q3,2018,,0001564590-18-029127,2018-11-13T12:42:26.000Z,10-Q,2018-11-13,True
1492422,"APELLIS PHARMACEUTICALS, INC.",WeightedAverageNumberOfShareOutstandingBasicAndDiluted,SHARES_BASIC_DILUTED_COMBINED,shares,53770400.0,2018-01-01,2018-09-30,273,3,2019-11-05,10-Q,Q3,2019,,0001564590-19-040063,2019-11-05T12:31:47.000Z,10-Q,2019-11-05,True
1492422,"APELLIS PHARMACEUTICALS, INC.",WeightedAverageNumberOfShareOutstandingBasicAndDiluted,SHARES_BASIC_DILUTED_COMBINED,shares,56201299.0,2018-07-01,2018-09-30,92,1,2019-11-05,10-Q,Q3,2019,CY2018Q3,0001564590-19-040063,2019-11-05T12:31:47.000Z,10-Q,2019-11-05,True
1492422,"APELLIS PHARMACEUTICALS, INC.",WeightedAverageNumberOfShareOutstandingBasicAndDiluted,SHARES_BASIC_DILUTED_COMBINED,shares,54396483.0,2018-01-01,2018-12-31,365,4,2019-02-26,10-K,FY,2018,,0001564590-19-004492,2019-02-26T21:31:52.000Z,10-K,2019-02-26,True
1492422,"APELLIS PHARMACEUTICALS, INC.",WeightedAverageNumberOfShareOutstandingBasicAndDiluted,SHARES_BASIC_DILUTED_COMBINED,shares,54396483.0,2018-01-01,2018-12-31,365,4,2020-02-27,10-K,FY,2019,,0001564590-20-007350,2020-02-27T21:02:08.000Z,10-K,2020-02-27,True
1492422,"APELLIS PHARMACEUTICALS, INC.",WeightedAverageNumberOfShareOutstandingBasicAndDiluted,SHARES_BASIC_DILUTED_COMBINED,shares,54396000.0,2018-01-01,2018-12-31,365,4,2021-02-25,10-K,FY,2020,CY2018,0001564590-21-008800,2021-02-25T21:01:27.000Z,10-K,2021-02-25,True
1492422,"APELLIS PHARMACEUTICALS, INC.",WeightedAverageNumberOfShareOutstandingBasicAndDiluted,SHARES_BASIC_DILUTED_COMBINED,shares,57897390.0,2019-01-01,2019-03-31,90,1,2019-05-07,10-Q,Q1,2019,,0001564590-19-016638,2019-05-07T21:27:03.000Z,10-Q,2019-05-07,True
1492422,"APELLIS PHARMACEUTICALS, INC.",WeightedAverageNumberOfShareOutstandingBasicAndDiluted,SHARES_BASIC_DILUTED_COMBINED,shares,57897.0,2019-01-01,2019-03-31,90,1,2020-04-29,10-Q,Q1,2020,CY2019Q1,0001564590-20-019689,2020-04-29T20:02:26.000Z,10-Q,2020-04-29,True
1492422,"APELLIS PHARMACEUTICALS, INC.",WeightedAverageNumberOfShareOutstandingBasicAndDiluted,SHARES_BASIC_DILUTED_COMBINED,shares,60580646.0,2019-01-01,2019-06-30,181,2,2019-07-31,10-Q,Q2,2019,,0001564590-19-027462,2019-07-31T20:01:25.000Z,10-Q,2019-07-31,True
1492422,"APELLIS PHARMACEUTICALS, INC.",WeightedAverageNumberOfShareOutstandingBasicAndDiluted,SHARES_BASIC_DILUTED_COMBINED,shares,63263901.0,2019-04-01,2019-06-30,91,1,2019-07-31,10-Q,Q2,2019,,0001564590-19-027462,2019-07-31T20:01:25.000Z,10-Q,2019-07-31,True
1492422,"APELLIS PHARMACEUTICALS, INC.",WeightedAverageNumberOfShareOutstandingBasicAndDiluted,SHARES_BASIC_DILUTED_COMBINED,shares,60581.0,2019-01-01,2019-06-30,181,2,2020-07-30,10-Q,Q2,2020,,0001564590-20-034763,2020-07-30T22:41:50.000Z,10-Q,2020-07-30,True
1492422,"APELLIS PHARMACEUTICALS, INC.",WeightedAverageNumberOfShareOutstandingBasicAndDiluted,SHARES_BASIC_DILUTED_COMBINED,shares,63264.0,2019-04-01,2019-06-30,91,1,2020-07-30,10-Q,Q2,2020,CY2019Q2,0001564590-20-034763,2020-07-30T22:41:50.000Z,10-Q,2020-07-30,True
1492422,"APELLIS PHARMACEUTICALS, INC.",WeightedAverageNumberOfShareOutstandingBasicAndDiluted,SHARES_BASIC_DILUTED_COMBINED,shares,68737045.0,2019-01-01,2019-09-30,273,3,2019-11-05,10-Q,Q3,2019,,0001564590-19-040063,2019-11-05T12:31:47.000Z,10-Q,2019-11-05,True
1492422,"APELLIS PHARMACEUTICALS, INC.",WeightedAverageNumberOfShareOutstandingBasicAndDiluted,SHARES_BASIC_DILUTED_COMBINED,shares,63752719.0,2019-07-01,2019-09-30,92,1,2019-11-05,10-Q,Q3,2019,,0001564590-19-040063,2019-11-05T12:31:47.000Z,10-Q,2019-11-05,True
1492422,"APELLIS PHARMACEUTICALS, INC.",WeightedAverageNumberOfShareOutstandingBasicAndDiluted,SHARES_BASIC_DILUTED_COMBINED,shares,68737.0,2019-01-01,2019-09-30,273,3,2020-11-02,10-Q,Q3,2020,,0001564590-20-049423,2020-11-02T11:32:07.000Z,10-Q,2020-11-02,True
1492422,"APELLIS PHARMACEUTICALS, INC.",WeightedAverageNumberOfShareOutstandingBasicAndDiluted,SHARES_BASIC_DILUTED_COMBINED,shares,63753.0,2019-07-01,2019-09-30,92,1,2020-11-02,10-Q,Q3,2020,CY2019Q3,0001564590-20-049423,2020-11-02T11:32:07.000Z,10-Q,2020-11-02,True
1492422,"APELLIS PHARMACEUTICALS, INC.",WeightedAverageNumberOfShareOutstandingBasicAndDiluted,SHARES_BASIC_DILUTED_COMBINED,shares,62228601.0,2019-01-01,2019-12-31,365,4,2020-02-27,10-K,FY,2019,,0001564590-20-007350,2020-02-27T21:02:08.000Z,10-K,2020-02-27,True
1492422,"APELLIS PHARMACEUTICALS, INC.",WeightedAverageNumberOfShareOutstandingBasicAndDiluted,SHARES_BASIC_DILUTED_COMBINED,shares,62229000.0,2019-01-01,2019-12-31,365,4,2021-02-25,10-K,FY,2020,,0001564590-21-008800,2021-02-25T21:01:27.000Z,10-K,2021-02-25,True
1492422,"APELLIS PHARMACEUTICALS, INC.",WeightedAverageNumberOfShareOutstandingBasicAndDiluted,SHARES_BASIC_DILUTED_COMBINED,shares,62229000.0,2019-01-01,2019-12-31,365,4,2022-02-28,10-K,FY,2021,CY2019,0001564590-22-007606,2022-02-28T21:06:11.000Z,10-K,2022-02-28,True
1492422,"APELLIS PHARMACEUTICALS, INC.",WeightedAverageNumberOfShareOutstandingBasicAndDiluted,SHARES_BASIC_DILUTED_COMBINED,shares,73720.0,2020-01-01,2020-03-31,91,1,2020-04-29,10-Q,Q1,2020,,0001564590-20-019689,2020-04-29T20:02:26.000Z,10-Q,2020-04-29,True
1492422,"APELLIS PHARMACEUTICALS, INC.",WeightedAverageNumberOfShareOutstandingBasicAndDiluted,SHARES_BASIC_DILUTED_COMBINED,shares,73720000.0,2020-01-01,2020-03-31,91,1,2021-04-28,10-Q,Q1,2021,CY2020Q1,0001564590-21-021318,2021-04-28T20:00:47.000Z,10-Q,2021-04-28,True
1492422,"APELLIS PHARMACEUTICALS, INC.",WeightedAverageNumberOfShareOutstandingBasicAndDiluted,SHARES_BASIC_DILUTED_COMBINED,shares,74635.0,2020-01-01,2020-06-30,182,2,2020-07-30,10-Q,Q2,2020,,0001564590-20-034763,2020-07-30T22:41:50.000Z,10-Q,2020-07-30,True
1492422,"APELLIS PHARMACEUTICALS, INC.",WeightedAverageNumberOfShareOutstandingBasicAndDiluted,SHARES_BASIC_DILUTED_COMBINED,shares,75550.0,2020-04-01,2020-06-30,91,1,2020-07-30,10-Q,Q2,2020,,0001564590-20-034763,2020-07-30T22:41:50.000Z,10-Q,2020-07-30,True
1492422,"APELLIS PHARMACEUTICALS, INC.",WeightedAverageNumberOfShareOutstandingBasicAndDiluted,SHARES_BASIC_DILUTED_COMBINED,shares,74635000.0,2020-01-01,2020-06-30,182,2,2021-08-09,10-Q,Q2,2021,,0001564590-21-042601,2021-08-09T20:02:15.000Z,10-Q,2021-08-09,True
1492422,"APELLIS PHARMACEUTICALS, INC.",WeightedAverageNumberOfShareOutstandingBasicAndDiluted,SHARES_BASIC_DILUTED_COMBINED,shares,75550000.0,2020-04-01,2020-06-30,91,1,2021-08-09,10-Q,Q2,2021,CY2020Q2,0001564590-21-042601,2021-08-09T20:02:15.000Z,10-Q,2021-08-09,True
1492422,"APELLIS PHARMACEUTICALS, INC.",WeightedAverageNumberOfShareOutstandingBasicAndDiluted,SHARES_BASIC_DILUTED_COMBINED,shares,74925.0,2020-01-01,2020-09-30,274,3,2020-11-02,10-Q,Q3,2020,,0001564590-20-049423,2020-11-02T11:32:07.000Z,10-Q,2020-11-02,True
1492422,"APELLIS PHARMACEUTICALS, INC.",WeightedAverageNumberOfShareOutstandingBasicAndDiluted,SHARES_BASIC_DILUTED_COMBINED,shares,75628.0,2020-07-01,2020-09-30,92,1,2020-11-02,10-Q,Q3,2020,,0001564590-20-049423,2020-11-02T11:32:07.000Z,10-Q,2020-11-02,True
1492422,"APELLIS PHARMACEUTICALS, INC.",WeightedAverageNumberOfShareOutstandingBasicAndDiluted,SHARES_BASIC_DILUTED_COMBINED,shares,74925000.0,2020-01-01,2020-09-30,274,3,2021-11-08,10-Q,Q3,2021,,0001564590-21-055235,2021-11-08T21:01:16.000Z,10-Q,2021-11-08,True
1492422,"APELLIS PHARMACEUTICALS, INC.",WeightedAverageNumberOfShareOutstandingBasicAndDiluted,SHARES_BASIC_DILUTED_COMBINED,shares,75628000.0,2020-07-01,2020-09-30,92,1,2021-11-08,10-Q,Q3,2021,CY2020Q3,0001564590-21-055235,2021-11-08T21:01:16.000Z,10-Q,2021-11-08,True
1492422,"APELLIS PHARMACEUTICALS, INC.",WeightedAverageNumberOfShareOutstandingBasicAndDiluted,SHARES_BASIC_DILUTED_COMBINED,shares,75163000.0,2020-01-01,2020-12-31,366,4,2021-02-25,10-K,FY,2020,,0001564590-21-008800,2021-02-25T21:01:27.000Z,10-K,2021-02-25,True
1492422,"APELLIS PHARMACEUTICALS, INC.",WeightedAverageNumberOfShareOutstandingBasicAndDiluted,SHARES_BASIC_DILUTED_COMBINED,shares,75163000.0,2020-01-01,2020-12-31,366,4,2022-02-28,10-K,FY,2021,CY2020,0001564590-22-007606,2022-02-28T21:06:11.000Z,10-K,2022-02-28,True
1492422,"APELLIS PHARMACEUTICALS, INC.",WeightedAverageNumberOfShareOutstandingBasicAndDiluted,SHARES_BASIC_DILUTED_COMBINED,shares,79219000.0,2021-01-01,2021-03-31,90,1,2021-04-28,10-Q,Q1,2021,,0001564590-21-021318,2021-04-28T20:00:47.000Z,10-Q,2021-04-28,True
1492422,"APELLIS PHARMACEUTICALS, INC.",WeightedAverageNumberOfShareOutstandingBasicAndDiluted,SHARES_BASIC_DILUTED_COMBINED,shares,79219000.0,2021-01-01,2021-03-31,90,1,2022-05-04,10-Q,Q1,2022,CY2021Q1,0000950170-22-007374,2022-05-04T20:04:42.000Z,10-Q,2022-05-04,True
1492422,"APELLIS PHARMACEUTICALS, INC.",WeightedAverageNumberOfShareOutstandingBasicAndDiluted,SHARES_BASIC_DILUTED_COMBINED,shares,79938000.0,2021-01-01,2021-06-30,181,2,2021-08-09,10-Q,Q2,2021,,0001564590-21-042601,2021-08-09T20:02:15.000Z,10-Q,2021-08-09,True
1492422,"APELLIS PHARMACEUTICALS, INC.",WeightedAverageNumberOfShareOutstandingBasicAndDiluted,SHARES_BASIC_DILUTED_COMBINED,shares,80654000.0,2021-04-01,2021-06-30,91,1,2021-08-09,10-Q,Q2,2021,CY2021Q2,0001564590-21-042601,2021-08-09T20:02:15.000Z,10-Q,2021-08-09,True
1492422,"APELLIS PHARMACEUTICALS, INC.",WeightedAverageNumberOfShareOutstandingBasicAndDiluted,SHARES_BASIC_DILUTED_COMBINED,shares,81846000.0,2021-01-01,2021-09-30,273,3,2021-11-08,10-Q,Q3,2021,,0001564590-21-055235,2021-11-08T21:01:16.000Z,10-Q,2021-11-08,True
1492422,"APELLIS PHARMACEUTICALS, INC.",WeightedAverageNumberOfShareOutstandingBasicAndDiluted,SHARES_BASIC_DILUTED_COMBINED,shares,85661000.0,2021-07-01,2021-09-30,92,1,2021-11-08,10-Q,Q3,2021,CY2021Q3,0001564590-21-055235,2021-11-08T21:01:16.000Z,10-Q,2021-11-08,True
1492422,"APELLIS PHARMACEUTICALS, INC.",WeightedAverageNumberOfShareOutstandingBasicAndDiluted,SHARES_BASIC_DILUTED_COMBINED,shares,84421000.0,2021-01-01,2021-12-31,365,4,2022-02-28,10-K,FY,2021,CY2021,0001564590-22-007606,2022-02-28T21:06:11.000Z,10-K,2022-02-28,True
1492422,"APELLIS PHARMACEUTICALS, INC.",WeightedAverageNumberOfShareOutstandingBasicAndDiluted,SHARES_BASIC_DILUTED_COMBINED,shares,98069000.0,2022-01-01,2022-03-31,90,1,2022-05-04,10-Q,Q1,2022,CY2022Q1,0000950170-22-007374,2022-05-04T20:04:42.000Z,10-Q,2022-05-04,True
1535379,"CLOUDERA, INC.",WeightedAverageNumberOfShareOutstandingBasicAndDiluted,SHARES_BASIC_DILUTED_COMBINED,shares,36406000.0,2016-02-01,2017-01-31,366,4,2018-04-04,10-K,FY,2018,,0001628280-18-004005,2018-04-04T15:34:28.000Z,10-K,2018-04-04,True
1535379,"CLOUDERA, INC.",WeightedAverageNumberOfShareOutstandingBasicAndDiluted,SHARES_BASIC_DILUTED_COMBINED,shares,36406000.0,2016-02-01,2017-01-31,366,4,2019-03-29,10-K,FY,2019,CY2016,0001628280-19-003670,2019-03-29T17:12:48.000Z,10-K,2019-03-29,True
1535379,"CLOUDERA, INC.",WeightedAverageNumberOfShareOutstandingBasicAndDiluted,SHARES_BASIC_DILUTED_COMBINED,shares,38487424.0,2017-02-01,2017-04-30,89,1,2017-06-09,10-Q,Q1,2018,,0001628280-17-006344,2017-06-09T15:44:12.000Z,10-Q,2017-06-09,True
1535379,"CLOUDERA, INC.",WeightedAverageNumberOfShareOutstandingBasicAndDiluted,SHARES_BASIC_DILUTED_COMBINED,shares,38487000.0,2017-02-01,2017-04-30,89,1,2018-06-06,10-Q,Q1,2018,CY2017Q1,0001628280-18-007661,2018-06-06T17:25:45.000Z,10-Q,2018-06-06,True
1535379,"CLOUDERA, INC.",WeightedAverageNumberOfShareOutstandingBasicAndDiluted,SHARES_BASIC_DILUTED_COMBINED,shares,87293000.0,2017-02-01,2017-07-31,181,2,2017-09-12,10-Q,Q2,2018,,0001628280-17-009243,2017-09-12T15:34:44.000Z,10-Q,2017-09-12,True
1535379,"CLOUDERA, INC.",WeightedAverageNumberOfShareOutstandingBasicAndDiluted,SHARES_BASIC_DILUTED_COMBINED,shares,134506000.0,2017-05-01,2017-07-31,92,1,2017-09-12,10-Q,Q2,2018,,0001628280-17-009243,2017-09-12T15:34:44.000Z,10-Q,2017-09-12,True
1535379,"CLOUDERA, INC.",WeightedAverageNumberOfShareOutstandingBasicAndDiluted,SHARES_BASIC_DILUTED_COMBINED,shares,87293000.0,2017-02-01,2017-07-31,181,2,2018-09-06,10-Q,Q2,2018,,0001628280-18-011639,2018-09-05T17:51:20.000Z,10-Q,2018-09-06,True
1535379,"CLOUDERA, INC.",WeightedAverageNumberOfShareOutstandingBasicAndDiluted,SHARES_BASIC_DILUTED_COMBINED,shares,134506000.0,2017-05-01,2017-07-31,92,1,2018-09-06,10-Q,Q2,2018,CY2017Q2,0001628280-18-011639,2018-09-05T17:51:20.000Z,10-Q,2018-09-06,True
1535379,"CLOUDERA, INC.",WeightedAverageNumberOfShareOutstandingBasicAndDiluted,SHARES_BASIC_DILUTED_COMBINED,shares,104551000.0,2017-02-01,2017-10-31,273,3,2017-12-08,10-Q,Q3,2018,,0001628280-17-012249,2017-12-08T14:36:20.000Z,10-Q,2017-12-08,True
1535379,"CLOUDERA, INC.",WeightedAverageNumberOfShareOutstandingBasicAndDiluted,SHARES_BASIC_DILUTED_COMBINED,shares,138506000.0,2017-08-01,2017-10-31,92,1,2017-12-08,10-Q,Q3,2018,,0001628280-17-012249,2017-12-08T14:36:20.000Z,10-Q,2017-12-08,True
1535379,"CLOUDERA, INC.",WeightedAverageNumberOfShareOutstandingBasicAndDiluted,SHARES_BASIC_DILUTED_COMBINED,shares,104551000.0,2017-02-01,2017-10-31,273,3,2018-12-06,10-Q,Q3,2019,,0001628280-18-014845,2018-12-06T09:21:07.000Z,10-Q,2018-12-06,True
1535379,"CLOUDERA, INC.",WeightedAverageNumberOfShareOutstandingBasicAndDiluted,SHARES_BASIC_DILUTED_COMBINED,shares,138506000.0,2017-08-01,2017-10-31,92,1,2018-12-06,10-Q,Q3,2019,CY2017Q3,0001628280-18-014845,2018-12-06T09:21:07.000Z,10-Q,2018-12-06,True
1535379,"CLOUDERA, INC.",WeightedAverageNumberOfShareOutstandingBasicAndDiluted,SHARES_BASIC_DILUTED_COMBINED,shares,114141000.0,2017-02-01,2018-01-31,365,4,2018-04-04,10-K,FY,2018,,0001628280-18-004005,2018-04-04T15:34:28.000Z,10-K,2018-04-04,True
1535379,"CLOUDERA, INC.",WeightedAverageNumberOfShareOutstandingBasicAndDiluted,SHARES_BASIC_DILUTED_COMBINED,shares,114141000.0,2017-02-01,2018-01-31,365,4,2019-03-29,10-K,FY,2019,,0001628280-19-003670,2019-03-29T17:12:48.000Z,10-K,2019-03-29,True
1535379,"CLOUDERA, INC.",WeightedAverageNumberOfShareOutstandingBasicAndDiluted,SHARES_BASIC_DILUTED_COMBINED,shares,114141000.0,2017-02-01,2018-01-31,365,4,2020-03-27,10-K,FY,2020,CY2017,0001628280-20-004231,2020-03-27T16:49:43.000Z,10-K,2020-03-27,True
1535379,"CLOUDERA, INC.",WeightedAverageNumberOfShareOutstandingBasicAndDiluted,SHARES_BASIC_DILUTED_COMBINED,shares,146678000.0,2018-02-01,2018-04-30,89,1,2018-06-06,10-Q,Q1,2018,,0001628280-18-007661,2018-06-06T17:25:45.000Z,10-Q,2018-06-06,True
1535379,"CLOUDERA, INC.",WeightedAverageNumberOfShareOutstandingBasicAndDiluted,SHARES_BASIC_DILUTED_COMBINED,shares,146678000.0,2018-02-01,2018-04-30,89,1,2019-06-05,10-Q,Q1,2020,CY2018Q1,0001628280-19-007611,2019-06-05T17:27:29.000Z,10-Q,2019-06-05,True
1535379,"CLOUDERA, INC.",WeightedAverageNumberOfShareOutstandingBasicAndDiluted,SHARES_BASIC_DILUTED_COMBINED,shares,148115000.0,2018-02-01,2018-07-31,181,2,2018-09-06,10-Q,Q2,2018,,0001628280-18-011639,2018-09-05T17:51:20.000Z,10-Q,2018-09-06,True
1535379,"CLOUDERA, INC.",WeightedAverageNumberOfShareOutstandingBasicAndDiluted,SHARES_BASIC_DILUTED_COMBINED,shares,149505000.0,2018-05-01,2018-07-31,92,1,2018-09-06,10-Q,Q2,2018,,0001628280-18-011639,2018-09-05T17:51:20.000Z,10-Q,2018-09-06,True
1535379,"CLOUDERA, INC.",WeightedAverageNumberOfShareOutstandingBasicAndDiluted,SHARES_BASIC_DILUTED_COMBINED,shares,148115000.0,2018-02-01,2018-07-31,181,2,2019-09-04,10-Q,Q2,2020,,0001628280-19-011400,2019-09-04T17:25:09.000Z,10-Q,2019-09-04,True
1535379,"CLOUDERA, INC.",WeightedAverageNumberOfShareOutstandingBasicAndDiluted,SHARES_BASIC_DILUTED_COMBINED,shares,149505000.0,2018-05-01,2018-07-31,92,1,2019-09-04,10-Q,Q2,2020,CY2018Q2,0001628280-19-011400,2019-09-04T17:25:09.000Z,10-Q,2019-09-04,True
1535379,"CLOUDERA, INC.",WeightedAverageNumberOfShareOutstandingBasicAndDiluted,SHARES_BASIC_DILUTED_COMBINED,shares,149507000.0,2018-02-01,2018-10-31,273,3,2018-12-06,10-Q,Q3,2019,,0001628280-18-014845,2018-12-06T09:21:07.000Z,10-Q,2018-12-06,True
1535379,"CLOUDERA, INC.",WeightedAverageNumberOfShareOutstandingBasicAndDiluted,SHARES_BASIC_DILUTED_COMBINED,shares,152245000.0,2018-08-01,2018-10-31,92,1,2018-12-06,10-Q,Q3,2019,,0001628280-18-014845,2018-12-06T09:21:07.000Z,10-Q,2018-12-06,True
1535379,"CLOUDERA, INC.",WeightedAverageNumberOfShareOutstandingBasicAndDiluted,SHARES_BASIC_DILUTED_COMBINED,shares,149507000.0,2018-02-01,2018-10-31,273,3,2019-12-06,10-Q,Q3,2020,,0001628280-19-014815,2019-12-06T16:03:49.000Z,10-Q,2019-12-06,True
1535379,"CLOUDERA, INC.",WeightedAverageNumberOfShareOutstandingBasicAndDiluted,SHARES_BASIC_DILUTED_COMBINED,shares,152245000.0,2018-08-01,2018-10-31,92,1,2019-12-06,10-Q,Q3,2020,CY2018Q3,0001628280-19-014815,2019-12-06T16:03:49.000Z,10-Q,2019-12-06,True
1535379,"CLOUDERA, INC.",WeightedAverageNumberOfShareOutstandingBasicAndDiluted,SHARES_BASIC_DILUTED_COMBINED,shares,159816000.0,2018-02-01,2019-01-31,365,4,2019-03-29,10-K,FY,2019,,0001628280-19-003670,2019-03-29T17:12:48.000Z,10-K,2019-03-29,True
1535379,"CLOUDERA, INC.",WeightedAverageNumberOfShareOutstandingBasicAndDiluted,SHARES_BASIC_DILUTED_COMBINED,shares,159816000.0,2018-02-01,2019-01-31,365,4,2020-03-27,10-K,FY,2020,,0001628280-20-004231,2020-03-27T16:49:43.000Z,10-K,2020-03-27,True
1535379,"CLOUDERA, INC.",WeightedAverageNumberOfShareOutstandingBasicAndDiluted,SHARES_BASIC_DILUTED_COMBINED,shares,159816000.0,2018-02-01,2019-01-31,365,4,2021-03-25,10-K,FY,2021,CY2018,0001628280-21-005632,2021-03-25T16:24:58.000Z,10-K,2021-03-25,True
1535379,"CLOUDERA, INC.",WeightedAverageNumberOfShareOutstandingBasicAndDiluted,SHARES_BASIC_DILUTED_COMBINED,shares,271352000.0,2019-02-01,2019-04-30,89,1,2019-06-05,10-Q,Q1,2020,,0001628280-19-007611,2019-06-05T17:27:29.000Z,10-Q,2019-06-05,True
1535379,"CLOUDERA, INC.",WeightedAverageNumberOfShareOutstandingBasicAndDiluted,SHARES_BASIC_DILUTED_COMBINED,shares,271352000.0,2019-02-01,2019-04-30,89,1,2020-06-05,10-Q,Q1,2021,CY2019Q1,0001628280-20-009075,2020-06-05T16:09:27.000Z,10-Q,2020-06-05,True
1535379,"CLOUDERA, INC.",WeightedAverageNumberOfShareOutstandingBasicAndDiluted,SHARES_BASIC_DILUTED_COMBINED,shares,274207000.0,2019-02-01,2019-07-31,181,2,2019-09-04,10-Q,Q2,2020,,0001628280-19-011400,2019-09-04T17:25:09.000Z,10-Q,2019-09-04,True
1535379,"CLOUDERA, INC.",WeightedAverageNumberOfShareOutstandingBasicAndDiluted,SHARES_BASIC_DILUTED_COMBINED,shares,276778000.0,2019-05-01,2019-07-31,92,1,2019-09-04,10-Q,Q2,2020,,0001628280-19-011400,2019-09-04T17:25:09.000Z,10-Q,2019-09-04,True
1535379,"CLOUDERA, INC.",WeightedAverageNumberOfShareOutstandingBasicAndDiluted,SHARES_BASIC_DILUTED_COMBINED,shares,274207000.0,2019-02-01,2019-07-31,181,2,2020-09-04,10-Q,Q2,2021,,0001628280-20-013328,2020-09-04T16:13:43.000Z,10-Q,2020-09-04,True
1535379,"CLOUDERA, INC.",WeightedAverageNumberOfShareOutstandingBasicAndDiluted,SHARES_BASIC_DILUTED_COMBINED,shares,276778000.0,2019-05-01,2019-07-31,92,1,2020-09-04,10-Q,Q2,2021,CY2019Q2,0001628280-20-013328,2020-09-04T16:13:43.000Z,10-Q,2020-09-04,True
1535379,"CLOUDERA, INC.",WeightedAverageNumberOfShareOutstandingBasicAndDiluted,SHARES_BASIC_DILUTED_COMBINED,shares,277260000.0,2019-02-01,2019-10-31,273,3,2019-12-06,10-Q,Q3,2020,,0001628280-19-014815,2019-12-06T16:03:49.000Z,10-Q,2019-12-06,True
1535379,"CLOUDERA, INC.",WeightedAverageNumberOfShareOutstandingBasicAndDiluted,SHARES_BASIC_DILUTED_COMBINED,shares,283267000.0,2019-08-01,2019-10-31,92,1,2019-12-06,10-Q,Q3,2020,,0001628280-19-014815,2019-12-06T16:03:49.000Z,10-Q,2019-12-06,True
1535379,"CLOUDERA, INC.",WeightedAverageNumberOfShareOutstandingBasicAndDiluted,SHARES_BASIC_DILUTED_COMBINED,shares,277260000.0,2019-02-01,2019-10-31,273,3,2020-12-04,10-Q,Q3,2021,,0001628280-20-017108,2020-12-04T16:07:47.000Z,10-Q,2020-12-04,True
1535379,"CLOUDERA, INC.",WeightedAverageNumberOfShareOutstandingBasicAndDiluted,SHARES_BASIC_DILUTED_COMBINED,shares,283267000.0,2019-08-01,2019-10-31,92,1,2020-12-04,10-Q,Q3,2021,CY2019Q3,0001628280-20-017108,2020-12-04T16:07:47.000Z,10-Q,2020-12-04,True
1535379,"CLOUDERA, INC.",WeightedAverageNumberOfShareOutstandingBasicAndDiluted,SHARES_BASIC_DILUTED_COMBINED,shares,280772000.0,2019-02-01,2020-01-31,365,4,2020-03-27,10-K,FY,2020,,0001628280-20-004231,2020-03-27T16:49:43.000Z,10-K,2020-03-27,True
1535379,"CLOUDERA, INC.",WeightedAverageNumberOfShareOutstandingBasicAndDiluted,SHARES_BASIC_DILUTED_COMBINED,shares,280772000.0,2019-02-01,2020-01-31,365,4,2021-03-25,10-K,FY,2021,CY2019,0001628280-21-005632,2021-03-25T16:24:58.000Z,10-K,2021-03-25,True
1535379,"CLOUDERA, INC.",WeightedAverageNumberOfShareOutstandingBasicAndDiluted,SHARES_BASIC_DILUTED_COMBINED,shares,295293000.0,2020-02-01,2020-04-30,90,1,2020-06-05,10-Q,Q1,2021,CY2020Q1,0001628280-20-009075,2020-06-05T16:09:27.000Z,10-Q,2020-06-05,True
1535379,"CLOUDERA, INC.",WeightedAverageNumberOfShareOutstandingBasicAndDiluted,SHARES_BASIC_DILUTED_COMBINED,shares,297724000.0,2020-02-01,2020-07-31,182,2,2020-09-04,10-Q,Q2,2021,,0001628280-20-013328,2020-09-04T16:13:43.000Z,10-Q,2020-09-04,True
1535379,"CLOUDERA, INC.",WeightedAverageNumberOfShareOutstandingBasicAndDiluted,SHARES_BASIC_DILUTED_COMBINED,shares,300103000.0,2020-05-01,2020-07-31,92,1,2020-09-04,10-Q,Q2,2021,CY2020Q2,0001628280-20-013328,2020-09-04T16:13:43.000Z,10-Q,2020-09-04,True
1535379,"CLOUDERA, INC.",WeightedAverageNumberOfShareOutstandingBasicAndDiluted,SHARES_BASIC_DILUTED_COMBINED,shares,302185000.0,2020-02-01,2020-10-31,274,3,2020-12-04,10-Q,Q3,2021,,0001628280-20-017108,2020-12-04T16:07:47.000Z,10-Q,2020-12-04,True
1535379,"CLOUDERA, INC.",WeightedAverageNumberOfShareOutstandingBasicAndDiluted,SHARES_BASIC_DILUTED_COMBINED,shares,311009000.0,2020-08-01,2020-10-31,92,1,2020-12-04,10-Q,Q3,2021,CY2020Q3,0001628280-20-017108,2020-12-04T16:07:47.000Z,10-Q,2020-12-04,True
1535379,"CLOUDERA, INC.",WeightedAverageNumberOfShareOutstandingBasicAndDiluted,SHARES_BASIC_DILUTED_COMBINED,shares,302522000.0,2020-02-01,2021-01-31,366,4,2021-03-25,10-K,FY,2021,CY2020,0001628280-21-005632,2021-03-25T16:24:58.000Z,10-K,2021-03-25,True
1540184,"Medallia, Inc.",WeightedAverageNumberOfShareOutstandingBasicAndDiluted,SHARES_BASIC_DILUTED_COMBINED,shares,22571000.0,2017-02-01,2018-01-31,365,4,2020-03-19,10-K,FY,2020,CY2017,0001540184-20-000011,2020-03-19T16:12:07.000Z,10-K,2020-03-19,True
1540184,"Medallia, Inc.",WeightedAverageNumberOfShareOutstandingBasicAndDiluted,SHARES_BASIC_DILUTED_COMBINED,shares,24699000.0,2018-02-01,2018-04-30,89,1,2020-03-19,10-K,FY,2020,CY2018Q1,0001540184-20-000011,2020-03-19T16:12:07.000Z,10-K,2020-03-19,True
1540184,"Medallia, Inc.",WeightedAverageNumberOfShareOutstandingBasicAndDiluted,SHARES_BASIC_DILUTED_COMBINED,shares,25345000.0,2018-02-01,2018-07-31,181,2,2019-09-12,10-Q,Q2,2020,,0001564590-19-034600,2019-09-12T16:06:58.000Z,10-Q,2019-09-12,True
1540184,"Medallia, Inc.",WeightedAverageNumberOfShareOutstandingBasicAndDiluted,SHARES_BASIC_DILUTED_COMBINED,shares,25970000.0,2018-05-01,2018-07-31,92,1,2019-09-12,10-Q,Q2,2020,,0001564590-19-034600,2019-09-12T16:06:58.000Z,10-Q,2019-09-12,True
1540184,"Medallia, Inc.",WeightedAverageNumberOfShareOutstandingBasicAndDiluted,SHARES_BASIC_DILUTED_COMBINED,shares,25970000.0,2018-05-01,2018-07-31,92,1,2020-03-19,10-K,FY,2020,CY2018Q2,0001540184-20-000011,2020-03-19T16:12:07.000Z,10-K,2020-03-19,True
1540184,"Medallia, Inc.",WeightedAverageNumberOfShareOutstandingBasicAndDiluted,SHARES_BASIC_DILUTED_COMBINED,shares,26065000.0,2018-02-01,2018-10-31,273,3,2019-12-11,10-Q,Q3,2020,,0001564590-19-045749,2019-12-11T16:32:29.000Z,10-Q,2019-12-11,True
1540184,"Medallia, Inc.",WeightedAverageNumberOfShareOutstandingBasicAndDiluted,SHARES_BASIC_DILUTED_COMBINED,shares,27482000.0,2018-08-01,2018-10-31,92,1,2019-12-11,10-Q,Q3,2020,,0001564590-19-045749,2019-12-11T16:32:29.000Z,10-Q,2019-12-11,True
1540184,"Medallia, Inc.",WeightedAverageNumberOfShareOutstandingBasicAndDiluted,SHARES_BASIC_DILUTED_COMBINED,shares,27482000.0,2018-08-01,2018-10-31,92,1,2020-03-19,10-K,FY,2020,CY2018Q3,0001540184-20-000011,2020-03-19T16:12:07.000Z,10-K,2020-03-19,True
1540184,"Medallia, Inc.",WeightedAverageNumberOfShareOutstandingBasicAndDiluted,SHARES_BASIC_DILUTED_COMBINED,shares,26770000.0,2018-02-01,2019-01-31,365,4,2020-03-19,10-K,FY,2020,,0001540184-20-000011,2020-03-19T16:12:07.000Z,10-K,2020-03-19,True
1540184,"Medallia, Inc.",WeightedAverageNumberOfShareOutstandingBasicAndDiluted,SHARES_BASIC_DILUTED_COMBINED,shares,28861000.0,2018-11-01,2019-01-31,92,1,2020-03-19,10-K,FY,2020,CY2018Q4,0001540184-20-000011,2020-03-19T16:12:07.000Z,10-K,2020-03-19,True
1540184,"Medallia, Inc.",WeightedAverageNumberOfShareOutstandingBasicAndDiluted,SHARES_BASIC_DILUTED_COMBINED,shares,26770000.0,2018-02-01,2019-01-31,365,4,2021-03-22,10-K,FY,2021,CY2018,0001540184-21-000004,2021-03-22T06:17:53.000Z,10-K,2021-03-22,True
1540184,"Medallia, Inc.",WeightedAverageNumberOfShareOutstandingBasicAndDiluted,SHARES_BASIC_DILUTED_COMBINED,shares,30430000.0,2019-02-01,2019-04-30,89,1,2020-03-19,10-K,FY,2020,,0001540184-20-000011,2020-03-19T16:12:07.000Z,10-K,2020-03-19,True
1540184,"Medallia, Inc.",WeightedAverageNumberOfShareOutstandingBasicAndDiluted,SHARES_BASIC_DILUTED_COMBINED,shares,30430000.0,2019-02-01,2019-04-30,89,1,2020-06-09,10-Q,Q1,2021,,0001540184-20-000028,2020-06-09T16:44:04.000Z,10-Q,2020-06-09,True
1540184,"Medallia, Inc.",WeightedAverageNumberOfShareOutstandingBasicAndDiluted,SHARES_BASIC_DILUTED_COMBINED,shares,30430000.0,2019-02-01,2019-04-30,89,1,2021-03-22,10-K,FY,2021,CY2019Q1,0001540184-21-000004,2021-03-22T06:17:53.000Z,10-K,2021-03-22,True
1540184,"Medallia, Inc.",WeightedAverageNumberOfShareOutstandingBasicAndDiluted,SHARES_BASIC_DILUTED_COMBINED,shares,37248000.0,2019-02-01,2019-07-31,181,2,2019-09-12,10-Q,Q2,2020,,0001564590-19-034600,2019-09-12T16:06:58.000Z,10-Q,2019-09-12,True
1540184,"Medallia, Inc.",WeightedAverageNumberOfShareOutstandingBasicAndDiluted,SHARES_BASIC_DILUTED_COMBINED,shares,43986000.0,2019-05-01,2019-07-31,92,1,2019-09-12,10-Q,Q2,2020,,0001564590-19-034600,2019-09-12T16:06:58.000Z,10-Q,2019-09-12,True
1540184,"Medallia, Inc.",WeightedAverageNumberOfShareOutstandingBasicAndDiluted,SHARES_BASIC_DILUTED_COMBINED,shares,43986000.0,2019-05-01,2019-07-31,92,1,2020-03-19,10-K,FY,2020,,0001540184-20-000011,2020-03-19T16:12:07.000Z,10-K,2020-03-19,True
1540184,"Medallia, Inc.",WeightedAverageNumberOfShareOutstandingBasicAndDiluted,SHARES_BASIC_DILUTED_COMBINED,shares,37248000.0,2019-02-01,2019-07-31,181,2,2020-09-09,10-Q,Q2,2021,,0001540184-20-000036,2020-09-09T16:22:10.000Z,10-Q,2020-09-09,True
1540184,"Medallia, Inc.",WeightedAverageNumberOfShareOutstandingBasicAndDiluted,SHARES_BASIC_DILUTED_COMBINED,shares,43986000.0,2019-05-01,2019-07-31,92,1,2020-09-09,10-Q,Q2,2021,,0001540184-20-000036,2020-09-09T16:22:10.000Z,10-Q,2020-09-09,True
1540184,"Medallia, Inc.",WeightedAverageNumberOfShareOutstandingBasicAndDiluted,SHARES_BASIC_DILUTED_COMBINED,shares,43986000.0,2019-05-01,2019-07-31,92,1,2021-03-22,10-K,FY,2021,CY2019Q2,0001540184-21-000004,2021-03-22T06:17:53.000Z,10-K,2021-03-22,True
1540184,"Medallia, Inc.",WeightedAverageNumberOfShareOutstandingBasicAndDiluted,SHARES_BASIC_DILUTED_COMBINED,shares,67735000.0,2019-02-01,2019-10-31,273,3,2019-12-11,10-Q,Q3,2020,,0001564590-19-045749,2019-12-11T16:32:29.000Z,10-Q,2019-12-11,True
1540184,"Medallia, Inc.",WeightedAverageNumberOfShareOutstandingBasicAndDiluted,SHARES_BASIC_DILUTED_COMBINED,shares,127715000.0,2019-08-01,2019-10-31,92,1,2019-12-11,10-Q,Q3,2020,,0001564590-19-045749,2019-12-11T16:32:29.000Z,10-Q,2019-12-11,True
1540184,"Medallia, Inc.",WeightedAverageNumberOfShareOutstandingBasicAndDiluted,SHARES_BASIC_DILUTED_COMBINED,shares,127715000.0,2019-08-01,2019-10-31,92,1,2020-03-19,10-K,FY,2020,,0001540184-20-000011,2020-03-19T16:12:07.000Z,10-K,2020-03-19,True
1540184,"Medallia, Inc.",WeightedAverageNumberOfShareOutstandingBasicAndDiluted,SHARES_BASIC_DILUTED_COMBINED,shares,67735000.0,2019-02-01,2019-10-31,273,3,2020-12-09,10-Q,Q3,2021,,0001540184-20-000041,2020-12-09T16:23:16.000Z,10-Q,2020-12-09,True
1540184,"Medallia, Inc.",WeightedAverageNumberOfShareOutstandingBasicAndDiluted,SHARES_BASIC_DILUTED_COMBINED,shares,127715000.0,2019-08-01,2019-10-31,92,1,2020-12-09,10-Q,Q3,2021,,0001540184-20-000041,2020-12-09T16:23:16.000Z,10-Q,2020-12-09,True
1540184,"Medallia, Inc.",WeightedAverageNumberOfShareOutstandingBasicAndDiluted,SHARES_BASIC_DILUTED_COMBINED,shares,127715000.0,2019-08-01,2019-10-31,92,1,2021-03-22,10-K,FY,2021,CY2019Q3,0001540184-21-000004,2021-03-22T06:17:53.000Z,10-K,2021-03-22,True
1540184,"Medallia, Inc.",WeightedAverageNumberOfShareOutstandingBasicAndDiluted,SHARES_BASIC_DILUTED_COMBINED,shares,83269000.0,2019-02-01,2020-01-31,365,4,2020-03-19,10-K,FY,2020,,0001540184-20-000011,2020-03-19T16:12:07.000Z,10-K,2020-03-19,True
1540184,"Medallia, Inc.",WeightedAverageNumberOfShareOutstandingBasicAndDiluted,SHARES_BASIC_DILUTED_COMBINED,shares,129365000.0,2019-11-01,2020-01-31,92,1,2020-03-19,10-K,FY,2020,,0001540184-20-000011,2020-03-19T16:12:07.000Z,10-K,2020-03-19,True
1540184,"Medallia, Inc.",WeightedAverageNumberOfShareOutstandingBasicAndDiluted,SHARES_BASIC_DILUTED_COMBINED,shares,83269000.0,2019-02-01,2020-01-31,365,4,2021-03-22,10-K,FY,2021,CY2019,0001540184-21-000004,2021-03-22T06:17:53.000Z,10-K,2021-03-22,True
1540184,"Medallia, Inc.",WeightedAverageNumberOfShareOutstandingBasicAndDiluted,SHARES_BASIC_DILUTED_COMBINED,shares,129365000.0,2019-11-01,2020-01-31,92,1,2021-03-22,10-K,FY,2021,CY2019Q4,0001540184-21-000004,2021-03-22T06:17:53.000Z,10-K,2021-03-22,True
1540184,"Medallia, Inc.",WeightedAverageNumberOfShareOutstandingBasicAndDiluted,SHARES_BASIC_DILUTED_COMBINED,shares,135993000.0,2020-02-01,2020-04-30,90,1,2020-06-09,10-Q,Q1,2021,,0001540184-20-000028,2020-06-09T16:44:04.000Z,10-Q,2020-06-09,True
1540184,"Medallia, Inc.",WeightedAverageNumberOfShareOutstandingBasicAndDiluted,SHARES_BASIC_DILUTED_COMBINED,shares,135993000.0,2020-02-01,2020-04-30,90,1,2021-03-22,10-K,FY,2021,,0001540184-21-000004,2021-03-22T06:17:53.000Z,10-K,2021-03-22,True
1540184,"Medallia, Inc.",WeightedAverageNumberOfShareOutstandingBasicAndDiluted,SHARES_BASIC_DILUTED_COMBINED,shares,135993000.0,2020-02-01,2020-04-30,90,1,2021-06-04,10-Q,Q1,2022,CY2020Q1,0001540184-21-000017,2021-06-04T16:29:35.000Z,10-Q,2021-06-04,True
1540184,"Medallia, Inc.",WeightedAverageNumberOfShareOutstandingBasicAndDiluted,SHARES_BASIC_DILUTED_COMBINED,shares,139272000.0,2020-02-01,2020-07-31,182,2,2020-09-09,10-Q,Q2,2021,,0001540184-20-000036,2020-09-09T16:22:10.000Z,10-Q,2020-09-09,True
1540184,"Medallia, Inc.",WeightedAverageNumberOfShareOutstandingBasicAndDiluted,SHARES_BASIC_DILUTED_COMBINED,shares,142479000.0,2020-05-01,2020-07-31,92,1,2020-09-09,10-Q,Q2,2021,,0001540184-20-000036,2020-09-09T16:22:10.000Z,10-Q,2020-09-09,True
1540184,"Medallia, Inc.",WeightedAverageNumberOfShareOutstandingBasicAndDiluted,SHARES_BASIC_DILUTED_COMBINED,shares,142479000.0,2020-05-01,2020-07-31,92,1,2021-03-22,10-K,FY,2021,CY2020Q2,0001540184-21-000004,2021-03-22T06:17:53.000Z,10-K,2021-03-22,True
1540184,"Medallia, Inc.",WeightedAverageNumberOfShareOutstandingBasicAndDiluted,SHARES_BASIC_DILUTED_COMBINED,shares,142179000.0,2020-02-01,2020-10-31,274,3,2020-12-09,10-Q,Q3,2021,,0001540184-20-000041,2020-12-09T16:23:16.000Z,10-Q,2020-12-09,True
1540184,"Medallia, Inc.",WeightedAverageNumberOfShareOutstandingBasicAndDiluted,SHARES_BASIC_DILUTED_COMBINED,shares,147930000.0,2020-08-01,2020-10-31,92,1,2020-12-09,10-Q,Q3,2021,,0001540184-20-000041,2020-12-09T16:23:16.000Z,10-Q,2020-12-09,True
1540184,"Medallia, Inc.",WeightedAverageNumberOfShareOutstandingBasicAndDiluted,SHARES_BASIC_DILUTED_COMBINED,shares,147930000.0,2020-08-01,2020-10-31,92,1,2021-03-22,10-K,FY,2021,CY2020Q3,0001540184-21-000004,2021-03-22T06:17:53.000Z,10-K,2021-03-22,True
1540184,"Medallia, Inc.",WeightedAverageNumberOfShareOutstandingBasicAndDiluted,SHARES_BASIC_DILUTED_COMBINED,shares,144563000.0,2020-02-01,2021-01-31,366,4,2021-03-22,10-K,FY,2021,CY2020,0001540184-21-000004,2021-03-22T06:17:53.000Z,10-K,2021-03-22,True
1540184,"Medallia, Inc.",WeightedAverageNumberOfShareOutstandingBasicAndDiluted,SHARES_BASIC_DILUTED_COMBINED,shares,151663000.0,2020-11-01,2021-01-31,92,1,2021-03-22,10-K,FY,2021,CY2020Q4,0001540184-21-000004,2021-03-22T06:17:53.000Z,10-K,2021-03-22,True
1540184,"Medallia, Inc.",WeightedAverageNumberOfShareOutstandingBasicAndDiluted,SHARES_BASIC_DILUTED_COMBINED,shares,156364000.0,2021-02-01,2021-04-30,89,1,2021-06-04,10-Q,Q1,2022,CY2021Q1,0001540184-21-000017,2021-06-04T16:29:35.000Z,10-Q,2021-06-04,True
1580864,"VROOM, INC.",WeightedAverageNumberOfShareOutstandingBasicAndDiluted,SHARES_BASIC_DILUTED_COMBINED,shares,8540778.0,2018-01-01,2018-12-31,365,4,2021-03-03,10-K,FY,2020,CY2018,0001564590-21-010584,2021-03-03T21:22:32.000Z,10-K,2021-03-03,True
1580864,"VROOM, INC.",WeightedAverageNumberOfShareOutstandingBasicAndDiluted,SHARES_BASIC_DILUTED_COMBINED,shares,8579539.0,2019-01-01,2019-06-30,181,2,2020-08-13,10-Q,Q2,2020,,0001564590-20-039778,2020-08-13T01:11:25.000Z,10-Q,2020-08-13,True
1580864,"VROOM, INC.",WeightedAverageNumberOfShareOutstandingBasicAndDiluted,SHARES_BASIC_DILUTED_COMBINED,shares,8580150.0,2019-04-01,2019-06-30,91,1,2020-08-13,10-Q,Q2,2020,CY2019Q2,0001564590-20-039778,2020-08-13T01:11:25.000Z,10-Q,2020-08-13,True
1580864,"VROOM, INC.",WeightedAverageNumberOfShareOutstandingBasicAndDiluted,SHARES_BASIC_DILUTED_COMBINED,shares,8591554.0,2019-01-01,2019-09-30,273,3,2020-11-12,10-Q,Q3,2020,,0001564590-20-053205,2020-11-12T11:11:11.000Z,10-Q,2020-11-12,True
1580864,"VROOM, INC.",WeightedAverageNumberOfShareOutstandingBasicAndDiluted,SHARES_BASIC_DILUTED_COMBINED,shares,8615682.0,2019-07-01,2019-09-30,92,1,2020-11-12,10-Q,Q3,2020,CY2019Q3,0001564590-20-053205,2020-11-12T11:11:11.000Z,10-Q,2020-11-12,True
1580864,"VROOM, INC.",WeightedAverageNumberOfShareOutstandingBasicAndDiluted,SHARES_BASIC_DILUTED_COMBINED,shares,8605962.0,2019-01-01,2019-12-31,365,4,2021-03-03,10-K,FY,2020,,0001564590-21-010584,2021-03-03T21:22:32.000Z,10-K,2021-03-03,True
1580864,"VROOM, INC.",WeightedAverageNumberOfShareOutstandingBasicAndDiluted,SHARES_BASIC_DILUTED_COMBINED,shares,8605962.0,2019-01-01,2019-12-31,365,4,2022-03-01,10-K,FY,2021,CY2019,0000950170-22-002352,2022-03-01T00:12:12.000Z,10-K,2022-03-01,True
1580864,"VROOM, INC.",WeightedAverageNumberOfShareOutstandingBasicAndDiluted,SHARES_BASIC_DILUTED_COMBINED,shares,8471456.0,2020-01-01,2020-03-31,91,1,2021-05-12,10-Q,Q1,2021,CY2020Q1,0001564590-21-027054,2021-05-12T20:53:25.000Z,10-Q,2021-05-12,True
1580864,"VROOM, INC.",WeightedAverageNumberOfShareOutstandingBasicAndDiluted,SHARES_BASIC_DILUTED_COMBINED,shares,20035476.0,2020-01-01,2020-06-30,182,2,2020-08-13,10-Q,Q2,2020,,0001564590-20-039778,2020-08-13T01:11:25.000Z,10-Q,2020-08-13,True
1580864,"VROOM, INC.",WeightedAverageNumberOfShareOutstandingBasicAndDiluted,SHARES_BASIC_DILUTED_COMBINED,shares,31599497.0,2020-04-01,2020-06-30,91,1,2020-08-13,10-Q,Q2,2020,,0001564590-20-039778,2020-08-13T01:11:25.000Z,10-Q,2020-08-13,True
1580864,"VROOM, INC.",WeightedAverageNumberOfShareOutstandingBasicAndDiluted,SHARES_BASIC_DILUTED_COMBINED,shares,20035476.0,2020-01-01,2020-06-30,182,2,2021-08-11,10-Q,Q2,2021,,0001564590-21-043465,2021-08-11T20:26:50.000Z,10-Q,2021-08-11,True
1580864,"VROOM, INC.",WeightedAverageNumberOfShareOutstandingBasicAndDiluted,SHARES_BASIC_DILUTED_COMBINED,shares,31599497.0,2020-04-01,2020-06-30,91,1,2021-08-11,10-Q,Q2,2021,CY2020Q2,0001564590-21-043465,2021-08-11T20:26:50.000Z,10-Q,2021-08-11,True
1580864,"VROOM, INC.",WeightedAverageNumberOfShareOutstandingBasicAndDiluted,SHARES_BASIC_DILUTED_COMBINED,shares,53731475.0,2020-01-01,2020-09-30,274,3,2020-11-12,10-Q,Q3,2020,,0001564590-20-053205,2020-11-12T11:11:11.000Z,10-Q,2020-11-12,True
1580864,"VROOM, INC.",WeightedAverageNumberOfShareOutstandingBasicAndDiluted,SHARES_BASIC_DILUTED_COMBINED,shares,121123472.0,2020-07-01,2020-09-30,92,1,2020-11-12,10-Q,Q3,2020,,0001564590-20-053205,2020-11-12T11:11:11.000Z,10-Q,2020-11-12,True
1580864,"VROOM, INC.",WeightedAverageNumberOfShareOutstandingBasicAndDiluted,SHARES_BASIC_DILUTED_COMBINED,shares,53731475.0,2020-01-01,2020-09-30,274,3,2021-11-09,10-Q,Q3,2021,,0000950170-21-003792,2021-11-09T21:58:27.000Z,10-Q,2021-11-09,True
1580864,"VROOM, INC.",WeightedAverageNumberOfShareOutstandingBasicAndDiluted,SHARES_BASIC_DILUTED_COMBINED,shares,121123472.0,2020-07-01,2020-09-30,92,1,2021-11-09,10-Q,Q3,2021,CY2020Q3,0000950170-21-003792,2021-11-09T21:58:27.000Z,10-Q,2021-11-09,True
1580864,"VROOM, INC.",WeightedAverageNumberOfShareOutstandingBasicAndDiluted,SHARES_BASIC_DILUTED_COMBINED,shares,73345569.0,2020-01-01,2020-12-31,366,4,2021-03-03,10-K,FY,2020,,0001564590-21-010584,2021-03-03T21:22:32.000Z,10-K,2021-03-03,True
1580864,"VROOM, INC.",WeightedAverageNumberOfShareOutstandingBasicAndDiluted,SHARES_BASIC_DILUTED_COMBINED,shares,73345569.0,2020-01-01,2020-12-31,366,4,2022-03-01,10-K,FY,2021,CY2020,0000950170-22-002352,2022-03-01T00:12:12.000Z,10-K,2022-03-01,True
1580864,"VROOM, INC.",WeightedAverageNumberOfShareOutstandingBasicAndDiluted,SHARES_BASIC_DILUTED_COMBINED,shares,135497511.0,2021-01-01,2021-03-31,90,1,2021-05-12,10-Q,Q1,2021,,0001564590-21-027054,2021-05-12T20:53:25.000Z,10-Q,2021-05-12,True
1580864,"VROOM, INC.",WeightedAverageNumberOfShareOutstandingBasicAndDiluted,SHARES_BASIC_DILUTED_COMBINED,shares,135497511.0,2021-01-01,2021-03-31,90,1,2022-05-09,10-Q,Q1,2022,CY2021Q1,0000950170-22-008544,2022-05-09T20:47:46.000Z,10-Q,2022-05-09,True
1580864,"VROOM, INC.",WeightedAverageNumberOfShareOutstandingBasicAndDiluted,SHARES_BASIC_DILUTED_COMBINED,shares,136002344.0,2021-01-01,2021-06-30,181,2,2021-08-11,10-Q,Q2,2021,,0001564590-21-043465,2021-08-11T20:26:50.000Z,10-Q,2021-08-11,True
1580864,"VROOM, INC.",WeightedAverageNumberOfShareOutstandingBasicAndDiluted,SHARES_BASIC_DILUTED_COMBINED,shares,136507177.0,2021-04-01,2021-06-30,91,1,2021-08-11,10-Q,Q2,2021,,0001564590-21-043465,2021-08-11T20:26:50.000Z,10-Q,2021-08-11,True
1580864,"VROOM, INC.",WeightedAverageNumberOfShareOutstandingBasicAndDiluted,SHARES_BASIC_DILUTED_COMBINED,shares,136002344.0,2021-01-01,2021-06-30,181,2,2022-08-08,10-Q,Q2,2022,,0000950170-22-015563,2022-08-08T20:27:48.000Z,10-Q,2022-08-08,True
1580864,"VROOM, INC.",WeightedAverageNumberOfShareOutstandingBasicAndDiluted,SHARES_BASIC_DILUTED_COMBINED,shares,136507177.0,2021-04-01,2021-06-30,91,1,2022-08-08,10-Q,Q2,2022,CY2021Q2,0000950170-22-015563,2022-08-08T20:27:48.000Z,10-Q,2022-08-08,True
1580864,"VROOM, INC.",WeightedAverageNumberOfShareOutstandingBasicAndDiluted,SHARES_BASIC_DILUTED_COMBINED,shares,136256901.0,2021-01-01,2021-09-30,273,3,2021-11-09,10-Q,Q3,2021,,0000950170-21-003792,2021-11-09T21:58:27.000Z,10-Q,2021-11-09,True
1580864,"VROOM, INC.",WeightedAverageNumberOfShareOutstandingBasicAndDiluted,SHARES_BASIC_DILUTED_COMBINED,shares,136766015.0,2021-07-01,2021-09-30,92,1,2021-11-09,10-Q,Q3,2021,CY2021Q3,0000950170-21-003792,2021-11-09T21:58:27.000Z,10-Q,2021-11-09,True
1580864,"VROOM, INC.",WeightedAverageNumberOfShareOutstandingBasicAndDiluted,SHARES_BASIC_DILUTED_COMBINED,shares,136429791.0,2021-01-01,2021-12-31,365,4,2022-03-01,10-K,FY,2021,CY2021,0000950170-22-002352,2022-03-01T00:12:12.000Z,10-K,2022-03-01,True
1580864,"VROOM, INC.",WeightedAverageNumberOfShareOutstandingBasicAndDiluted,SHARES_BASIC_DILUTED_COMBINED,shares,137259629.0,2022-01-01,2022-03-31,90,1,2022-05-09,10-Q,Q1,2022,CY2022Q1,0000950170-22-008544,2022-05-09T20:47:46.000Z,10-Q,2022-05-09,True
1580864,"VROOM, INC.",WeightedAverageNumberOfShareOutstandingBasicAndDiluted,SHARES_BASIC_DILUTED_COMBINED,shares,137667419.0,2022-01-01,2022-06-30,181,2,2022-08-08,10-Q,Q2,2022,,0000950170-22-015563,2022-08-08T20:27:48.000Z,10-Q,2022-08-08,True
1580864,"VROOM, INC.",WeightedAverageNumberOfShareOutstandingBasicAndDiluted,SHARES_BASIC_DILUTED_COMBINED,shares,138075210.0,2022-04-01,2022-06-30,91,1,2022-08-08,10-Q,Q2,2022,CY2022Q2,0000950170-22-015563,2022-08-08T20:27:48.000Z,10-Q,2022-08-08,True
1583107,"Theravance Biopharma, Inc.",NetCashProvidedByUsedInOperatingActivitiesContinuingOperations,CFO_CONTINUING,USD,-50026000.0,2017-01-01,2017-03-31,90,1,2017-05-10,10-Q,Q1,2017,CY2017Q1,0001104659-17-031264,2017-05-10T02:00:03.000Z,10-Q,2017-05-10,True
1583107,"Theravance Biopharma, Inc.",NetCashProvidedByUsedInOperatingActivitiesContinuingOperations,CFO_CONTINUING,USD,-190525000.0,2021-01-01,2021-09-30,273,3,2022-11-09,10-Q,Q3,2022,,0001558370-22-017048,2022-11-09T14:24:48.000Z,10-Q,2022-11-09,True
1583107,"Theravance Biopharma, Inc.",NetCashProvidedByUsedInOperatingActivitiesContinuingOperations,CFO_CONTINUING,USD,-57338000.0,2022-01-01,2022-09-30,273,3,2022-11-09,10-Q,Q3,2022,,0001558370-22-017048,2022-11-09T14:24:48.000Z,10-Q,2022-11-09,True
1583107,"Theravance Biopharma, Inc.",CashProvidedByUsedInOperatingActivitiesDiscontinuedOperations,CFO_DISCONTINUED,USD,25101000.0,2021-01-01,2021-09-30,273,3,2022-11-09,10-Q,Q3,2022,,0001558370-22-017048,2022-11-09T14:24:48.000Z,10-Q,2022-11-09,True
1583107,"Theravance Biopharma, Inc.",CashProvidedByUsedInOperatingActivitiesDiscontinuedOperations,CFO_DISCONTINUED,USD,-5598000.0,2022-01-01,2022-09-30,273,3,2022-11-09,10-Q,Q3,2022,,0001558370-22-017048,2022-11-09T14:24:48.000Z,10-Q,2022-11-09,True
1583107,"Theravance Biopharma, Inc.",WeightedAverageNumberOfShareOutstandingBasicAndDiluted,SHARES_BASIC_DILUTED_COMBINED,shares,51617000.0,2017-01-01,2017-03-31,90,1,2017-05-10,10-Q,Q1,2017,,0001104659-17-031264,2017-05-10T02:00:03.000Z,10-Q,2017-05-10,True
1583107,"Theravance Biopharma, Inc.",WeightedAverageNumberOfShareOutstandingBasicAndDiluted,SHARES_BASIC_DILUTED_COMBINED,shares,51617000.0,2017-01-01,2017-03-31,90,1,2018-05-09,10-Q,Q1,2018,CY2017Q1,0001558370-18-004404,2018-05-09T10:22:01.000Z,10-Q,2018-05-09,True
1583107,"Theravance Biopharma, Inc.",WeightedAverageNumberOfShareOutstandingBasicAndDiluted,SHARES_BASIC_DILUTED_COMBINED,shares,51938000.0,2017-01-01,2017-06-30,181,2,2017-08-09,10-Q,Q2,2017,,0001104659-17-050414,2017-08-09T10:05:31.000Z,10-Q,2017-08-09,True
1583107,"Theravance Biopharma, Inc.",WeightedAverageNumberOfShareOutstandingBasicAndDiluted,SHARES_BASIC_DILUTED_COMBINED,shares,52255000.0,2017-04-01,2017-06-30,91,1,2017-08-09,10-Q,Q2,2017,,0001104659-17-050414,2017-08-09T10:05:31.000Z,10-Q,2017-08-09,True
1583107,"Theravance Biopharma, Inc.",WeightedAverageNumberOfShareOutstandingBasicAndDiluted,SHARES_BASIC_DILUTED_COMBINED,shares,51938000.0,2017-01-01,2017-06-30,181,2,2018-08-02,10-Q,Q2,2018,,0001558370-18-006147,2018-08-02T10:16:56.000Z,10-Q,2018-08-02,True
1583107,"Theravance Biopharma, Inc.",WeightedAverageNumberOfShareOutstandingBasicAndDiluted,SHARES_BASIC_DILUTED_COMBINED,shares,52255000.0,2017-04-01,2017-06-30,91,1,2018-08-02,10-Q,Q2,2018,CY2017Q2,0001558370-18-006147,2018-08-02T10:16:56.000Z,10-Q,2018-08-02,True
1583107,"Theravance Biopharma, Inc.",WeightedAverageNumberOfShareOutstandingBasicAndDiluted,SHARES_BASIC_DILUTED_COMBINED,shares,52165000.0,2017-01-01,2017-09-30,273,3,2017-11-08,10-Q,Q3,2017,,0001104659-17-066731,2017-11-08T00:17:11.000Z,10-Q,2017-11-08,True
1583107,"Theravance Biopharma, Inc.",WeightedAverageNumberOfShareOutstandingBasicAndDiluted,SHARES_BASIC_DILUTED_COMBINED,shares,52611000.0,2017-07-01,2017-09-30,92,1,2017-11-08,10-Q,Q3,2017,,0001104659-17-066731,2017-11-08T00:17:11.000Z,10-Q,2017-11-08,True
1583107,"Theravance Biopharma, Inc.",WeightedAverageNumberOfShareOutstandingBasicAndDiluted,SHARES_BASIC_DILUTED_COMBINED,shares,52165000.0,2017-01-01,2017-09-30,273,3,2018-11-08,10-Q,Q3,2018,,0001558370-18-008888,2018-11-08T02:52:22.000Z,10-Q,2018-11-08,True
1583107,"Theravance Biopharma, Inc.",WeightedAverageNumberOfShareOutstandingBasicAndDiluted,SHARES_BASIC_DILUTED_COMBINED,shares,52611000.0,2017-07-01,2017-09-30,92,1,2018-11-08,10-Q,Q3,2018,CY2017Q3,0001558370-18-008888,2018-11-08T02:52:22.000Z,10-Q,2018-11-08,True
1583107,"Theravance Biopharma, Inc.",WeightedAverageNumberOfShareOutstandingBasicAndDiluted,SHARES_BASIC_DILUTED_COMBINED,shares,52352000.0,2017-01-01,2017-12-31,365,4,2018-02-28,10-K,FY,2017,,0001047469-18-001160,2018-02-28T21:31:47.000Z,10-K,2018-02-28,True
1583107,"Theravance Biopharma, Inc.",WeightedAverageNumberOfShareOutstandingBasicAndDiluted,SHARES_BASIC_DILUTED_COMBINED,shares,52352000.0,2017-01-01,2017-12-31,365,4,2019-02-28,10-K,FY,2018,,0001558370-19-001346,2019-02-28T22:04:41.000Z,10-K,2019-02-28,True
1583107,"Theravance Biopharma, Inc.",WeightedAverageNumberOfShareOutstandingBasicAndDiluted,SHARES_BASIC_DILUTED_COMBINED,shares,52352000.0,2017-01-01,2017-12-31,365,4,2020-02-27,10-K,FY,2019,CY2017,0001558370-20-001644,2020-02-27T21:40:41.000Z,10-K,2020-02-27,True
1583107,"Theravance Biopharma, Inc.",WeightedAverageNumberOfShareOutstandingBasicAndDiluted,SHARES_BASIC_DILUTED_COMBINED,shares,53256000.0,2018-01-01,2018-03-31,90,1,2018-05-09,10-Q,Q1,2018,,0001558370-18-004404,2018-05-09T10:22:01.000Z,10-Q,2018-05-09,True
1583107,"Theravance Biopharma, Inc.",WeightedAverageNumberOfShareOutstandingBasicAndDiluted,SHARES_BASIC_DILUTED_COMBINED,shares,53256000.0,2018-01-01,2018-03-31,90,1,2019-05-10,10-Q,Q1,2019,CY2018Q1,0001558370-19-004767,2019-05-10T10:11:30.000Z,10-Q,2019-05-10,True
1583107,"Theravance Biopharma, Inc.",WeightedAverageNumberOfShareOutstandingBasicAndDiluted,SHARES_BASIC_DILUTED_COMBINED,shares,53529000.0,2018-01-01,2018-06-30,181,2,2018-08-02,10-Q,Q2,2018,,0001558370-18-006147,2018-08-02T10:16:56.000Z,10-Q,2018-08-02,True
1583107,"Theravance Biopharma, Inc.",WeightedAverageNumberOfShareOutstandingBasicAndDiluted,SHARES_BASIC_DILUTED_COMBINED,shares,53799000.0,2018-04-01,2018-06-30,91,1,2018-08-02,10-Q,Q2,2018,,0001558370-18-006147,2018-08-02T10:16:56.000Z,10-Q,2018-08-02,True
1583107,"Theravance Biopharma, Inc.",WeightedAverageNumberOfShareOutstandingBasicAndDiluted,SHARES_BASIC_DILUTED_COMBINED,shares,53529000.0,2018-01-01,2018-06-30,181,2,2019-08-05,10-Q,Q2,2019,,0001558370-19-007084,2019-08-05T20:31:33.000Z,10-Q,2019-08-05,True
1583107,"Theravance Biopharma, Inc.",WeightedAverageNumberOfShareOutstandingBasicAndDiluted,SHARES_BASIC_DILUTED_COMBINED,shares,53799000.0,2018-04-01,2018-06-30,91,1,2019-08-05,10-Q,Q2,2019,CY2018Q2,0001558370-19-007084,2019-08-05T20:31:33.000Z,10-Q,2019-08-05,True
1583107,"Theravance Biopharma, Inc.",WeightedAverageNumberOfShareOutstandingBasicAndDiluted,SHARES_BASIC_DILUTED_COMBINED,shares,53771000.0,2018-01-01,2018-09-30,273,3,2018-11-08,10-Q,Q3,2018,,0001558370-18-008888,2018-11-08T02:52:22.000Z,10-Q,2018-11-08,True
1583107,"Theravance Biopharma, Inc.",WeightedAverageNumberOfShareOutstandingBasicAndDiluted,SHARES_BASIC_DILUTED_COMBINED,shares,54248000.0,2018-07-01,2018-09-30,92,1,2018-11-08,10-Q,Q3,2018,,0001558370-18-008888,2018-11-08T02:52:22.000Z,10-Q,2018-11-08,True
1583107,"Theravance Biopharma, Inc.",WeightedAverageNumberOfShareOutstandingBasicAndDiluted,SHARES_BASIC_DILUTED_COMBINED,shares,53771000.0,2018-01-01,2018-09-30,273,3,2019-11-08,10-Q,Q3,2019,,0001558370-19-010487,2019-11-08T11:17:39.000Z,10-Q,2019-11-08,True
1583107,"Theravance Biopharma, Inc.",WeightedAverageNumberOfShareOutstandingBasicAndDiluted,SHARES_BASIC_DILUTED_COMBINED,shares,54248000.0,2018-07-01,2018-09-30,92,1,2019-11-08,10-Q,Q3,2019,CY2018Q3,0001558370-19-010487,2019-11-08T11:17:39.000Z,10-Q,2019-11-08,True
1583107,"Theravance Biopharma, Inc.",WeightedAverageNumberOfShareOutstandingBasicAndDiluted,SHARES_BASIC_DILUTED_COMBINED,shares,53969000.0,2018-01-01,2018-12-31,365,4,2019-02-28,10-K,FY,2018,,0001558370-19-001346,2019-02-28T22:04:41.000Z,10-K,2019-02-28,True
1583107,"Theravance Biopharma, Inc.",WeightedAverageNumberOfShareOutstandingBasicAndDiluted,SHARES_BASIC_DILUTED_COMBINED,shares,53969000.0,2018-01-01,2018-12-31,365,4,2020-02-27,10-K,FY,2019,,0001558370-20-001644,2020-02-27T21:40:41.000Z,10-K,2020-02-27,True
1583107,"Theravance Biopharma, Inc.",WeightedAverageNumberOfShareOutstandingBasicAndDiluted,SHARES_BASIC_DILUTED_COMBINED,shares,53969000.0,2018-01-01,2018-12-31,365,4,2021-02-26,10-K,FY,2020,CY2018,0001558370-21-002006,2021-02-26T21:08:38.000Z,10-K,2021-02-26,True
1583107,"Theravance Biopharma, Inc.",WeightedAverageNumberOfShareOutstandingBasicAndDiluted,SHARES_BASIC_DILUTED_COMBINED,shares,54938000.0,2019-01-01,2019-03-31,90,1,2019-05-10,10-Q,Q1,2019,,0001558370-19-004767,2019-05-10T10:11:30.000Z,10-Q,2019-05-10,True
1583107,"Theravance Biopharma, Inc.",WeightedAverageNumberOfShareOutstandingBasicAndDiluted,SHARES_BASIC_DILUTED_COMBINED,shares,54938000.0,2019-01-01,2019-03-31,90,1,2020-05-08,10-Q,Q1,2020,CY2019Q1,0001558370-20-006021,2020-05-08T20:32:45.000Z,10-Q,2020-05-08,True
1583107,"Theravance Biopharma, Inc.",WeightedAverageNumberOfShareOutstandingBasicAndDiluted,SHARES_BASIC_DILUTED_COMBINED,shares,55235000.0,2019-01-01,2019-06-30,181,2,2019-08-05,10-Q,Q2,2019,,0001558370-19-007084,2019-08-05T20:31:33.000Z,10-Q,2019-08-05,True
1583107,"Theravance Biopharma, Inc.",WeightedAverageNumberOfShareOutstandingBasicAndDiluted,SHARES_BASIC_DILUTED_COMBINED,shares,55529000.0,2019-04-01,2019-06-30,91,1,2019-08-05,10-Q,Q2,2019,,0001558370-19-007084,2019-08-05T20:31:33.000Z,10-Q,2019-08-05,True
1583107,"Theravance Biopharma, Inc.",WeightedAverageNumberOfShareOutstandingBasicAndDiluted,SHARES_BASIC_DILUTED_COMBINED,shares,55235000.0,2019-01-01,2019-06-30,181,2,2020-08-10,10-Q,Q2,2020,,0001558370-20-010023,2020-08-10T10:06:38.000Z,10-Q,2020-08-10,True
1583107,"Theravance Biopharma, Inc.",WeightedAverageNumberOfShareOutstandingBasicAndDiluted,SHARES_BASIC_DILUTED_COMBINED,shares,55529000.0,2019-04-01,2019-06-30,91,1,2020-08-10,10-Q,Q2,2020,CY2019Q2,0001558370-20-010023,2020-08-10T10:06:38.000Z,10-Q,2020-08-10,True
1583107,"Theravance Biopharma, Inc.",WeightedAverageNumberOfShareOutstandingBasicAndDiluted,SHARES_BASIC_DILUTED_COMBINED,shares,55445000.0,2019-01-01,2019-09-30,273,3,2019-11-08,10-Q,Q3,2019,,0001558370-19-010487,2019-11-08T11:17:39.000Z,10-Q,2019-11-08,True
1583107,"Theravance Biopharma, Inc.",WeightedAverageNumberOfShareOutstandingBasicAndDiluted,SHARES_BASIC_DILUTED_COMBINED,shares,55858000.0,2019-07-01,2019-09-30,92,1,2019-11-08,10-Q,Q3,2019,,0001558370-19-010487,2019-11-08T11:17:39.000Z,10-Q,2019-11-08,True
1583107,"Theravance Biopharma, Inc.",WeightedAverageNumberOfShareOutstandingBasicAndDiluted,SHARES_BASIC_DILUTED_COMBINED,shares,55445000.0,2019-01-01,2019-09-30,273,3,2020-11-09,10-Q,Q3,2020,,0001558370-20-013233,2020-11-09T11:17:59.000Z,10-Q,2020-11-09,True
1583107,"Theravance Biopharma, Inc.",WeightedAverageNumberOfShareOutstandingBasicAndDiluted,SHARES_BASIC_DILUTED_COMBINED,shares,55858000.0,2019-07-01,2019-09-30,92,1,2020-11-09,10-Q,Q3,2020,CY2019Q3,0001558370-20-013233,2020-11-09T11:17:59.000Z,10-Q,2020-11-09,True
1583107,"Theravance Biopharma, Inc.",WeightedAverageNumberOfShareOutstandingBasicAndDiluted,SHARES_BASIC_DILUTED_COMBINED,shares,55610000.0,2019-01-01,2019-12-31,365,4,2020-02-27,10-K,FY,2019,,0001558370-20-001644,2020-02-27T21:40:41.000Z,10-K,2020-02-27,True
1583107,"Theravance Biopharma, Inc.",WeightedAverageNumberOfShareOutstandingBasicAndDiluted,SHARES_BASIC_DILUTED_COMBINED,shares,55610000.0,2019-01-01,2019-12-31,365,4,2021-02-26,10-K,FY,2020,CY2019,0001558370-21-002006,2021-02-26T21:08:38.000Z,10-K,2021-02-26,True
1583107,"Theravance Biopharma, Inc.",WeightedAverageNumberOfShareOutstandingBasicAndDiluted,SHARES_BASIC_DILUTED_COMBINED,shares,59463000.0,2020-01-01,2020-03-31,91,1,2020-05-08,10-Q,Q1,2020,,0001558370-20-006021,2020-05-08T20:32:45.000Z,10-Q,2020-05-08,True
1583107,"Theravance Biopharma, Inc.",WeightedAverageNumberOfShareOutstandingBasicAndDiluted,SHARES_BASIC_DILUTED_COMBINED,shares,59463000.0,2020-01-01,2020-03-31,91,1,2021-05-06,10-Q,Q1,2021,CY2020Q1,0001558370-21-006234,2021-05-06T20:17:39.000Z,10-Q,2021-05-06,True
1583107,"Theravance Biopharma, Inc.",WeightedAverageNumberOfShareOutstandingBasicAndDiluted,SHARES_BASIC_DILUTED_COMBINED,shares,61162000.0,2020-01-01,2020-06-30,182,2,2020-08-10,10-Q,Q2,2020,,0001558370-20-010023,2020-08-10T10:06:38.000Z,10-Q,2020-08-10,True
1583107,"Theravance Biopharma, Inc.",WeightedAverageNumberOfShareOutstandingBasicAndDiluted,SHARES_BASIC_DILUTED_COMBINED,shares,62861000.0,2020-04-01,2020-06-30,91,1,2020-08-10,10-Q,Q2,2020,,0001558370-20-010023,2020-08-10T10:06:38.000Z,10-Q,2020-08-10,True
1583107,"Theravance Biopharma, Inc.",WeightedAverageNumberOfShareOutstandingBasicAndDiluted,SHARES_BASIC_DILUTED_COMBINED,shares,61162000.0,2020-01-01,2020-06-30,182,2,2021-08-05,10-Q,Q2,2021,,0001558370-21-010555,2021-08-05T20:16:26.000Z,10-Q,2021-08-05,True
1583107,"Theravance Biopharma, Inc.",WeightedAverageNumberOfShareOutstandingBasicAndDiluted,SHARES_BASIC_DILUTED_COMBINED,shares,62861000.0,2020-04-01,2020-06-30,91,1,2021-08-05,10-Q,Q2,2021,CY2020Q2,0001558370-21-010555,2021-08-05T20:16:26.000Z,10-Q,2021-08-05,True
1583107,"Theravance Biopharma, Inc.",WeightedAverageNumberOfShareOutstandingBasicAndDiluted,SHARES_BASIC_DILUTED_COMBINED,shares,61881000.0,2020-01-01,2020-09-30,274,3,2020-11-09,10-Q,Q3,2020,,0001558370-20-013233,2020-11-09T11:17:59.000Z,10-Q,2020-11-09,True
1583107,"Theravance Biopharma, Inc.",WeightedAverageNumberOfShareOutstandingBasicAndDiluted,SHARES_BASIC_DILUTED_COMBINED,shares,63303000.0,2020-07-01,2020-09-30,92,1,2020-11-09,10-Q,Q3,2020,CY2020Q3,0001558370-20-013233,2020-11-09T11:17:59.000Z,10-Q,2020-11-09,True
1583107,"Theravance Biopharma, Inc.",WeightedAverageNumberOfShareOutstandingBasicAndDiluted,SHARES_BASIC_DILUTED_COMBINED,shares,62345000.0,2020-01-01,2020-12-31,366,4,2021-02-26,10-K,FY,2020,CY2020,0001558370-21-002006,2021-02-26T21:08:38.000Z,10-K,2021-02-26,True
1583107,"Theravance Biopharma, Inc.",WeightedAverageNumberOfShareOutstandingBasicAndDiluted,SHARES_BASIC_DILUTED_COMBINED,shares,64493000.0,2021-01-01,2021-03-31,90,1,2021-05-06,10-Q,Q1,2021,CY2021Q1,0001558370-21-006234,2021-05-06T20:17:39.000Z,10-Q,2021-05-06,True
1583107,"Theravance Biopharma, Inc.",WeightedAverageNumberOfShareOutstandingBasicAndDiluted,SHARES_BASIC_DILUTED_COMBINED,shares,65085000.0,2021-01-01,2021-06-30,181,2,2021-08-05,10-Q,Q2,2021,,0001558370-21-010555,2021-08-05T20:16:26.000Z,10-Q,2021-08-05,True
1583107,"Theravance Biopharma, Inc.",WeightedAverageNumberOfShareOutstandingBasicAndDiluted,SHARES_BASIC_DILUTED_COMBINED,shares,65669000.0,2021-04-01,2021-06-30,91,1,2021-08-05,10-Q,Q2,2021,CY2021Q2,0001558370-21-010555,2021-08-05T20:16:26.000Z,10-Q,2021-08-05,True
1585583,"Del Taco Restaurants, Inc.",NetCashProvidedByUsedInOperatingActivitiesContinuingOperations,CFO_CONTINUING,USD,12628000.0,2017-01-04,2017-03-28,84,1,2017-05-05,10-Q,Q1,2017,,0001585583-17-000018,2017-05-04T17:48:33.000Z,10-Q,2017-05-05,True
1585583,"Del Taco Restaurants, Inc.",NetCashProvidedByUsedInOperatingActivitiesContinuingOperations,CFO_CONTINUING,USD,12628000.0,2017-01-04,2017-03-28,84,1,2018-05-07,10-Q,Q1,2018,CY2017Q1,0001585583-18-000016,2018-05-04T21:20:09.000Z,10-Q,2018-05-07,True
1585583,"Del Taco Restaurants, Inc.",NetCashProvidedByUsedInOperatingActivitiesContinuingOperations,CFO_CONTINUING,USD,24814000.0,2017-01-04,2017-06-20,168,2,2017-07-28,10-Q,Q2,2017,,0001585583-17-000053,2017-07-27T18:42:23.000Z,10-Q,2017-07-28,True
1585583,"Del Taco Restaurants, Inc.",NetCashProvidedByUsedInOperatingActivitiesContinuingOperations,CFO_CONTINUING,USD,24814000.0,2017-01-04,2017-06-20,168,2,2018-07-27,10-Q,Q2,2018,,0001585583-18-000046,2018-07-26T20:29:20.000Z,10-Q,2018-07-27,True
1585583,"Del Taco Restaurants, Inc.",NetCashProvidedByUsedInOperatingActivitiesContinuingOperations,CFO_CONTINUING,USD,43860000.0,2017-01-04,2017-09-12,252,3,2017-10-20,10-Q,Q3,2017,,0001585583-17-000058,2017-10-19T18:19:21.000Z,10-Q,2017-10-20,True
1585583,"Del Taco Restaurants, Inc.",NetCashProvidedByUsedInOperatingActivitiesContinuingOperations,CFO_CONTINUING,USD,43860000.0,2017-01-04,2017-09-12,252,3,2018-10-18,10-Q,Q3,2018,,0001585583-18-000055,2018-10-18T16:27:32.000Z,10-Q,2018-10-18,True
1585583,"Del Taco Restaurants, Inc.",NetCashProvidedByUsedInOperatingActivitiesContinuingOperations,CFO_CONTINUING,USD,12400000.0,2018-01-03,2018-03-27,84,1,2018-05-07,10-Q,Q1,2018,,0001585583-18-000016,2018-05-04T21:20:09.000Z,10-Q,2018-05-07,True
1585583,"Del Taco Restaurants, Inc.",NetCashProvidedByUsedInOperatingActivitiesContinuingOperations,CFO_CONTINUING,USD,12400000.0,2018-01-03,2018-03-27,84,1,2019-05-06,10-Q,Q1,2019,CY2018Q1,0001585583-19-000022,2019-05-06T17:18:45.000Z,10-Q,2019-05-06,True
1585583,"Del Taco Restaurants, Inc.",NetCashProvidedByUsedInOperatingActivitiesContinuingOperations,CFO_CONTINUING,USD,29723000.0,2018-01-03,2018-06-19,168,2,2018-07-27,10-Q,Q2,2018,,0001585583-18-000046,2018-07-26T20:29:20.000Z,10-Q,2018-07-27,True
1585583,"Del Taco Restaurants, Inc.",NetCashProvidedByUsedInOperatingActivitiesContinuingOperations,CFO_CONTINUING,USD,29723000.0,2018-01-03,2018-06-19,168,2,2019-07-29,10-Q,Q2,2019,,0001585583-19-000055,2019-07-29T17:19:22.000Z,10-Q,2019-07-29,True
1585583,"Del Taco Restaurants, Inc.",NetCashProvidedByUsedInOperatingActivitiesContinuingOperations,CFO_CONTINUING,USD,44308000.0,2018-01-03,2018-09-11,252,3,2018-10-18,10-Q,Q3,2018,,0001585583-18-000055,2018-10-18T16:27:32.000Z,10-Q,2018-10-18,True
1585583,"Del Taco Restaurants, Inc.",NetCashProvidedByUsedInOperatingActivitiesContinuingOperations,CFO_CONTINUING,USD,9903000.0,2019-01-02,2019-03-26,84,1,2019-05-06,10-Q,Q1,2019,CY2019Q1,0001585583-19-000022,2019-05-06T17:18:45.000Z,10-Q,2019-05-06,True
1585583,"Del Taco Restaurants, Inc.",NetCashProvidedByUsedInOperatingActivitiesContinuingOperations,CFO_CONTINUING,USD,25795000.0,2019-01-02,2019-06-18,168,2,2019-07-29,10-Q,Q2,2019,,0001585583-19-000055,2019-07-29T17:19:22.000Z,10-Q,2019-07-29,True
1593195,TRIBUNE PUBLISHING COMPANY,NetCashProvidedByUsedInOperatingActivitiesContinuingOperations,CFO_CONTINUING,USD,6716000.0,2016-12-26,2017-06-25,182,2,2018-08-10,10-Q,Q2,2018,,0001593195-18-000058,2018-08-10T17:14:56.000Z,10-Q,2018-08-10,True
1593195,TRIBUNE PUBLISHING COMPANY,NetCashProvidedByUsedInOperatingActivitiesContinuingOperations,CFO_CONTINUING,USD,22588000.0,2016-12-26,2017-09-24,273,3,2018-11-08,10-Q,Q3,2018,,0001593195-18-000070,2018-11-08T16:25:49.000Z,10-Q,2018-11-08,True
1593195,TRIBUNE PUBLISHING COMPANY,NetCashProvidedByUsedInOperatingActivitiesContinuingOperations,CFO_CONTINUING,USD,91284000.0,2016-12-26,2017-12-31,371,4,2018-03-16,10-K,FY,2017,,0001593195-18-000011,2018-03-16T09:29:23.000Z,10-K,2018-03-16,True
1593195,TRIBUNE PUBLISHING COMPANY,NetCashProvidedByUsedInOperatingActivitiesContinuingOperations,CFO_CONTINUING,USD,39754000.0,2016-12-26,2017-12-31,371,4,2019-03-18,10-K,FY,2018,,0001593195-19-000017,2019-03-18T06:14:06.000Z,10-K,2019-03-18,True
1593195,TRIBUNE PUBLISHING COMPANY,NetCashProvidedByUsedInOperatingActivitiesContinuingOperations,CFO_CONTINUING,USD,39754000.0,2016-12-26,2017-12-31,371,4,2020-03-11,10-K,FY,2019,CY2017,0001593195-20-000024,2020-03-11T06:23:25.000Z,10-K,2020-03-11,True
1593195,TRIBUNE PUBLISHING COMPANY,NetCashProvidedByUsedInOperatingActivitiesContinuingOperations,CFO_CONTINUING,USD,16495000.0,2018-01-01,2018-04-01,91,1,2019-05-08,10-Q,Q1,2019,CY2018Q1,0001593195-19-000030,2019-05-08T17:30:06.000Z,10-Q,2019-05-08,True
1593195,TRIBUNE PUBLISHING COMPANY,NetCashProvidedByUsedInOperatingActivitiesContinuingOperations,CFO_CONTINUING,USD,41179000.0,2018-01-01,2018-07-01,182,2,2018-08-10,10-Q,Q2,2018,,0001593195-18-000058,2018-08-10T17:14:56.000Z,10-Q,2018-08-10,True
1593195,TRIBUNE PUBLISHING COMPANY,NetCashProvidedByUsedInOperatingActivitiesContinuingOperations,CFO_CONTINUING,USD,41179000.0,2018-01-01,2018-07-01,182,2,2019-08-07,10-Q,Q2,2019,,0001593195-19-000058,2019-08-07T16:30:44.000Z,10-Q,2019-08-07,True
1593195,TRIBUNE PUBLISHING COMPANY,NetCashProvidedByUsedInOperatingActivitiesContinuingOperations,CFO_CONTINUING,USD,-7292000.0,2018-01-01,2018-09-30,273,3,2018-11-08,10-Q,Q3,2018,,0001593195-18-000070,2018-11-08T16:25:49.000Z,10-Q,2018-11-08,True
1593195,TRIBUNE PUBLISHING COMPANY,NetCashProvidedByUsedInOperatingActivitiesContinuingOperations,CFO_CONTINUING,USD,-7292000.0,2018-01-01,2018-09-30,273,3,2019-11-07,10-Q,Q3,2019,,0001593195-19-000074,2019-11-07T17:07:18.000Z,10-Q,2019-11-07,True
1593195,TRIBUNE PUBLISHING COMPANY,NetCashProvidedByUsedInOperatingActivitiesContinuingOperations,CFO_CONTINUING,USD,50953000.0,2018-01-01,2018-12-30,364,4,2019-03-18,10-K,FY,2018,,0001593195-19-000017,2019-03-18T06:14:06.000Z,10-K,2019-03-18,True
1593195,TRIBUNE PUBLISHING COMPANY,NetCashProvidedByUsedInOperatingActivitiesContinuingOperations,CFO_CONTINUING,USD,50953000.0,2018-01-01,2018-12-30,364,4,2020-03-11,10-K,FY,2019,,0001593195-20-000024,2020-03-11T06:23:25.000Z,10-K,2020-03-11,True
1593195,TRIBUNE PUBLISHING COMPANY,NetCashProvidedByUsedInOperatingActivitiesContinuingOperations,CFO_CONTINUING,USD,47552000.0,2018-01-01,2018-12-30,364,4,2021-03-08,10-K,FY,2020,CY2018,0001593195-21-000020,2021-03-08T17:08:28.000Z,10-K,2021-03-08,True
1593195,TRIBUNE PUBLISHING COMPANY,NetCashProvidedByUsedInOperatingActivitiesContinuingOperations,CFO_CONTINUING,USD,4744000.0,2018-12-31,2019-03-31,91,1,2019-05-08,10-Q,Q1,2019,CY2019Q1,0001593195-19-000030,2019-05-08T17:30:06.000Z,10-Q,2019-05-08,True
1593195,TRIBUNE PUBLISHING COMPANY,NetCashProvidedByUsedInOperatingActivitiesContinuingOperations,CFO_CONTINUING,USD,17569000.0,2018-12-31,2019-06-30,182,2,2019-08-07,10-Q,Q2,2019,,0001593195-19-000058,2019-08-07T16:30:44.000Z,10-Q,2019-08-07,True
1593195,TRIBUNE PUBLISHING COMPANY,NetCashProvidedByUsedInOperatingActivitiesContinuingOperations,CFO_CONTINUING,USD,17569000.0,2018-12-31,2019-06-30,182,2,2020-08-05,10-Q,Q2,2020,,0001593195-20-000066,2020-08-05T17:20:57.000Z,10-Q,2020-08-05,True
1593195,TRIBUNE PUBLISHING COMPANY,NetCashProvidedByUsedInOperatingActivitiesContinuingOperations,CFO_CONTINUING,USD,31953000.0,2018-12-31,2019-09-29,273,3,2019-11-07,10-Q,Q3,2019,,0001593195-19-000074,2019-11-07T17:07:18.000Z,10-Q,2019-11-07,True
1593195,TRIBUNE PUBLISHING COMPANY,NetCashProvidedByUsedInOperatingActivitiesContinuingOperations,CFO_CONTINUING,USD,31953000.0,2018-12-31,2019-09-29,273,3,2020-11-04,10-Q,Q3,2020,,0001593195-20-000078,2020-11-04T17:08:16.000Z,10-Q,2020-11-04,True
1593195,TRIBUNE PUBLISHING COMPANY,NetCashProvidedByUsedInOperatingActivitiesContinuingOperations,CFO_CONTINUING,USD,53099000.0,2018-12-31,2019-12-29,364,4,2020-03-11,10-K,FY,2019,,0001593195-20-000024,2020-03-11T06:23:25.000Z,10-K,2020-03-11,True
1593195,TRIBUNE PUBLISHING COMPANY,NetCashProvidedByUsedInOperatingActivitiesContinuingOperations,CFO_CONTINUING,USD,44425000.0,2018-12-31,2019-12-29,364,4,2021-03-08,10-K,FY,2020,CY2019,0001593195-21-000020,2021-03-08T17:08:28.000Z,10-K,2021-03-08,True
1593195,TRIBUNE PUBLISHING COMPANY,NetCashProvidedByUsedInOperatingActivitiesContinuingOperations,CFO_CONTINUING,USD,-9123000.0,2019-12-30,2020-03-29,91,1,2021-05-06,10-Q,Q1,2021,CY2020Q1,0001593195-21-000039,2021-05-06T08:41:03.000Z,10-Q,2021-05-06,True
1593195,TRIBUNE PUBLISHING COMPANY,NetCashProvidedByUsedInOperatingActivitiesContinuingOperations,CFO_CONTINUING,USD,30312000.0,2019-12-30,2020-06-28,182,2,2020-08-05,10-Q,Q2,2020,,0001593195-20-000066,2020-08-05T17:20:57.000Z,10-Q,2020-08-05,True
1593195,TRIBUNE PUBLISHING COMPANY,NetCashProvidedByUsedInOperatingActivitiesContinuingOperations,CFO_CONTINUING,USD,42523000.0,2019-12-30,2020-09-27,273,3,2020-11-04,10-Q,Q3,2020,,0001593195-20-000078,2020-11-04T17:08:16.000Z,10-Q,2020-11-04,True
1593195,TRIBUNE PUBLISHING COMPANY,NetCashProvidedByUsedInOperatingActivitiesContinuingOperations,CFO_CONTINUING,USD,32493000.0,2019-12-30,2020-12-27,364,4,2021-03-08,10-K,FY,2020,CY2020,0001593195-21-000020,2021-03-08T17:08:28.000Z,10-K,2021-03-08,True
1593195,TRIBUNE PUBLISHING COMPANY,NetCashProvidedByUsedInOperatingActivitiesContinuingOperations,CFO_CONTINUING,USD,22741000.0,2020-12-28,2021-03-28,91,1,2021-05-06,10-Q,Q1,2021,CY2021Q1,0001593195-21-000039,2021-05-06T08:41:03.000Z,10-Q,2021-05-06,True
1593195,TRIBUNE PUBLISHING COMPANY,CashProvidedByUsedInOperatingActivitiesDiscontinuedOperations,CFO_DISCONTINUED,USD,48183000.0,2016-12-26,2017-06-25,182,2,2018-08-10,10-Q,Q2,2018,,0001593195-18-000058,2018-08-10T17:14:56.000Z,10-Q,2018-08-10,True
1593195,TRIBUNE PUBLISHING COMPANY,CashProvidedByUsedInOperatingActivitiesDiscontinuedOperations,CFO_DISCONTINUED,USD,42469000.0,2016-12-26,2017-09-24,273,3,2018-11-08,10-Q,Q3,2018,,0001593195-18-000070,2018-11-08T16:25:49.000Z,10-Q,2018-11-08,True
1593195,TRIBUNE PUBLISHING COMPANY,CashProvidedByUsedInOperatingActivitiesDiscontinuedOperations,CFO_DISCONTINUED,USD,49441000.0,2016-12-26,2017-12-31,371,4,2019-03-18,10-K,FY,2018,,0001593195-19-000017,2019-03-18T06:14:06.000Z,10-K,2019-03-18,True
1593195,TRIBUNE PUBLISHING COMPANY,CashProvidedByUsedInOperatingActivitiesDiscontinuedOperations,CFO_DISCONTINUED,USD,49441000.0,2016-12-26,2017-12-31,371,4,2020-03-11,10-K,FY,2019,CY2017,0001593195-20-000024,2020-03-11T06:23:25.000Z,10-K,2020-03-11,True
1593195,TRIBUNE PUBLISHING COMPANY,CashProvidedByUsedInOperatingActivitiesDiscontinuedOperations,CFO_DISCONTINUED,USD,3366000.0,2018-01-01,2018-04-01,91,1,2019-05-08,10-Q,Q1,2019,CY2018Q1,0001593195-19-000030,2019-05-08T17:30:06.000Z,10-Q,2019-05-08,True
1593195,TRIBUNE PUBLISHING COMPANY,CashProvidedByUsedInOperatingActivitiesDiscontinuedOperations,CFO_DISCONTINUED,USD,2387000.0,2018-01-01,2018-07-01,182,2,2018-08-10,10-Q,Q2,2018,,0001593195-18-000058,2018-08-10T17:14:56.000Z,10-Q,2018-08-10,True
1593195,TRIBUNE PUBLISHING COMPANY,CashProvidedByUsedInOperatingActivitiesDiscontinuedOperations,CFO_DISCONTINUED,USD,2387000.0,2018-01-01,2018-07-01,182,2,2019-08-07,10-Q,Q2,2019,,0001593195-19-000058,2019-08-07T16:30:44.000Z,10-Q,2019-08-07,True
1593195,TRIBUNE PUBLISHING COMPANY,CashProvidedByUsedInOperatingActivitiesDiscontinuedOperations,CFO_DISCONTINUED,USD,-47071000.0,2018-01-01,2018-09-30,273,3,2018-11-08,10-Q,Q3,2018,,0001593195-18-000070,2018-11-08T16:25:49.000Z,10-Q,2018-11-08,True
1593195,TRIBUNE PUBLISHING COMPANY,CashProvidedByUsedInOperatingActivitiesDiscontinuedOperations,CFO_DISCONTINUED,USD,-47071000.0,2018-01-01,2018-09-30,273,3,2019-11-07,10-Q,Q3,2019,,0001593195-19-000074,2019-11-07T17:07:18.000Z,10-Q,2019-11-07,True
1593195,TRIBUNE PUBLISHING COMPANY,CashProvidedByUsedInOperatingActivitiesDiscontinuedOperations,CFO_DISCONTINUED,USD,-85490000.0,2018-01-01,2018-12-30,364,4,2019-03-18,10-K,FY,2018,,0001593195-19-000017,2019-03-18T06:14:06.000Z,10-K,2019-03-18,True
1593195,TRIBUNE PUBLISHING COMPANY,CashProvidedByUsedInOperatingActivitiesDiscontinuedOperations,CFO_DISCONTINUED,USD,-85490000.0,2018-01-01,2018-12-30,364,4,2020-03-11,10-K,FY,2019,,0001593195-20-000024,2020-03-11T06:23:25.000Z,10-K,2020-03-11,True
1593195,TRIBUNE PUBLISHING COMPANY,CashProvidedByUsedInOperatingActivitiesDiscontinuedOperations,CFO_DISCONTINUED,USD,-92181000.0,2018-01-01,2018-12-30,364,4,2021-03-08,10-K,FY,2020,CY2018,0001593195-21-000020,2021-03-08T17:08:28.000Z,10-K,2021-03-08,True
1593195,TRIBUNE PUBLISHING COMPANY,CashProvidedByUsedInOperatingActivitiesDiscontinuedOperations,CFO_DISCONTINUED,USD,0.0,2018-12-31,2019-03-31,91,1,2019-05-08,10-Q,Q1,2019,CY2019Q1,0001593195-19-000030,2019-05-08T17:30:06.000Z,10-Q,2019-05-08,True
1593195,TRIBUNE PUBLISHING COMPANY,CashProvidedByUsedInOperatingActivitiesDiscontinuedOperations,CFO_DISCONTINUED,USD,-5971000.0,2018-12-31,2019-06-30,182,2,2019-08-07,10-Q,Q2,2019,,0001593195-19-000058,2019-08-07T16:30:44.000Z,10-Q,2019-08-07,True
1593195,TRIBUNE PUBLISHING COMPANY,CashProvidedByUsedInOperatingActivitiesDiscontinuedOperations,CFO_DISCONTINUED,USD,-5971000.0,2018-12-31,2019-06-30,182,2,2020-08-05,10-Q,Q2,2020,,0001593195-20-000066,2020-08-05T17:20:57.000Z,10-Q,2020-08-05,True
1593195,TRIBUNE PUBLISHING COMPANY,CashProvidedByUsedInOperatingActivitiesDiscontinuedOperations,CFO_DISCONTINUED,USD,-5971000.0,2018-12-31,2019-09-29,273,3,2019-11-07,10-Q,Q3,2019,,0001593195-19-000074,2019-11-07T17:07:18.000Z,10-Q,2019-11-07,True
1593195,TRIBUNE PUBLISHING COMPANY,CashProvidedByUsedInOperatingActivitiesDiscontinuedOperations,CFO_DISCONTINUED,USD,-5971000.0,2018-12-31,2019-09-29,273,3,2020-11-04,10-Q,Q3,2020,,0001593195-20-000078,2020-11-04T17:08:16.000Z,10-Q,2020-11-04,True
1593195,TRIBUNE PUBLISHING COMPANY,CashProvidedByUsedInOperatingActivitiesDiscontinuedOperations,CFO_DISCONTINUED,USD,-5971000.0,2018-12-31,2019-12-29,364,4,2020-03-11,10-K,FY,2019,,0001593195-20-000024,2020-03-11T06:23:25.000Z,10-K,2020-03-11,True
1593195,TRIBUNE PUBLISHING COMPANY,CashProvidedByUsedInOperatingActivitiesDiscontinuedOperations,CFO_DISCONTINUED,USD,6672000.0,2018-12-31,2019-12-29,364,4,2021-03-08,10-K,FY,2020,CY2019,0001593195-21-000020,2021-03-08T17:08:28.000Z,10-K,2021-03-08,True
1593195,TRIBUNE PUBLISHING COMPANY,CashProvidedByUsedInOperatingActivitiesDiscontinuedOperations,CFO_DISCONTINUED,USD,10123000.0,2019-12-30,2020-03-29,91,1,2021-05-06,10-Q,Q1,2021,CY2020Q1,0001593195-21-000039,2021-05-06T08:41:03.000Z,10-Q,2021-05-06,True
1593195,TRIBUNE PUBLISHING COMPANY,CashProvidedByUsedInOperatingActivitiesDiscontinuedOperations,CFO_DISCONTINUED,USD,0.0,2019-12-30,2020-06-28,182,2,2020-08-05,10-Q,Q2,2020,,0001593195-20-000066,2020-08-05T17:20:57.000Z,10-Q,2020-08-05,True
1593195,TRIBUNE PUBLISHING COMPANY,CashProvidedByUsedInOperatingActivitiesDiscontinuedOperations,CFO_DISCONTINUED,USD,0.0,2019-12-30,2020-09-27,273,3,2020-11-04,10-Q,Q3,2020,,0001593195-20-000078,2020-11-04T17:08:16.000Z,10-Q,2020-11-04,True
1593195,TRIBUNE PUBLISHING COMPANY,CashProvidedByUsedInOperatingActivitiesDiscontinuedOperations,CFO_DISCONTINUED,USD,20237000.0,2019-12-30,2020-12-27,364,4,2021-03-08,10-K,FY,2020,CY2020,0001593195-21-000020,2021-03-08T17:08:28.000Z,10-K,2021-03-08,True
1593195,TRIBUNE PUBLISHING COMPANY,CashProvidedByUsedInOperatingActivitiesDiscontinuedOperations,CFO_DISCONTINUED,USD,442000.0,2020-12-28,2021-03-28,91,1,2021-05-06,10-Q,Q1,2021,CY2021Q1,0001593195-21-000039,2021-05-06T08:41:03.000Z,10-Q,2021-05-06,True
1596783,"CATALENT, INC.",NetCashProvidedByUsedInOperatingActivitiesContinuingOperations,CFO_CONTINUING,USD,299500000.0,2016-07-01,2017-06-30,365,4,2017-08-28,10-K,FY,2017,CY2017,0001596783-17-000148,2017-08-28T17:21:21.000Z,10-K,2017-08-28,True
1596783,"CATALENT, INC.",CashProvidedByUsedInOperatingActivitiesDiscontinuedOperations,CFO_DISCONTINUED,USD,0.0,2016-07-01,2017-06-30,365,4,2017-08-28,10-K,FY,2017,CY2017,0001596783-17-000148,2017-08-28T17:21:21.000Z,10-K,2017-08-28,True
1596783,"CATALENT, INC.",WeightedAverageNumberDilutedSharesOutstandingAdjustment,DILUTED_SHARES_ADJUSTMENT,shares,1587196.0,2016-07-01,2017-03-31,274,3,2017-05-04,10-Q,Q3,2017,,0001596783-17-000035,2017-05-04T17:06:14.000Z,10-Q,2017-05-04,True
1596783,"CATALENT, INC.",WeightedAverageNumberDilutedSharesOutstandingAdjustment,DILUTED_SHARES_ADJUSTMENT,shares,1847202.0,2017-01-01,2017-03-31,90,1,2017-05-04,10-Q,Q3,2017,,0001596783-17-000035,2017-05-04T17:06:14.000Z,10-Q,2017-05-04,True
1596783,"CATALENT, INC.",WeightedAverageNumberDilutedSharesOutstandingAdjustment,DILUTED_SHARES_ADJUSTMENT,shares,1587196.0,2016-07-01,2017-03-31,274,3,2018-05-01,10-Q,Q3,2018,,0001596783-18-000028,2018-05-01T08:58:17.000Z,10-Q,2018-05-01,True
1596783,"CATALENT, INC.",WeightedAverageNumberDilutedSharesOutstandingAdjustment,DILUTED_SHARES_ADJUSTMENT,shares,1847202.0,2017-01-01,2017-03-31,90,1,2018-05-01,10-Q,Q3,2018,CY2017Q1,0001596783-18-000028,2018-05-01T08:58:17.000Z,10-Q,2018-05-01,True
1596783,"CATALENT, INC.",WeightedAverageNumberDilutedSharesOutstandingAdjustment,DILUTED_SHARES_ADJUSTMENT,shares,1783537.0,2016-07-01,2017-06-30,365,4,2017-08-28,10-K,FY,2017,,0001596783-17-000148,2017-08-28T17:21:21.000Z,10-K,2017-08-28,True
1596783,"CATALENT, INC.",WeightedAverageNumberDilutedSharesOutstandingAdjustment,DILUTED_SHARES_ADJUSTMENT,shares,1783537.0,2016-07-01,2017-06-30,365,4,2018-08-28,10-K,Q4,2018,,0001596783-18-000101,2018-08-28T09:11:45.000Z,10-K,2018-08-28,True
1596783,"CATALENT, INC.",WeightedAverageNumberDilutedSharesOutstandingAdjustment,DILUTED_SHARES_ADJUSTMENT,shares,1783537.0,2016-07-01,2017-06-30,365,4,2019-08-27,10-K,Q4,2019,CY2017,0001596783-19-000183,2019-08-27T17:24:00.000Z,10-K,2019-08-27,True
1596783,"CATALENT, INC.",WeightedAverageNumberDilutedSharesOutstandingAdjustment,DILUTED_SHARES_ADJUSTMENT,shares,2071275.0,2017-07-01,2017-09-30,92,1,2017-11-06,10-Q,Q1,2018,,0001596783-17-000170,2017-11-06T09:07:24.000Z,10-Q,2017-11-06,True
1596783,"CATALENT, INC.",WeightedAverageNumberDilutedSharesOutstandingAdjustment,DILUTED_SHARES_ADJUSTMENT,shares,2071275.0,2017-07-01,2017-09-30,92,1,2018-11-06,10-Q,Q1,2019,CY2017Q3,0001596783-18-000164,2018-11-06T09:09:53.000Z,10-Q,2018-11-06,True
1596783,"CATALENT, INC.",WeightedAverageNumberDilutedSharesOutstandingAdjustment,DILUTED_SHARES_ADJUSTMENT,shares,0.0,2017-07-01,2017-12-31,184,2,2018-02-05,10-Q,Q2,2018,,0001596783-18-000010,2018-02-05T08:56:31.000Z,10-Q,2018-02-05,True
1596783,"CATALENT, INC.",WeightedAverageNumberDilutedSharesOutstandingAdjustment,DILUTED_SHARES_ADJUSTMENT,shares,0.0,2017-10-01,2017-12-31,92,1,2018-02-05,10-Q,Q2,2018,,0001596783-18-000010,2018-02-05T08:56:31.000Z,10-Q,2018-02-05,True
1596783,"CATALENT, INC.",WeightedAverageNumberDilutedSharesOutstandingAdjustment,DILUTED_SHARES_ADJUSTMENT,shares,0.0,2017-07-01,2017-12-31,184,2,2019-02-05,10-Q,Q2,2019,,0001596783-19-000011,2019-02-05T10:10:53.000Z,10-Q,2019-02-05,True
1596783,"CATALENT, INC.",WeightedAverageNumberDilutedSharesOutstandingAdjustment,DILUTED_SHARES_ADJUSTMENT,shares,0.0,2017-10-01,2017-12-31,92,1,2019-02-05,10-Q,Q2,2019,CY2017Q4,0001596783-19-000011,2019-02-05T10:10:53.000Z,10-Q,2019-02-05,True
1596783,"CATALENT, INC.",WeightedAverageNumberDilutedSharesOutstandingAdjustment,DILUTED_SHARES_ADJUSTMENT,shares,1981630.0,2017-07-01,2018-03-31,274,3,2018-05-01,10-Q,Q3,2018,,0001596783-18-000028,2018-05-01T08:58:17.000Z,10-Q,2018-05-01,True
1596783,"CATALENT, INC.",WeightedAverageNumberDilutedSharesOutstandingAdjustment,DILUTED_SHARES_ADJUSTMENT,shares,1985612.0,2018-01-01,2018-03-31,90,1,2018-05-01,10-Q,Q3,2018,,0001596783-18-000028,2018-05-01T08:58:17.000Z,10-Q,2018-05-01,True
1596783,"CATALENT, INC.",WeightedAverageNumberDilutedSharesOutstandingAdjustment,DILUTED_SHARES_ADJUSTMENT,shares,1981630.0,2017-07-01,2018-03-31,274,3,2019-05-07,10-Q,Q3,2019,,0001596783-19-000040,2019-05-07T10:56:16.000Z,10-Q,2019-05-07,True
1596783,"CATALENT, INC.",WeightedAverageNumberDilutedSharesOutstandingAdjustment,DILUTED_SHARES_ADJUSTMENT,shares,1985612.0,2018-01-01,2018-03-31,90,1,2019-05-07,10-Q,Q3,2019,CY2018Q1,0001596783-19-000040,2019-05-07T10:56:16.000Z,10-Q,2019-05-07,True
1596783,"CATALENT, INC.",WeightedAverageNumberDilutedSharesOutstandingAdjustment,DILUTED_SHARES_ADJUSTMENT,shares,1975106.0,2017-07-01,2018-06-30,365,4,2018-08-28,10-K,Q4,2018,,0001596783-18-000101,2018-08-28T09:11:45.000Z,10-K,2018-08-28,True
1596783,"CATALENT, INC.",WeightedAverageNumberDilutedSharesOutstandingAdjustment,DILUTED_SHARES_ADJUSTMENT,shares,1975106.0,2017-07-01,2018-06-30,365,4,2019-08-27,10-K,Q4,2019,,0001596783-19-000183,2019-08-27T17:24:00.000Z,10-K,2019-08-27,True
1596783,"CATALENT, INC.",WeightedAverageNumberDilutedSharesOutstandingAdjustment,DILUTED_SHARES_ADJUSTMENT,shares,1975106.0,2017-07-01,2018-06-30,365,4,2020-08-31,10-K,FY,2020,CY2018,0001596783-20-000155,2020-08-31T16:28:27.000Z,10-K,2020-08-31,True
1596783,"CATALENT, INC.",WeightedAverageNumberDilutedSharesOutstandingAdjustment,DILUTED_SHARES_ADJUSTMENT,shares,0.0,2018-07-01,2018-09-30,92,1,2018-11-06,10-Q,Q1,2019,CY2018Q3,0001596783-18-000164,2018-11-06T09:09:53.000Z,10-Q,2018-11-06,True
1596783,"CATALENT, INC.",WeightedAverageNumberDilutedSharesOutstandingAdjustment,DILUTED_SHARES_ADJUSTMENT,shares,1775739.0,2018-07-01,2018-12-31,184,2,2019-02-05,10-Q,Q2,2019,,0001596783-19-000011,2019-02-05T10:10:53.000Z,10-Q,2019-02-05,True
1596783,"CATALENT, INC.",WeightedAverageNumberDilutedSharesOutstandingAdjustment,DILUTED_SHARES_ADJUSTMENT,shares,1602109.0,2018-10-01,2018-12-31,92,1,2019-02-05,10-Q,Q2,2019,,0001596783-19-000011,2019-02-05T10:10:53.000Z,10-Q,2019-02-05,True
1596783,"CATALENT, INC.",WeightedAverageNumberDilutedSharesOutstandingAdjustment,DILUTED_SHARES_ADJUSTMENT,shares,1775739.0,2018-07-01,2018-12-31,184,2,2020-02-03,10-Q,Q2,2020,,0001596783-20-000017,2020-02-03T08:33:04.000Z,10-Q,2020-02-03,True
1596783,"CATALENT, INC.",WeightedAverageNumberDilutedSharesOutstandingAdjustment,DILUTED_SHARES_ADJUSTMENT,shares,1602109.0,2018-10-01,2018-12-31,92,1,2020-02-03,10-Q,Q2,2020,CY2018Q4,0001596783-20-000017,2020-02-03T08:33:04.000Z,10-Q,2020-02-03,True
1596783,"CATALENT, INC.",WeightedAverageNumberDilutedSharesOutstandingAdjustment,DILUTED_SHARES_ADJUSTMENT,shares,1696575.0,2018-07-01,2019-03-31,274,3,2019-05-07,10-Q,Q3,2019,,0001596783-19-000040,2019-05-07T10:56:16.000Z,10-Q,2019-05-07,True
1596783,"CATALENT, INC.",WeightedAverageNumberDilutedSharesOutstandingAdjustment,DILUTED_SHARES_ADJUSTMENT,shares,1612961.0,2019-01-01,2019-03-31,90,1,2019-05-07,10-Q,Q3,2019,,0001596783-19-000040,2019-05-07T10:56:16.000Z,10-Q,2019-05-07,True
1596783,"CATALENT, INC.",WeightedAverageNumberDilutedSharesOutstandingAdjustment,DILUTED_SHARES_ADJUSTMENT,shares,1696575.0,2018-07-01,2019-03-31,274,3,2020-05-05,10-Q,Q3,2020,,0001596783-20-000056,2020-05-05T08:31:34.000Z,10-Q,2020-05-05,True
1596783,"CATALENT, INC.",WeightedAverageNumberDilutedSharesOutstandingAdjustment,DILUTED_SHARES_ADJUSTMENT,shares,1612961.0,2019-01-01,2019-03-31,90,1,2020-05-05,10-Q,Q3,2020,CY2019Q1,0001596783-20-000056,2020-05-05T08:31:34.000Z,10-Q,2020-05-05,True
1596783,"CATALENT, INC.",WeightedAverageNumberDilutedSharesOutstandingAdjustment,DILUTED_SHARES_ADJUSTMENT,shares,1708519.0,2018-07-01,2019-06-30,365,4,2019-08-27,10-K,Q4,2019,,0001596783-19-000183,2019-08-27T17:24:00.000Z,10-K,2019-08-27,True
1596783,"CATALENT, INC.",WeightedAverageNumberDilutedSharesOutstandingAdjustment,DILUTED_SHARES_ADJUSTMENT,shares,1708519.0,2018-07-01,2019-06-30,365,4,2020-08-31,10-K,FY,2020,,0001596783-20-000155,2020-08-31T16:28:27.000Z,10-K,2020-08-31,True
1596783,"CATALENT, INC.",WeightedAverageNumberDilutedSharesOutstandingAdjustment,DILUTED_SHARES_ADJUSTMENT,shares,2000000.0,2018-07-01,2019-06-30,365,4,2021-08-30,10-K,FY,2021,CY2019,0001596783-21-000110,2021-08-30T09:26:48.000Z,10-K,2021-08-30,True
1596783,"CATALENT, INC.",WeightedAverageNumberDilutedSharesOutstandingAdjustment,DILUTED_SHARES_ADJUSTMENT,shares,0.0,2019-07-01,2019-09-30,92,1,2020-11-03,10-Q,Q1,2021,CY2019Q3,0001596783-20-000224,2020-11-03T08:10:27.000Z,10-Q,2020-11-03,True
1596783,"CATALENT, INC.",WeightedAverageNumberDilutedSharesOutstandingAdjustment,DILUTED_SHARES_ADJUSTMENT,shares,1904121.0,2019-07-01,2019-12-31,184,2,2020-02-03,10-Q,Q2,2020,,0001596783-20-000017,2020-02-03T08:33:04.000Z,10-Q,2020-02-03,True
1596783,"CATALENT, INC.",WeightedAverageNumberDilutedSharesOutstandingAdjustment,DILUTED_SHARES_ADJUSTMENT,shares,1622896.0,2019-10-01,2019-12-31,92,1,2020-02-03,10-Q,Q2,2020,,0001596783-20-000017,2020-02-03T08:33:04.000Z,10-Q,2020-02-03,True
1596783,"CATALENT, INC.",WeightedAverageNumberDilutedSharesOutstandingAdjustment,DILUTED_SHARES_ADJUSTMENT,shares,1904121.0,2019-07-01,2019-12-31,184,2,2021-02-02,10-Q,Q2,2021,,0001596783-21-000038,2021-02-02T08:15:11.000Z,10-Q,2021-02-02,True
1596783,"CATALENT, INC.",WeightedAverageNumberDilutedSharesOutstandingAdjustment,DILUTED_SHARES_ADJUSTMENT,shares,1622896.0,2019-10-01,2019-12-31,92,1,2021-02-02,10-Q,Q2,2021,CY2019Q4,0001596783-21-000038,2021-02-02T08:15:11.000Z,10-Q,2021-02-02,True
1596783,"CATALENT, INC.",WeightedAverageNumberDilutedSharesOutstandingAdjustment,DILUTED_SHARES_ADJUSTMENT,shares,1843559.0,2019-07-01,2020-03-31,275,3,2020-05-05,10-Q,Q3,2020,,0001596783-20-000056,2020-05-05T08:31:34.000Z,10-Q,2020-05-05,True
1596783,"CATALENT, INC.",WeightedAverageNumberDilutedSharesOutstandingAdjustment,DILUTED_SHARES_ADJUSTMENT,shares,1787847.0,2020-01-01,2020-03-31,91,1,2020-05-05,10-Q,Q3,2020,,0001596783-20-000056,2020-05-05T08:31:34.000Z,10-Q,2020-05-05,True
1596783,"CATALENT, INC.",WeightedAverageNumberDilutedSharesOutstandingAdjustment,DILUTED_SHARES_ADJUSTMENT,shares,1800000.0,2019-07-01,2020-03-31,275,3,2021-05-04,10-Q,Q3,2021,,0001596783-21-000061,2021-05-04T09:03:24.000Z,10-Q,2021-05-04,True
1596783,"CATALENT, INC.",WeightedAverageNumberDilutedSharesOutstandingAdjustment,DILUTED_SHARES_ADJUSTMENT,shares,1800000.0,2020-01-01,2020-03-31,91,1,2021-05-04,10-Q,Q3,2021,CY2020Q1,0001596783-21-000061,2021-05-04T09:03:24.000Z,10-Q,2021-05-04,True
1596783,"CATALENT, INC.",WeightedAverageNumberDilutedSharesOutstandingAdjustment,DILUTED_SHARES_ADJUSTMENT,shares,2527612.0,2019-07-01,2020-06-30,366,4,2020-08-31,10-K,FY,2020,,0001596783-20-000155,2020-08-31T16:28:27.000Z,10-K,2020-08-31,True
1596783,"CATALENT, INC.",WeightedAverageNumberDilutedSharesOutstandingAdjustment,DILUTED_SHARES_ADJUSTMENT,shares,2000000.0,2019-07-01,2020-06-30,366,4,2021-08-30,10-K,FY,2021,,0001596783-21-000110,2021-08-30T09:26:48.000Z,10-K,2021-08-30,True
1596783,"CATALENT, INC.",WeightedAverageNumberDilutedSharesOutstandingAdjustment,DILUTED_SHARES_ADJUSTMENT,shares,2000000.0,2019-07-01,2020-06-30,366,4,2022-08-29,10-K,FY,2022,,0001596783-22-000129,2022-08-29T09:21:25.000Z,10-K,2022-08-29,True
1596783,"CATALENT, INC.",WeightedAverageNumberDilutedSharesOutstandingAdjustment,DILUTED_SHARES_ADJUSTMENT,shares,2441035.0,2020-07-01,2020-09-30,92,1,2020-11-03,10-Q,Q1,2021,,0001596783-20-000224,2020-11-03T08:10:27.000Z,10-Q,2020-11-03,True
1596783,"CATALENT, INC.",WeightedAverageNumberDilutedSharesOutstandingAdjustment,DILUTED_SHARES_ADJUSTMENT,shares,2000000.0,2020-07-01,2020-09-30,92,1,2021-11-02,10-Q,FY,2022,CY2020Q3,0001596783-21-000183,2021-11-02T09:11:25.000Z,10-Q,2021-11-02,True
1596783,"CATALENT, INC.",WeightedAverageNumberDilutedSharesOutstandingAdjustment,DILUTED_SHARES_ADJUSTMENT,shares,2498460.0,2020-07-01,2020-12-31,184,2,2021-02-02,10-Q,Q2,2021,,0001596783-21-000038,2021-02-02T08:15:11.000Z,10-Q,2021-02-02,True
1596783,"CATALENT, INC.",WeightedAverageNumberDilutedSharesOutstandingAdjustment,DILUTED_SHARES_ADJUSTMENT,shares,2203948.0,2020-10-01,2020-12-31,92,1,2021-02-02,10-Q,Q2,2021,,0001596783-21-000038,2021-02-02T08:15:11.000Z,10-Q,2021-02-02,True
1596783,"CATALENT, INC.",WeightedAverageNumberDilutedSharesOutstandingAdjustment,DILUTED_SHARES_ADJUSTMENT,shares,2000000.0,2020-07-01,2020-12-31,184,2,2022-02-01,10-Q,FY,2022,,0001596783-22-000027,2022-02-01T09:17:47.000Z,10-Q,2022-02-01,True
1596783,"CATALENT, INC.",WeightedAverageNumberDilutedSharesOutstandingAdjustment,DILUTED_SHARES_ADJUSTMENT,shares,2000000.0,2020-10-01,2020-12-31,92,1,2022-02-01,10-Q,FY,2022,CY2020Q4,0001596783-22-000027,2022-02-01T09:17:47.000Z,10-Q,2022-02-01,True
1596783,"CATALENT, INC.",WeightedAverageNumberDilutedSharesOutstandingAdjustment,DILUTED_SHARES_ADJUSTMENT,shares,2300000.0,2020-07-01,2021-03-31,274,3,2021-05-04,10-Q,Q3,2021,,0001596783-21-000061,2021-05-04T09:03:24.000Z,10-Q,2021-05-04,True
1596783,"CATALENT, INC.",WeightedAverageNumberDilutedSharesOutstandingAdjustment,DILUTED_SHARES_ADJUSTMENT,shares,2000000.0,2021-01-01,2021-03-31,90,1,2021-05-04,10-Q,Q3,2021,,0001596783-21-000061,2021-05-04T09:03:24.000Z,10-Q,2021-05-04,True
1596783,"CATALENT, INC.",WeightedAverageNumberDilutedSharesOutstandingAdjustment,DILUTED_SHARES_ADJUSTMENT,shares,2000000.0,2020-07-01,2021-03-31,274,3,2022-05-03,10-Q,FY,2022,,0001596783-22-000039,2022-05-03T09:08:11.000Z,10-Q,2022-05-03,True
1596783,"CATALENT, INC.",WeightedAverageNumberDilutedSharesOutstandingAdjustment,DILUTED_SHARES_ADJUSTMENT,shares,2000000.0,2021-01-01,2021-03-31,90,1,2022-05-03,10-Q,FY,2022,CY2021Q1,0001596783-22-000039,2022-05-03T09:08:11.000Z,10-Q,2022-05-03,True
1596783,"CATALENT, INC.",WeightedAverageNumberDilutedSharesOutstandingAdjustment,DILUTED_SHARES_ADJUSTMENT,shares,2000000.0,2020-07-01,2021-06-30,365,4,2021-08-30,10-K,FY,2021,,0001596783-21-000110,2021-08-30T09:26:48.000Z,10-K,2021-08-30,True
1596783,"CATALENT, INC.",WeightedAverageNumberDilutedSharesOutstandingAdjustment,DILUTED_SHARES_ADJUSTMENT,shares,2000000.0,2020-07-01,2021-06-30,365,4,2022-08-29,10-K,FY,2022,,0001596783-22-000129,2022-08-29T09:21:25.000Z,10-K,2022-08-29,True
1596783,"CATALENT, INC.",WeightedAverageNumberDilutedSharesOutstandingAdjustment,DILUTED_SHARES_ADJUSTMENT,shares,1000000.0,2021-07-01,2021-09-30,92,1,2021-11-02,10-Q,FY,2022,,0001596783-21-000183,2021-11-02T09:11:25.000Z,10-Q,2021-11-02,True
1596783,"CATALENT, INC.",WeightedAverageNumberDilutedSharesOutstandingAdjustment,DILUTED_SHARES_ADJUSTMENT,shares,1000000.0,2021-07-01,2021-09-30,92,1,2022-11-01,10-Q,Q1,2023,CY2021Q3,0001596783-22-000185,2022-11-01T09:16:12.000Z,10-Q,2022-11-01,True
1596783,"CATALENT, INC.",WeightedAverageNumberDilutedSharesOutstandingAdjustment,DILUTED_SHARES_ADJUSTMENT,shares,2000000.0,2021-07-01,2021-12-31,184,2,2022-02-01,10-Q,FY,2022,,0001596783-22-000027,2022-02-01T09:17:47.000Z,10-Q,2022-02-01,True
1596783,"CATALENT, INC.",WeightedAverageNumberDilutedSharesOutstandingAdjustment,DILUTED_SHARES_ADJUSTMENT,shares,2000000.0,2021-10-01,2021-12-31,92,1,2022-02-01,10-Q,FY,2022,,0001596783-22-000027,2022-02-01T09:17:47.000Z,10-Q,2022-02-01,True
1596783,"CATALENT, INC.",WeightedAverageNumberDilutedSharesOutstandingAdjustment,DILUTED_SHARES_ADJUSTMENT,shares,1000000.0,2021-07-01,2022-03-31,274,3,2022-05-03,10-Q,FY,2022,,0001596783-22-000039,2022-05-03T09:08:11.000Z,10-Q,2022-05-03,True
1596783,"CATALENT, INC.",WeightedAverageNumberDilutedSharesOutstandingAdjustment,DILUTED_SHARES_ADJUSTMENT,shares,1000000.0,2022-01-01,2022-03-31,90,1,2022-05-03,10-Q,FY,2022,,0001596783-22-000039,2022-05-03T09:08:11.000Z,10-Q,2022-05-03,True
1596783,"CATALENT, INC.",WeightedAverageNumberDilutedSharesOutstandingAdjustment,DILUTED_SHARES_ADJUSTMENT,shares,2000000.0,2021-07-01,2022-06-30,365,4,2022-08-29,10-K,FY,2022,,0001596783-22-000129,2022-08-29T09:21:25.000Z,10-K,2022-08-29,True
1596783,"CATALENT, INC.",WeightedAverageNumberDilutedSharesOutstandingAdjustment,DILUTED_SHARES_ADJUSTMENT,shares,1000000.0,2022-07-01,2022-09-30,92,1,2022-11-01,10-Q,Q1,2023,,0001596783-22-000185,2022-11-01T09:16:12.000Z,10-Q,2022-11-01,True
1599901,"Avidity Biosciences, Inc.",WeightedAverageNumberOfShareOutstandingBasicAndDiluted,SHARES_BASIC_DILUTED_COMBINED,shares,2477000.0,2018-01-01,2018-12-31,365,4,2021-03-15,10-K,FY,2020,CY2018,0001564590-21-013157,2021-03-15T20:16:14.000Z,10-K,2021-03-15,True
1599901,"Avidity Biosciences, Inc.",WeightedAverageNumberOfShareOutstandingBasicAndDiluted,SHARES_BASIC_DILUTED_COMBINED,shares,2669000.0,2019-01-01,2019-06-30,181,2,2020-08-11,10-Q,Q2,2020,,0001564590-20-039297,2020-08-11T20:07:10.000Z,10-Q,2020-08-11,True
1599901,"Avidity Biosciences, Inc.",WeightedAverageNumberOfShareOutstandingBasicAndDiluted,SHARES_BASIC_DILUTED_COMBINED,shares,2704000.0,2019-04-01,2019-06-30,91,1,2020-08-11,10-Q,Q2,2020,CY2019Q2,0001564590-20-039297,2020-08-11T20:07:10.000Z,10-Q,2020-08-11,True
1599901,"Avidity Biosciences, Inc.",WeightedAverageNumberOfShareOutstandingBasicAndDiluted,SHARES_BASIC_DILUTED_COMBINED,shares,2692000.0,2019-01-01,2019-09-30,273,3,2020-11-10,10-Q,Q3,2020,,0001564590-20-052969,2020-11-10T21:15:43.000Z,10-Q,2020-11-10,True
1599901,"Avidity Biosciences, Inc.",WeightedAverageNumberOfShareOutstandingBasicAndDiluted,SHARES_BASIC_DILUTED_COMBINED,shares,2739000.0,2019-07-01,2019-09-30,92,1,2020-11-10,10-Q,Q3,2020,CY2019Q3,0001564590-20-052969,2020-11-10T21:15:43.000Z,10-Q,2020-11-10,True
1599901,"Avidity Biosciences, Inc.",WeightedAverageNumberOfShareOutstandingBasicAndDiluted,SHARES_BASIC_DILUTED_COMBINED,shares,2713000.0,2019-01-01,2019-12-31,365,4,2021-03-15,10-K,FY,2020,,0001564590-21-013157,2021-03-15T20:16:14.000Z,10-K,2021-03-15,True
1599901,"Avidity Biosciences, Inc.",WeightedAverageNumberOfShareOutstandingBasicAndDiluted,SHARES_BASIC_DILUTED_COMBINED,shares,2713000.0,2019-01-01,2019-12-31,365,4,2022-03-01,10-K,FY,2021,CY2019,0001564590-22-008049,2022-03-01T21:19:40.000Z,10-K,2022-03-01,True
1599901,"Avidity Biosciences, Inc.",WeightedAverageNumberOfShareOutstandingBasicAndDiluted,SHARES_BASIC_DILUTED_COMBINED,shares,2845000.0,2020-01-01,2020-03-31,91,1,2021-05-12,10-Q,Q1,2021,CY2020Q1,0001564590-21-027007,2021-05-12T20:16:00.000Z,10-Q,2021-05-12,True
1599901,"Avidity Biosciences, Inc.",WeightedAverageNumberOfShareOutstandingBasicAndDiluted,SHARES_BASIC_DILUTED_COMBINED,shares,5715000.0,2020-01-01,2020-06-30,182,2,2020-08-11,10-Q,Q2,2020,,0001564590-20-039297,2020-08-11T20:07:10.000Z,10-Q,2020-08-11,True
1599901,"Avidity Biosciences, Inc.",WeightedAverageNumberOfShareOutstandingBasicAndDiluted,SHARES_BASIC_DILUTED_COMBINED,shares,8586000.0,2020-04-01,2020-06-30,91,1,2020-08-11,10-Q,Q2,2020,,0001564590-20-039297,2020-08-11T20:07:10.000Z,10-Q,2020-08-11,True
1599901,"Avidity Biosciences, Inc.",WeightedAverageNumberOfShareOutstandingBasicAndDiluted,SHARES_BASIC_DILUTED_COMBINED,shares,5715000.0,2020-01-01,2020-06-30,182,2,2021-08-09,10-Q,Q2,2021,,0001564590-21-042650,2021-08-09T20:16:42.000Z,10-Q,2021-08-09,True
1599901,"Avidity Biosciences, Inc.",WeightedAverageNumberOfShareOutstandingBasicAndDiluted,SHARES_BASIC_DILUTED_COMBINED,shares,8586000.0,2020-04-01,2020-06-30,91,1,2021-08-09,10-Q,Q2,2021,CY2020Q2,0001564590-21-042650,2021-08-09T20:16:42.000Z,10-Q,2021-08-09,True
1599901,"Avidity Biosciences, Inc.",WeightedAverageNumberOfShareOutstandingBasicAndDiluted,SHARES_BASIC_DILUTED_COMBINED,shares,16361000.0,2020-01-01,2020-09-30,274,3,2020-11-10,10-Q,Q3,2020,,0001564590-20-052969,2020-11-10T21:15:43.000Z,10-Q,2020-11-10,True
1599901,"Avidity Biosciences, Inc.",WeightedAverageNumberOfShareOutstandingBasicAndDiluted,SHARES_BASIC_DILUTED_COMBINED,shares,37420000.0,2020-07-01,2020-09-30,92,1,2020-11-10,10-Q,Q3,2020,,0001564590-20-052969,2020-11-10T21:15:43.000Z,10-Q,2020-11-10,True
1599901,"Avidity Biosciences, Inc.",WeightedAverageNumberOfShareOutstandingBasicAndDiluted,SHARES_BASIC_DILUTED_COMBINED,shares,16361000.0,2020-01-01,2020-09-30,274,3,2021-11-09,10-Q,Q3,2021,,0001564590-21-055737,2021-11-09T21:16:18.000Z,10-Q,2021-11-09,True
1599901,"Avidity Biosciences, Inc.",WeightedAverageNumberOfShareOutstandingBasicAndDiluted,SHARES_BASIC_DILUTED_COMBINED,shares,37420000.0,2020-07-01,2020-09-30,92,1,2021-11-09,10-Q,Q3,2021,CY2020Q3,0001564590-21-055737,2021-11-09T21:16:18.000Z,10-Q,2021-11-09,True
1599901,"Avidity Biosciences, Inc.",WeightedAverageNumberOfShareOutstandingBasicAndDiluted,SHARES_BASIC_DILUTED_COMBINED,shares,21663000.0,2020-01-01,2020-12-31,366,4,2021-03-15,10-K,FY,2020,,0001564590-21-013157,2021-03-15T20:16:14.000Z,10-K,2021-03-15,True
1599901,"Avidity Biosciences, Inc.",WeightedAverageNumberOfShareOutstandingBasicAndDiluted,SHARES_BASIC_DILUTED_COMBINED,shares,21663000.0,2020-01-01,2020-12-31,366,4,2022-03-01,10-K,FY,2021,CY2020,0001564590-22-008049,2022-03-01T21:19:40.000Z,10-K,2022-03-01,True
1599901,"Avidity Biosciences, Inc.",WeightedAverageNumberOfShareOutstandingBasicAndDiluted,SHARES_BASIC_DILUTED_COMBINED,shares,37521000.0,2021-01-01,2021-03-31,90,1,2021-05-12,10-Q,Q1,2021,,0001564590-21-027007,2021-05-12T20:16:00.000Z,10-Q,2021-05-12,True
1599901,"Avidity Biosciences, Inc.",WeightedAverageNumberOfShareOutstandingBasicAndDiluted,SHARES_BASIC_DILUTED_COMBINED,shares,37521000.0,2021-01-01,2021-03-31,90,1,2022-05-10,10-Q,Q1,2022,CY2021Q1,0001564590-22-019284,2022-05-10T20:17:26.000Z,10-Q,2022-05-10,True
1599901,"Avidity Biosciences, Inc.",WeightedAverageNumberOfShareOutstandingBasicAndDiluted,SHARES_BASIC_DILUTED_COMBINED,shares,37552000.0,2021-01-01,2021-06-30,181,2,2021-08-09,10-Q,Q2,2021,,0001564590-21-042650,2021-08-09T20:16:42.000Z,10-Q,2021-08-09,True
1599901,"Avidity Biosciences, Inc.",WeightedAverageNumberOfShareOutstandingBasicAndDiluted,SHARES_BASIC_DILUTED_COMBINED,shares,37583000.0,2021-04-01,2021-06-30,91,1,2021-08-09,10-Q,Q2,2021,CY2021Q2,0001564590-21-042650,2021-08-09T20:16:42.000Z,10-Q,2021-08-09,True
1599901,"Avidity Biosciences, Inc.",WeightedAverageNumberOfShareOutstandingBasicAndDiluted,SHARES_BASIC_DILUTED_COMBINED,shares,39477000.0,2021-01-01,2021-09-30,273,3,2021-11-09,10-Q,Q3,2021,,0001564590-21-055737,2021-11-09T21:16:18.000Z,10-Q,2021-11-09,True
1599901,"Avidity Biosciences, Inc.",WeightedAverageNumberOfShareOutstandingBasicAndDiluted,SHARES_BASIC_DILUTED_COMBINED,shares,43265000.0,2021-07-01,2021-09-30,92,1,2021-11-09,10-Q,Q3,2021,CY2021Q3,0001564590-21-055737,2021-11-09T21:16:18.000Z,10-Q,2021-11-09,True
1599901,"Avidity Biosciences, Inc.",WeightedAverageNumberOfShareOutstandingBasicAndDiluted,SHARES_BASIC_DILUTED_COMBINED,shares,41428000.0,2021-01-01,2021-12-31,365,4,2022-03-01,10-K,FY,2021,CY2021,0001564590-22-008049,2022-03-01T21:19:40.000Z,10-K,2022-03-01,True
1599901,"Avidity Biosciences, Inc.",WeightedAverageNumberOfShareOutstandingBasicAndDiluted,SHARES_BASIC_DILUTED_COMBINED,shares,48246000.0,2022-01-01,2022-03-31,90,1,2022-05-10,10-Q,Q1,2022,CY2022Q1,0001564590-22-019284,2022-05-10T20:17:26.000Z,10-Q,2022-05-10,True
1603756,"Axonics, Inc.",WeightedAverageNumberOfShareOutstandingBasicAndDiluted,SHARES_BASIC_DILUTED_COMBINED,shares,2494424.0,2017-01-01,2017-09-30,273,3,2018-12-11,10-Q,Q3,2018,,0001603756-18-000010,2018-12-11T16:31:58.000Z,10-Q,2018-12-11,True
1603756,"Axonics, Inc.",WeightedAverageNumberOfShareOutstandingBasicAndDiluted,SHARES_BASIC_DILUTED_COMBINED,shares,2705138.0,2017-07-01,2017-09-30,92,1,2018-12-11,10-Q,Q3,2018,CY2017Q3,0001603756-18-000010,2018-12-11T16:31:58.000Z,10-Q,2018-12-11,True
1603756,"Axonics, Inc.",WeightedAverageNumberOfShareOutstandingBasicAndDiluted,SHARES_BASIC_DILUTED_COMBINED,shares,2564964.0,2017-01-01,2017-12-31,365,4,2019-03-05,10-K,FY,2018,CY2017,0001603756-19-000011,2019-03-05T16:35:23.000Z,10-K,2019-03-05,True
1603756,"Axonics, Inc.",WeightedAverageNumberOfShareOutstandingBasicAndDiluted,SHARES_BASIC_DILUTED_COMBINED,shares,2802622.0,2018-01-01,2018-03-31,90,1,2019-05-08,10-Q,Q1,2019,CY2018Q1,0001603756-19-000020,2019-05-08T16:31:20.000Z,10-Q,2019-05-08,True
1603756,"Axonics, Inc.",WeightedAverageNumberOfShareOutstandingBasicAndDiluted,SHARES_BASIC_DILUTED_COMBINED,shares,2811183.0,2018-01-01,2018-06-30,181,2,2019-08-05,10-Q,Q2,2019,,0001603756-19-000046,2019-08-05T16:31:27.000Z,10-Q,2019-08-05,True
1603756,"Axonics, Inc.",WeightedAverageNumberOfShareOutstandingBasicAndDiluted,SHARES_BASIC_DILUTED_COMBINED,shares,2819270.0,2018-04-01,2018-06-30,91,1,2019-08-05,10-Q,Q2,2019,CY2018Q2,0001603756-19-000046,2019-08-05T16:31:27.000Z,10-Q,2019-08-05,True
1603756,"Axonics, Inc.",WeightedAverageNumberOfShareOutstandingBasicAndDiluted,SHARES_BASIC_DILUTED_COMBINED,shares,2817652.0,2018-01-01,2018-09-30,273,3,2018-12-11,10-Q,Q3,2018,,0001603756-18-000010,2018-12-11T16:31:58.000Z,10-Q,2018-12-11,True
1603756,"Axonics, Inc.",WeightedAverageNumberOfShareOutstandingBasicAndDiluted,SHARES_BASIC_DILUTED_COMBINED,shares,2830591.0,2018-07-01,2018-09-30,92,1,2018-12-11,10-Q,Q3,2018,,0001603756-18-000010,2018-12-11T16:31:58.000Z,10-Q,2018-12-11,True
1603756,"Axonics, Inc.",WeightedAverageNumberOfShareOutstandingBasicAndDiluted,SHARES_BASIC_DILUTED_COMBINED,shares,2817652.0,2018-01-01,2018-09-30,273,3,2019-11-14,10-Q,Q3,2019,,0001603756-19-000067,2019-11-14T16:31:18.000Z,10-Q,2019-11-14,True
1603756,"Axonics, Inc.",WeightedAverageNumberOfShareOutstandingBasicAndDiluted,SHARES_BASIC_DILUTED_COMBINED,shares,2830591.0,2018-07-01,2018-09-30,92,1,2019-11-14,10-Q,Q3,2019,CY2018Q3,0001603756-19-000067,2019-11-14T16:31:18.000Z,10-Q,2019-11-14,True
1603756,"Axonics, Inc.",WeightedAverageNumberOfShareOutstandingBasicAndDiluted,SHARES_BASIC_DILUTED_COMBINED,shares,6997777.0,2018-01-01,2018-12-31,365,4,2019-03-05,10-K,FY,2018,,0001603756-19-000011,2019-03-05T16:35:23.000Z,10-K,2019-03-05,True
1603756,"Axonics, Inc.",WeightedAverageNumberOfShareOutstandingBasicAndDiluted,SHARES_BASIC_DILUTED_COMBINED,shares,6997777.0,2018-01-01,2018-12-31,365,4,2020-03-04,10-K,FY,2019,,0001603756-20-000013,2020-03-04T16:31:31.000Z,10-K,2020-03-04,True
1603756,"Axonics, Inc.",WeightedAverageNumberOfShareOutstandingBasicAndDiluted,SHARES_BASIC_DILUTED_COMBINED,shares,6997777.0,2018-01-01,2018-12-31,365,4,2021-03-01,10-K,FY,2020,CY2018,0001603756-21-000014,2021-03-01T16:55:05.000Z,10-K,2021-03-01,True
1603756,"Axonics, Inc.",WeightedAverageNumberOfShareOutstandingBasicAndDiluted,SHARES_BASIC_DILUTED_COMBINED,shares,27828201.0,2019-01-01,2019-03-31,90,1,2019-05-08,10-Q,Q1,2019,,0001603756-19-000020,2019-05-08T16:31:20.000Z,10-Q,2019-05-08,True
1603756,"Axonics, Inc.",WeightedAverageNumberOfShareOutstandingBasicAndDiluted,SHARES_BASIC_DILUTED_COMBINED,shares,27828201.0,2019-01-01,2019-03-31,90,1,2020-05-05,10-Q,Q1,2020,CY2019Q1,0001603756-20-000033,2020-05-05T16:33:12.000Z,10-Q,2020-05-05,True
1603756,"Axonics, Inc.",WeightedAverageNumberOfShareOutstandingBasicAndDiluted,SHARES_BASIC_DILUTED_COMBINED,shares,27887121.0,2019-01-01,2019-06-30,181,2,2019-08-05,10-Q,Q2,2019,,0001603756-19-000046,2019-08-05T16:31:27.000Z,10-Q,2019-08-05,True
1603756,"Axonics, Inc.",WeightedAverageNumberOfShareOutstandingBasicAndDiluted,SHARES_BASIC_DILUTED_COMBINED,shares,27945393.0,2019-04-01,2019-06-30,91,1,2019-08-05,10-Q,Q2,2019,,0001603756-19-000046,2019-08-05T16:31:27.000Z,10-Q,2019-08-05,True
1603756,"Axonics, Inc.",WeightedAverageNumberOfShareOutstandingBasicAndDiluted,SHARES_BASIC_DILUTED_COMBINED,shares,27887121.0,2019-01-01,2019-06-30,181,2,2020-08-06,10-Q,Q2,2020,,0001603756-20-000071,2020-08-06T16:31:13.000Z,10-Q,2020-08-06,True
1603756,"Axonics, Inc.",WeightedAverageNumberOfShareOutstandingBasicAndDiluted,SHARES_BASIC_DILUTED_COMBINED,shares,27945393.0,2019-04-01,2019-06-30,91,1,2020-08-06,10-Q,Q2,2020,CY2019Q2,0001603756-20-000071,2020-08-06T16:31:13.000Z,10-Q,2020-08-06,True
1603756,"Axonics, Inc.",WeightedAverageNumberOfShareOutstandingBasicAndDiluted,SHARES_BASIC_DILUTED_COMBINED,shares,27958376.0,2019-01-01,2019-09-30,273,3,2019-11-14,10-Q,Q3,2019,,0001603756-19-000067,2019-11-14T16:31:18.000Z,10-Q,2019-11-14,True
1603756,"Axonics, Inc.",WeightedAverageNumberOfShareOutstandingBasicAndDiluted,SHARES_BASIC_DILUTED_COMBINED,shares,28098564.0,2019-07-01,2019-09-30,92,1,2019-11-14,10-Q,Q3,2019,,0001603756-19-000067,2019-11-14T16:31:18.000Z,10-Q,2019-11-14,True
1603756,"Axonics, Inc.",WeightedAverageNumberOfShareOutstandingBasicAndDiluted,SHARES_BASIC_DILUTED_COMBINED,shares,27958376.0,2019-01-01,2019-09-30,273,3,2020-11-04,10-Q,Q3,2020,,0001603756-20-000079,2020-11-04T16:30:45.000Z,10-Q,2020-11-04,True
1603756,"Axonics, Inc.",WeightedAverageNumberOfShareOutstandingBasicAndDiluted,SHARES_BASIC_DILUTED_COMBINED,shares,28098564.0,2019-07-01,2019-09-30,92,1,2020-11-04,10-Q,Q3,2020,CY2019Q3,0001603756-20-000079,2020-11-04T16:30:45.000Z,10-Q,2020-11-04,True
1603756,"Axonics, Inc.",WeightedAverageNumberOfShareOutstandingBasicAndDiluted,SHARES_BASIC_DILUTED_COMBINED,shares,28567302.0,2019-01-01,2019-12-31,365,4,2020-03-04,10-K,FY,2019,,0001603756-20-000013,2020-03-04T16:31:31.000Z,10-K,2020-03-04,True
1603756,"Axonics, Inc.",WeightedAverageNumberOfShareOutstandingBasicAndDiluted,SHARES_BASIC_DILUTED_COMBINED,shares,28567302.0,2019-01-01,2019-12-31,365,4,2021-03-01,10-K,FY,2020,CY2019,0001603756-21-000014,2021-03-01T16:55:05.000Z,10-K,2021-03-01,True
1603756,"Axonics, Inc.",WeightedAverageNumberOfShareOutstandingBasicAndDiluted,SHARES_BASIC_DILUTED_COMBINED,shares,33637646.0,2020-01-01,2020-03-31,91,1,2020-05-05,10-Q,Q1,2020,,0001603756-20-000033,2020-05-05T16:33:12.000Z,10-Q,2020-05-05,True
1603756,"Axonics, Inc.",WeightedAverageNumberOfShareOutstandingBasicAndDiluted,SHARES_BASIC_DILUTED_COMBINED,shares,33637646.0,2020-01-01,2020-03-31,91,1,2021-05-07,10-Q,Q1,2021,CY2020Q1,0001603756-21-000058,2021-05-07T16:02:37.000Z,10-Q,2021-05-07,True
1603756,"Axonics, Inc.",WeightedAverageNumberOfShareOutstandingBasicAndDiluted,SHARES_BASIC_DILUTED_COMBINED,shares,35040180.0,2020-01-01,2020-06-30,182,2,2020-08-06,10-Q,Q2,2020,,0001603756-20-000071,2020-08-06T16:31:13.000Z,10-Q,2020-08-06,True
1603756,"Axonics, Inc.",WeightedAverageNumberOfShareOutstandingBasicAndDiluted,SHARES_BASIC_DILUTED_COMBINED,shares,36440846.0,2020-04-01,2020-06-30,91,1,2020-08-06,10-Q,Q2,2020,CY2020Q2,0001603756-20-000071,2020-08-06T16:31:13.000Z,10-Q,2020-08-06,True
1603756,"Axonics, Inc.",WeightedAverageNumberOfShareOutstandingBasicAndDiluted,SHARES_BASIC_DILUTED_COMBINED,shares,36312984.0,2020-01-01,2020-09-30,274,3,2020-11-04,10-Q,Q3,2020,,0001603756-20-000079,2020-11-04T16:30:45.000Z,10-Q,2020-11-04,True
1603756,"Axonics, Inc.",WeightedAverageNumberOfShareOutstandingBasicAndDiluted,SHARES_BASIC_DILUTED_COMBINED,shares,38830924.0,2020-07-01,2020-09-30,92,1,2020-11-04,10-Q,Q3,2020,CY2020Q3,0001603756-20-000079,2020-11-04T16:30:45.000Z,10-Q,2020-11-04,True
1603756,"Axonics, Inc.",WeightedAverageNumberOfShareOutstandingBasicAndDiluted,SHARES_BASIC_DILUTED_COMBINED,shares,36981335.0,2020-01-01,2020-12-31,366,4,2021-03-01,10-K,FY,2020,CY2020,0001603756-21-000014,2021-03-01T16:55:05.000Z,10-K,2021-03-01,True
1603756,"Axonics, Inc.",WeightedAverageNumberOfShareOutstandingBasicAndDiluted,SHARES_BASIC_DILUTED_COMBINED,shares,39613964.0,2021-01-01,2021-03-31,90,1,2021-05-07,10-Q,Q1,2021,CY2021Q1,0001603756-21-000058,2021-05-07T16:02:37.000Z,10-Q,2021-05-07,True
1606498,"AVANOS MEDICAL, INC.",WeightedAverageNumberDilutedSharesOutstandingAdjustment,DILUTED_SHARES_ADJUSTMENT,shares,700000.0,2017-01-01,2017-03-31,90,1,2017-05-02,10-Q,Q1,2016,,0001606498-17-000019,2017-05-02T20:13:14.000Z,10-Q,2017-05-02,True
1606498,"AVANOS MEDICAL, INC.",WeightedAverageNumberDilutedSharesOutstandingAdjustment,DILUTED_SHARES_ADJUSTMENT,shares,0.0,2017-01-01,2017-03-31,90,1,2018-05-02,10-Q,Q1,2018,CY2017Q1,0001606498-18-000033,2018-05-02T20:06:54.000Z,10-Q,2018-05-02,True
1606498,"AVANOS MEDICAL, INC.",WeightedAverageNumberDilutedSharesOutstandingAdjustment,DILUTED_SHARES_ADJUSTMENT,shares,600000.0,2017-01-01,2017-06-30,181,2,2017-08-02,10-Q,Q2,2017,,0001606498-17-000050,2017-08-02T20:12:39.000Z,10-Q,2017-08-02,True
1606498,"AVANOS MEDICAL, INC.",WeightedAverageNumberDilutedSharesOutstandingAdjustment,DILUTED_SHARES_ADJUSTMENT,shares,600000.0,2017-04-01,2017-06-30,91,1,2017-08-02,10-Q,Q2,2017,,0001606498-17-000050,2017-08-02T20:12:39.000Z,10-Q,2017-08-02,True
1606498,"AVANOS MEDICAL, INC.",WeightedAverageNumberDilutedSharesOutstandingAdjustment,DILUTED_SHARES_ADJUSTMENT,shares,0.0,2017-01-01,2017-06-30,181,2,2018-08-07,10-Q,Q2,2018,,0001606498-18-000068,2018-08-07T21:02:36.000Z,10-Q,2018-08-07,True
1606498,"AVANOS MEDICAL, INC.",WeightedAverageNumberDilutedSharesOutstandingAdjustment,DILUTED_SHARES_ADJUSTMENT,shares,0.0,2017-04-01,2017-06-30,91,1,2018-08-07,10-Q,Q2,2018,CY2017Q2,0001606498-18-000068,2018-08-07T21:02:36.000Z,10-Q,2018-08-07,True
1606498,"AVANOS MEDICAL, INC.",WeightedAverageNumberDilutedSharesOutstandingAdjustment,DILUTED_SHARES_ADJUSTMENT,shares,700000.0,2017-01-01,2017-09-30,273,3,2017-11-01,10-Q,Q3,2017,,0001606498-17-000061,2017-11-01T21:14:07.000Z,10-Q,2017-11-01,True
1606498,"AVANOS MEDICAL, INC.",WeightedAverageNumberDilutedSharesOutstandingAdjustment,DILUTED_SHARES_ADJUSTMENT,shares,800000.0,2017-07-01,2017-09-30,92,1,2017-11-01,10-Q,Q3,2017,,0001606498-17-000061,2017-11-01T21:14:07.000Z,10-Q,2017-11-01,True
1606498,"AVANOS MEDICAL, INC.",WeightedAverageNumberDilutedSharesOutstandingAdjustment,DILUTED_SHARES_ADJUSTMENT,shares,0.0,2017-01-01,2017-09-30,273,3,2018-11-06,10-Q,Q3,2018,,0001564590-18-027419,2018-11-06T21:15:33.000Z,10-Q,2018-11-06,True
1606498,"AVANOS MEDICAL, INC.",WeightedAverageNumberDilutedSharesOutstandingAdjustment,DILUTED_SHARES_ADJUSTMENT,shares,0.0,2017-07-01,2017-09-30,92,1,2018-11-06,10-Q,Q3,2018,,0001564590-18-027419,2018-11-06T21:15:33.000Z,10-Q,2018-11-06,True
1606498,"AVANOS MEDICAL, INC.",WeightedAverageNumberDilutedSharesOutstandingAdjustment,DILUTED_SHARES_ADJUSTMENT,shares,0.0,2017-01-01,2017-09-30,273,3,2018-12-17,10-Q,Q3,2018,,0001606498-18-000081,2018-12-17T21:20:10.000Z,10-Q/A,2018-12-17,True
1606498,"AVANOS MEDICAL, INC.",WeightedAverageNumberDilutedSharesOutstandingAdjustment,DILUTED_SHARES_ADJUSTMENT,shares,0.0,2017-07-01,2017-09-30,92,1,2018-12-17,10-Q,Q3,2018,CY2017Q3,0001606498-18-000081,2018-12-17T21:20:10.000Z,10-Q/A,2018-12-17,True
1606498,"AVANOS MEDICAL, INC.",WeightedAverageNumberDilutedSharesOutstandingAdjustment,DILUTED_SHARES_ADJUSTMENT,shares,0.0,2017-01-01,2017-12-31,365,4,2018-02-27,10-K,FY,2017,,0001606498-18-000016,2018-02-27T22:19:43.000Z,10-K,2018-02-27,True
1606498,"AVANOS MEDICAL, INC.",WeightedAverageNumberDilutedSharesOutstandingAdjustment,DILUTED_SHARES_ADJUSTMENT,shares,0.0,2017-01-01,2017-12-31,365,4,2019-02-26,10-K,FY,2018,,0001606498-19-000018,2019-02-26T22:07:40.000Z,10-K,2019-02-26,True
1606498,"AVANOS MEDICAL, INC.",WeightedAverageNumberDilutedSharesOutstandingAdjustment,DILUTED_SHARES_ADJUSTMENT,shares,0.0,2017-01-01,2017-12-31,365,4,2020-02-25,10-K,FY,2019,CY2017,0001606498-20-000018,2020-02-25T21:07:39.000Z,10-K,2020-02-25,True
1606498,"AVANOS MEDICAL, INC.",WeightedAverageNumberDilutedSharesOutstandingAdjustment,DILUTED_SHARES_ADJUSTMENT,shares,0.0,2018-01-01,2018-03-31,90,1,2018-05-02,10-Q,Q1,2018,,0001606498-18-000033,2018-05-02T20:06:54.000Z,10-Q,2018-05-02,True
1606498,"AVANOS MEDICAL, INC.",WeightedAverageNumberDilutedSharesOutstandingAdjustment,DILUTED_SHARES_ADJUSTMENT,shares,0.0,2018-01-01,2018-03-31,90,1,2019-05-07,10-Q,Q1,2019,CY2018Q1,0001606498-19-000032,2019-05-07T20:12:15.000Z,10-Q,2019-05-07,True
1606498,"AVANOS MEDICAL, INC.",WeightedAverageNumberDilutedSharesOutstandingAdjustment,DILUTED_SHARES_ADJUSTMENT,shares,0.0,2018-01-01,2018-06-30,181,2,2018-08-07,10-Q,Q2,2018,,0001606498-18-000068,2018-08-07T21:02:36.000Z,10-Q,2018-08-07,True
1606498,"AVANOS MEDICAL, INC.",WeightedAverageNumberDilutedSharesOutstandingAdjustment,DILUTED_SHARES_ADJUSTMENT,shares,1100000.0,2018-04-01,2018-06-30,91,1,2018-08-07,10-Q,Q2,2018,,0001606498-18-000068,2018-08-07T21:02:36.000Z,10-Q,2018-08-07,True
1606498,"AVANOS MEDICAL, INC.",WeightedAverageNumberDilutedSharesOutstandingAdjustment,DILUTED_SHARES_ADJUSTMENT,shares,0.0,2018-01-01,2018-06-30,181,2,2019-08-06,10-Q,Q2,2019,,0001606498-19-000062,2019-08-06T20:23:01.000Z,10-Q,2019-08-06,True
1606498,"AVANOS MEDICAL, INC.",WeightedAverageNumberDilutedSharesOutstandingAdjustment,DILUTED_SHARES_ADJUSTMENT,shares,1100000.0,2018-04-01,2018-06-30,91,1,2019-08-06,10-Q,Q2,2019,CY2018Q2,0001606498-19-000062,2019-08-06T20:23:01.000Z,10-Q,2019-08-06,True
1606498,"AVANOS MEDICAL, INC.",WeightedAverageNumberDilutedSharesOutstandingAdjustment,DILUTED_SHARES_ADJUSTMENT,shares,0.0,2018-01-01,2018-09-30,273,3,2018-11-06,10-Q,Q3,2018,,0001564590-18-027419,2018-11-06T21:15:33.000Z,10-Q,2018-11-06,True
1606498,"AVANOS MEDICAL, INC.",WeightedAverageNumberDilutedSharesOutstandingAdjustment,DILUTED_SHARES_ADJUSTMENT,shares,1300000.0,2018-07-01,2018-09-30,92,1,2018-11-06,10-Q,Q3,2018,,0001564590-18-027419,2018-11-06T21:15:33.000Z,10-Q,2018-11-06,True
1606498,"AVANOS MEDICAL, INC.",WeightedAverageNumberDilutedSharesOutstandingAdjustment,DILUTED_SHARES_ADJUSTMENT,shares,0.0,2018-01-01,2018-09-30,273,3,2018-12-17,10-Q,Q3,2018,,0001606498-18-000081,2018-12-17T21:20:10.000Z,10-Q/A,2018-12-17,True
1606498,"AVANOS MEDICAL, INC.",WeightedAverageNumberDilutedSharesOutstandingAdjustment,DILUTED_SHARES_ADJUSTMENT,shares,1300000.0,2018-07-01,2018-09-30,92,1,2018-12-17,10-Q,Q3,2018,,0001606498-18-000081,2018-12-17T21:20:10.000Z,10-Q/A,2018-12-17,True
1606498,"AVANOS MEDICAL, INC.",WeightedAverageNumberDilutedSharesOutstandingAdjustment,DILUTED_SHARES_ADJUSTMENT,shares,0.0,2018-01-01,2018-09-30,273,3,2019-11-05,10-Q,Q3,2019,,0001606498-19-000072,2019-11-05T21:08:30.000Z,10-Q,2019-11-05,True
1606498,"AVANOS MEDICAL, INC.",WeightedAverageNumberDilutedSharesOutstandingAdjustment,DILUTED_SHARES_ADJUSTMENT,shares,1300000.0,2018-07-01,2018-09-30,92,1,2019-11-05,10-Q,Q3,2019,CY2018Q3,0001606498-19-000072,2019-11-05T21:08:30.000Z,10-Q,2019-11-05,True
1606498,"AVANOS MEDICAL, INC.",WeightedAverageNumberDilutedSharesOutstandingAdjustment,DILUTED_SHARES_ADJUSTMENT,shares,0.0,2018-01-01,2018-12-31,365,4,2019-02-26,10-K,FY,2018,,0001606498-19-000018,2019-02-26T22:07:40.000Z,10-K,2019-02-26,True
1606498,"AVANOS MEDICAL, INC.",WeightedAverageNumberDilutedSharesOutstandingAdjustment,DILUTED_SHARES_ADJUSTMENT,shares,0.0,2018-01-01,2018-12-31,365,4,2020-02-25,10-K,FY,2019,,0001606498-20-000018,2020-02-25T21:07:39.000Z,10-K,2020-02-25,True
1606498,"AVANOS MEDICAL, INC.",WeightedAverageNumberDilutedSharesOutstandingAdjustment,DILUTED_SHARES_ADJUSTMENT,shares,0.0,2018-01-01,2018-12-31,365,4,2021-02-19,10-K,FY,2020,CY2018,0001606498-21-000015,2021-02-19T21:24:19.000Z,10-K,2021-02-19,True
1606498,"AVANOS MEDICAL, INC.",WeightedAverageNumberDilutedSharesOutstandingAdjustment,DILUTED_SHARES_ADJUSTMENT,shares,0.0,2019-01-01,2019-03-31,90,1,2019-05-07,10-Q,Q1,2019,,0001606498-19-000032,2019-05-07T20:12:15.000Z,10-Q,2019-05-07,True
1606498,"AVANOS MEDICAL, INC.",WeightedAverageNumberDilutedSharesOutstandingAdjustment,DILUTED_SHARES_ADJUSTMENT,shares,0.0,2019-01-01,2019-03-31,90,1,2020-05-06,10-Q,Q1,2020,CY2019Q1,0001606498-20-000029,2020-05-06T20:06:25.000Z,10-Q,2020-05-06,True
1606498,"AVANOS MEDICAL, INC.",WeightedAverageNumberDilutedSharesOutstandingAdjustment,DILUTED_SHARES_ADJUSTMENT,shares,0.0,2019-01-01,2019-06-30,181,2,2019-08-06,10-Q,Q2,2019,,0001606498-19-000062,2019-08-06T20:23:01.000Z,10-Q,2019-08-06,True
1606498,"AVANOS MEDICAL, INC.",WeightedAverageNumberDilutedSharesOutstandingAdjustment,DILUTED_SHARES_ADJUSTMENT,shares,0.0,2019-04-01,2019-06-30,91,1,2019-08-06,10-Q,Q2,2019,,0001606498-19-000062,2019-08-06T20:23:01.000Z,10-Q,2019-08-06,True
1606498,"AVANOS MEDICAL, INC.",WeightedAverageNumberDilutedSharesOutstandingAdjustment,DILUTED_SHARES_ADJUSTMENT,shares,0.0,2019-01-01,2019-06-30,181,2,2020-08-04,10-Q,Q2,2020,,0001606498-20-000047,2020-08-04T20:07:32.000Z,10-Q,2020-08-04,True
1606498,"AVANOS MEDICAL, INC.",WeightedAverageNumberDilutedSharesOutstandingAdjustment,DILUTED_SHARES_ADJUSTMENT,shares,0.0,2019-04-01,2019-06-30,91,1,2020-08-04,10-Q,Q2,2020,CY2019Q2,0001606498-20-000047,2020-08-04T20:07:32.000Z,10-Q,2020-08-04,True
1606498,"AVANOS MEDICAL, INC.",WeightedAverageNumberDilutedSharesOutstandingAdjustment,DILUTED_SHARES_ADJUSTMENT,shares,0.0,2019-01-01,2019-09-30,273,3,2019-11-05,10-Q,Q3,2019,,0001606498-19-000072,2019-11-05T21:08:30.000Z,10-Q,2019-11-05,True
1606498,"AVANOS MEDICAL, INC.",WeightedAverageNumberDilutedSharesOutstandingAdjustment,DILUTED_SHARES_ADJUSTMENT,shares,0.0,2019-07-01,2019-09-30,92,1,2019-11-05,10-Q,Q3,2019,,0001606498-19-000072,2019-11-05T21:08:30.000Z,10-Q,2019-11-05,True
1606498,"AVANOS MEDICAL, INC.",WeightedAverageNumberDilutedSharesOutstandingAdjustment,DILUTED_SHARES_ADJUSTMENT,shares,0.0,2019-01-01,2019-09-30,273,3,2020-11-03,10-Q,Q3,2020,,0001606498-20-000063,2020-11-03T21:07:46.000Z,10-Q,2020-11-03,True
1606498,"AVANOS MEDICAL, INC.",WeightedAverageNumberDilutedSharesOutstandingAdjustment,DILUTED_SHARES_ADJUSTMENT,shares,0.0,2019-07-01,2019-09-30,92,1,2020-11-03,10-Q,Q3,2020,CY2019Q3,0001606498-20-000063,2020-11-03T21:07:46.000Z,10-Q,2020-11-03,True
1606498,"AVANOS MEDICAL, INC.",WeightedAverageNumberDilutedSharesOutstandingAdjustment,DILUTED_SHARES_ADJUSTMENT,shares,0.0,2019-01-01,2019-12-31,365,4,2020-02-25,10-K,FY,2019,,0001606498-20-000018,2020-02-25T21:07:39.000Z,10-K,2020-02-25,True
1606498,"AVANOS MEDICAL, INC.",WeightedAverageNumberDilutedSharesOutstandingAdjustment,DILUTED_SHARES_ADJUSTMENT,shares,0.0,2019-01-01,2019-12-31,365,4,2021-02-19,10-K,FY,2020,,0001606498-21-000015,2021-02-19T21:24:19.000Z,10-K,2021-02-19,True
1606498,"AVANOS MEDICAL, INC.",WeightedAverageNumberDilutedSharesOutstandingAdjustment,DILUTED_SHARES_ADJUSTMENT,shares,0.0,2019-01-01,2019-12-31,365,4,2022-02-23,10-K,FY,2021,CY2019,0001606498-22-000029,2022-02-23T21:30:01.000Z,10-K,2022-02-23,True
1606498,"AVANOS MEDICAL, INC.",WeightedAverageNumberDilutedSharesOutstandingAdjustment,DILUTED_SHARES_ADJUSTMENT,shares,200000.0,2020-01-01,2020-03-31,91,1,2020-05-06,10-Q,Q1,2020,,0001606498-20-000029,2020-05-06T20:06:25.000Z,10-Q,2020-05-06,True
1606498,"AVANOS MEDICAL, INC.",WeightedAverageNumberDilutedSharesOutstandingAdjustment,DILUTED_SHARES_ADJUSTMENT,shares,200000.0,2020-01-01,2020-03-31,91,1,2021-05-07,10-Q,Q1,2021,CY2020Q1,0001606498-21-000025,2021-05-07T20:07:38.000Z,10-Q,2021-05-07,True
1606498,"AVANOS MEDICAL, INC.",WeightedAverageNumberDilutedSharesOutstandingAdjustment,DILUTED_SHARES_ADJUSTMENT,shares,200000.0,2020-01-01,2020-06-30,182,2,2020-08-04,10-Q,Q2,2020,,0001606498-20-000047,2020-08-04T20:07:32.000Z,10-Q,2020-08-04,True
1606498,"AVANOS MEDICAL, INC.",WeightedAverageNumberDilutedSharesOutstandingAdjustment,DILUTED_SHARES_ADJUSTMENT,shares,0.0,2020-04-01,2020-06-30,91,1,2020-08-04,10-Q,Q2,2020,,0001606498-20-000047,2020-08-04T20:07:32.000Z,10-Q,2020-08-04,True
1606498,"AVANOS MEDICAL, INC.",WeightedAverageNumberDilutedSharesOutstandingAdjustment,DILUTED_SHARES_ADJUSTMENT,shares,200000.0,2020-01-01,2020-06-30,182,2,2021-08-03,10-Q,Q2,2021,,0001606498-21-000048,2021-08-03T20:10:43.000Z,10-Q,2021-08-03,True
1606498,"AVANOS MEDICAL, INC.",WeightedAverageNumberDilutedSharesOutstandingAdjustment,DILUTED_SHARES_ADJUSTMENT,shares,0.0,2020-04-01,2020-06-30,91,1,2021-08-03,10-Q,Q2,2021,CY2020Q2,0001606498-21-000048,2021-08-03T20:10:43.000Z,10-Q,2021-08-03,True
1606498,"AVANOS MEDICAL, INC.",WeightedAverageNumberDilutedSharesOutstandingAdjustment,DILUTED_SHARES_ADJUSTMENT,shares,200000.0,2020-01-01,2020-09-30,274,3,2020-11-03,10-Q,Q3,2020,,0001606498-20-000063,2020-11-03T21:07:46.000Z,10-Q,2020-11-03,True
1606498,"AVANOS MEDICAL, INC.",WeightedAverageNumberDilutedSharesOutstandingAdjustment,DILUTED_SHARES_ADJUSTMENT,shares,300000.0,2020-07-01,2020-09-30,92,1,2020-11-03,10-Q,Q3,2020,,0001606498-20-000063,2020-11-03T21:07:46.000Z,10-Q,2020-11-03,True
1606498,"AVANOS MEDICAL, INC.",WeightedAverageNumberDilutedSharesOutstandingAdjustment,DILUTED_SHARES_ADJUSTMENT,shares,200000.0,2020-01-01,2020-09-30,274,3,2021-11-02,10-Q,Q3,2021,,0001628280-21-021202,2021-11-02T20:36:04.000Z,10-Q,2021-11-02,True
1606498,"AVANOS MEDICAL, INC.",WeightedAverageNumberDilutedSharesOutstandingAdjustment,DILUTED_SHARES_ADJUSTMENT,shares,300000.0,2020-07-01,2020-09-30,92,1,2021-11-02,10-Q,Q3,2021,CY2020Q3,0001628280-21-021202,2021-11-02T20:36:04.000Z,10-Q,2021-11-02,True
1606498,"AVANOS MEDICAL, INC.",WeightedAverageNumberDilutedSharesOutstandingAdjustment,DILUTED_SHARES_ADJUSTMENT,shares,0.0,2020-01-01,2020-12-31,366,4,2021-02-19,10-K,FY,2020,,0001606498-21-000015,2021-02-19T21:24:19.000Z,10-K,2021-02-19,True
1606498,"AVANOS MEDICAL, INC.",WeightedAverageNumberDilutedSharesOutstandingAdjustment,DILUTED_SHARES_ADJUSTMENT,shares,0.0,2020-01-01,2020-12-31,366,4,2022-02-23,10-K,FY,2021,,0001606498-22-000029,2022-02-23T21:30:01.000Z,10-K,2022-02-23,True
1606498,"AVANOS MEDICAL, INC.",WeightedAverageNumberDilutedSharesOutstandingAdjustment,DILUTED_SHARES_ADJUSTMENT,shares,0.0,2021-01-01,2021-03-31,90,1,2021-05-07,10-Q,Q1,2021,,0001606498-21-000025,2021-05-07T20:07:38.000Z,10-Q,2021-05-07,True
1606498,"AVANOS MEDICAL, INC.",WeightedAverageNumberDilutedSharesOutstandingAdjustment,DILUTED_SHARES_ADJUSTMENT,shares,0.0,2021-01-01,2021-03-31,90,1,2022-05-04,10-Q,Q1,2022,CY2021Q1,0001606498-22-000052,2022-05-04T20:08:36.000Z,10-Q,2022-05-04,True
1606498,"AVANOS MEDICAL, INC.",WeightedAverageNumberDilutedSharesOutstandingAdjustment,DILUTED_SHARES_ADJUSTMENT,shares,600000.0,2021-01-01,2021-06-30,181,2,2021-08-03,10-Q,Q2,2021,,0001606498-21-000048,2021-08-03T20:10:43.000Z,10-Q,2021-08-03,True
1606498,"AVANOS MEDICAL, INC.",WeightedAverageNumberDilutedSharesOutstandingAdjustment,DILUTED_SHARES_ADJUSTMENT,shares,500000.0,2021-04-01,2021-06-30,91,1,2021-08-03,10-Q,Q2,2021,,0001606498-21-000048,2021-08-03T20:10:43.000Z,10-Q,2021-08-03,True
1606498,"AVANOS MEDICAL, INC.",WeightedAverageNumberDilutedSharesOutstandingAdjustment,DILUTED_SHARES_ADJUSTMENT,shares,600000.0,2021-01-01,2021-06-30,181,2,2022-08-09,10-Q,Q2,2022,,0001606498-22-000070,2022-08-09T20:06:07.000Z,10-Q,2022-08-09,True
1606498,"AVANOS MEDICAL, INC.",WeightedAverageNumberDilutedSharesOutstandingAdjustment,DILUTED_SHARES_ADJUSTMENT,shares,500000.0,2021-04-01,2021-06-30,91,1,2022-08-09,10-Q,Q2,2022,CY2021Q2,0001606498-22-000070,2022-08-09T20:06:07.000Z,10-Q,2022-08-09,True
1606498,"AVANOS MEDICAL, INC.",WeightedAverageNumberDilutedSharesOutstandingAdjustment,DILUTED_SHARES_ADJUSTMENT,shares,0.0,2021-01-01,2021-09-30,273,3,2021-11-02,10-Q,Q3,2021,,0001628280-21-021202,2021-11-02T20:36:04.000Z,10-Q,2021-11-02,True
1606498,"AVANOS MEDICAL, INC.",WeightedAverageNumberDilutedSharesOutstandingAdjustment,DILUTED_SHARES_ADJUSTMENT,shares,0.0,2021-07-01,2021-09-30,92,1,2021-11-02,10-Q,Q3,2021,,0001628280-21-021202,2021-11-02T20:36:04.000Z,10-Q,2021-11-02,True
1606498,"AVANOS MEDICAL, INC.",WeightedAverageNumberDilutedSharesOutstandingAdjustment,DILUTED_SHARES_ADJUSTMENT,shares,0.0,2021-01-01,2021-09-30,273,3,2022-11-02,10-Q,Q3,2022,,0001606498-22-000080,2022-11-02T20:08:59.000Z,10-Q,2022-11-02,True
1606498,"AVANOS MEDICAL, INC.",WeightedAverageNumberDilutedSharesOutstandingAdjustment,DILUTED_SHARES_ADJUSTMENT,shares,0.0,2021-07-01,2021-09-30,92,1,2022-11-02,10-Q,Q3,2022,CY2021Q3,0001606498-22-000080,2022-11-02T20:08:59.000Z,10-Q,2022-11-02,True
1606498,"AVANOS MEDICAL, INC.",WeightedAverageNumberDilutedSharesOutstandingAdjustment,DILUTED_SHARES_ADJUSTMENT,shares,500000.0,2021-01-01,2021-12-31,365,4,2022-02-23,10-K,FY,2021,,0001606498-22-000029,2022-02-23T21:30:01.000Z,10-K,2022-02-23,True
1606498,"AVANOS MEDICAL, INC.",WeightedAverageNumberDilutedSharesOutstandingAdjustment,DILUTED_SHARES_ADJUSTMENT,shares,400000.0,2022-01-01,2022-03-31,90,1,2022-05-04,10-Q,Q1,2022,,0001606498-22-000052,2022-05-04T20:08:36.000Z,10-Q,2022-05-04,True
1606498,"AVANOS MEDICAL, INC.",WeightedAverageNumberDilutedSharesOutstandingAdjustment,DILUTED_SHARES_ADJUSTMENT,shares,400000.0,2022-01-01,2022-06-30,181,2,2022-08-09,10-Q,Q2,2022,,0001606498-22-000070,2022-08-09T20:06:07.000Z,10-Q,2022-08-09,True
1606498,"AVANOS MEDICAL, INC.",WeightedAverageNumberDilutedSharesOutstandingAdjustment,DILUTED_SHARES_ADJUSTMENT,shares,400000.0,2022-04-01,2022-06-30,91,1,2022-08-09,10-Q,Q2,2022,,0001606498-22-000070,2022-08-09T20:06:07.000Z,10-Q,2022-08-09,True
1606498,"AVANOS MEDICAL, INC.",WeightedAverageNumberDilutedSharesOutstandingAdjustment,DILUTED_SHARES_ADJUSTMENT,shares,400000.0,2022-01-01,2022-09-30,273,3,2022-11-02,10-Q,Q3,2022,,0001606498-22-000080,2022-11-02T20:08:59.000Z,10-Q,2022-11-02,True
1606498,"AVANOS MEDICAL, INC.",WeightedAverageNumberDilutedSharesOutstandingAdjustment,DILUTED_SHARES_ADJUSTMENT,shares,400000.0,2022-07-01,2022-09-30,92,1,2022-11-02,10-Q,Q3,2022,,0001606498-22-000080,2022-11-02T20:08:59.000Z,10-Q,2022-11-02,True
1609702,"CDK GLOBAL, INC.",NetCashProvidedByUsedInOperatingActivitiesContinuingOperations,CFO_CONTINUING,USD,362700000.0,2016-07-01,2017-06-30,365,4,2019-08-14,10-K,FY,2019,CY2017,0001609702-19-000015,2019-08-13T18:56:38.000Z,10-K,2019-08-14,True
1609702,"CDK GLOBAL, INC.",NetCashProvidedByUsedInOperatingActivitiesContinuingOperations,CFO_CONTINUING,USD,373900000.0,2017-07-01,2018-06-30,365,4,2019-08-14,10-K,FY,2019,,0001609702-19-000015,2019-08-13T18:56:38.000Z,10-K,2019-08-14,True
1609702,"CDK GLOBAL, INC.",NetCashProvidedByUsedInOperatingActivitiesContinuingOperations,CFO_CONTINUING,USD,373900000.0,2017-07-01,2018-06-30,365,4,2020-08-06,10-K,FY,2020,CY2018,0001609702-20-000015,2020-08-06T16:50:25.000Z,10-K,2020-08-06,True
1609702,"CDK GLOBAL, INC.",NetCashProvidedByUsedInOperatingActivitiesContinuingOperations,CFO_CONTINUING,USD,123600000.0,2018-07-01,2018-09-30,92,1,2019-11-06,10-Q,Q1,2020,CY2018Q3,0001609702-19-000020,2019-11-05T18:10:27.000Z,10-Q,2019-11-06,True
1609702,"CDK GLOBAL, INC.",NetCashProvidedByUsedInOperatingActivitiesContinuingOperations,CFO_CONTINUING,USD,171100000.0,2018-07-01,2018-12-31,184,2,2020-02-05,10-Q,Q2,2020,,0001609702-20-000004,2020-02-04T18:29:33.000Z,10-Q,2020-02-05,True
1609702,"CDK GLOBAL, INC.",NetCashProvidedByUsedInOperatingActivitiesContinuingOperations,CFO_CONTINUING,USD,314100000.0,2018-07-01,2019-03-31,274,3,2020-05-06,10-Q,Q3,2020,,0001609702-20-000010,2020-05-05T21:10:05.000Z,10-Q,2020-05-06,True
1609702,"CDK GLOBAL, INC.",NetCashProvidedByUsedInOperatingActivitiesContinuingOperations,CFO_CONTINUING,USD,438500000.0,2018-07-01,2019-06-30,365,4,2019-08-14,10-K,FY,2019,,0001609702-19-000015,2019-08-13T18:56:38.000Z,10-K,2019-08-14,True
1609702,"CDK GLOBAL, INC.",NetCashProvidedByUsedInOperatingActivitiesContinuingOperations,CFO_CONTINUING,USD,438500000.0,2018-07-01,2019-06-30,365,4,2020-08-06,10-K,FY,2020,,0001609702-20-000015,2020-08-06T16:50:25.000Z,10-K,2020-08-06,True
1609702,"CDK GLOBAL, INC.",NetCashProvidedByUsedInOperatingActivitiesContinuingOperations,CFO_CONTINUING,USD,381000000.0,2018-07-01,2019-06-30,365,4,2021-08-18,10-K,FY,2021,CY2019,0001609702-21-000058,2021-08-17T21:42:48.000Z,10-K,2021-08-18,True
1609702,"CDK GLOBAL, INC.",NetCashProvidedByUsedInOperatingActivitiesContinuingOperations,CFO_CONTINUING,USD,64400000.0,2019-07-01,2019-09-30,92,1,2019-11-06,10-Q,Q1,2020,,0001609702-19-000020,2019-11-05T18:10:27.000Z,10-Q,2019-11-06,True
1609702,"CDK GLOBAL, INC.",NetCashProvidedByUsedInOperatingActivitiesContinuingOperations,CFO_CONTINUING,USD,64400000.0,2019-07-01,2019-09-30,92,1,2020-11-03,10-Q,Q1,2021,CY2019Q3,0001609702-20-000024,2020-11-02T20:11:11.000Z,10-Q,2020-11-03,True
1609702,"CDK GLOBAL, INC.",NetCashProvidedByUsedInOperatingActivitiesContinuingOperations,CFO_CONTINUING,USD,152400000.0,2019-07-01,2019-12-31,184,2,2020-02-05,10-Q,Q2,2020,,0001609702-20-000004,2020-02-04T18:29:33.000Z,10-Q,2020-02-05,True
1609702,"CDK GLOBAL, INC.",NetCashProvidedByUsedInOperatingActivitiesContinuingOperations,CFO_CONTINUING,USD,140200000.0,2019-07-01,2019-12-31,184,2,2021-02-09,10-Q,Q2,2021,,0001609702-21-000005,2021-02-08T20:20:13.000Z,10-Q,2021-02-09,True
1609702,"CDK GLOBAL, INC.",NetCashProvidedByUsedInOperatingActivitiesContinuingOperations,CFO_CONTINUING,USD,274600000.0,2019-07-01,2020-03-31,275,3,2020-05-06,10-Q,Q3,2020,,0001609702-20-000010,2020-05-05T21:10:05.000Z,10-Q,2020-05-06,True
1609702,"CDK GLOBAL, INC.",NetCashProvidedByUsedInOperatingActivitiesContinuingOperations,CFO_CONTINUING,USD,240800000.0,2019-07-01,2020-03-31,275,3,2021-05-07,10-Q,Q3,2021,,0001609702-21-000038,2021-05-06T21:38:57.000Z,10-Q,2021-05-07,True
1609702,"CDK GLOBAL, INC.",NetCashProvidedByUsedInOperatingActivitiesContinuingOperations,CFO_CONTINUING,USD,370500000.0,2019-07-01,2020-06-30,366,4,2020-08-06,10-K,FY,2020,,0001609702-20-000015,2020-08-06T16:50:25.000Z,10-K,2020-08-06,True
1609702,"CDK GLOBAL, INC.",NetCashProvidedByUsedInOperatingActivitiesContinuingOperations,CFO_CONTINUING,USD,327600000.0,2019-07-01,2020-06-30,366,4,2021-08-18,10-K,FY,2021,CY2020,0001609702-21-000058,2021-08-17T21:42:48.000Z,10-K,2021-08-18,True
1609702,"CDK GLOBAL, INC.",NetCashProvidedByUsedInOperatingActivitiesContinuingOperations,CFO_CONTINUING,USD,99700000.0,2020-07-01,2020-09-30,92,1,2020-11-03,10-Q,Q1,2021,,0001609702-20-000024,2020-11-02T20:11:11.000Z,10-Q,2020-11-03,True
1609702,"CDK GLOBAL, INC.",NetCashProvidedByUsedInOperatingActivitiesContinuingOperations,CFO_CONTINUING,USD,89800000.0,2020-07-01,2020-09-30,92,1,2021-11-03,10-Q,Q1,2022,CY2020Q3,0001609702-21-000078,2021-11-02T17:51:55.000Z,10-Q,2021-11-03,True
1609702,"CDK GLOBAL, INC.",NetCashProvidedByUsedInOperatingActivitiesContinuingOperations,CFO_CONTINUING,USD,147300000.0,2020-07-01,2020-12-31,184,2,2021-02-09,10-Q,Q2,2021,,0001609702-21-000005,2021-02-08T20:20:13.000Z,10-Q,2021-02-09,True
1609702,"CDK GLOBAL, INC.",NetCashProvidedByUsedInOperatingActivitiesContinuingOperations,CFO_CONTINUING,USD,147300000.0,2020-07-01,2020-12-31,184,2,2022-02-04,10-Q,Q2,2022,,0001609702-22-000011,2022-02-03T18:26:22.000Z,10-Q,2022-02-04,True
1609702,"CDK GLOBAL, INC.",NetCashProvidedByUsedInOperatingActivitiesContinuingOperations,CFO_CONTINUING,USD,253900000.0,2020-07-01,2021-03-31,274,3,2021-05-07,10-Q,Q3,2021,,0001609702-21-000038,2021-05-06T21:38:57.000Z,10-Q,2021-05-07,True
1609702,"CDK GLOBAL, INC.",NetCashProvidedByUsedInOperatingActivitiesContinuingOperations,CFO_CONTINUING,USD,253900000.0,2020-07-01,2021-03-31,274,3,2022-05-05,10-Q,Q3,2022,,0001609702-22-000036,2022-05-05T16:17:39.000Z,10-Q,2022-05-05,True
1609702,"CDK GLOBAL, INC.",NetCashProvidedByUsedInOperatingActivitiesContinuingOperations,CFO_CONTINUING,USD,341500000.0,2020-07-01,2021-06-30,365,4,2021-08-18,10-K,FY,2021,CY2021,0001609702-21-000058,2021-08-17T21:42:48.000Z,10-K,2021-08-18,True
1609702,"CDK GLOBAL, INC.",NetCashProvidedByUsedInOperatingActivitiesContinuingOperations,CFO_CONTINUING,USD,71000000.0,2021-07-01,2021-09-30,92,1,2021-11-03,10-Q,Q1,2022,CY2021Q3,0001609702-21-000078,2021-11-02T17:51:55.000Z,10-Q,2021-11-03,True
1609702,"CDK GLOBAL, INC.",NetCashProvidedByUsedInOperatingActivitiesContinuingOperations,CFO_CONTINUING,USD,176900000.0,2021-07-01,2021-12-31,184,2,2022-02-04,10-Q,Q2,2022,,0001609702-22-000011,2022-02-03T18:26:22.000Z,10-Q,2022-02-04,True
1609702,"CDK GLOBAL, INC.",NetCashProvidedByUsedInOperatingActivitiesContinuingOperations,CFO_CONTINUING,USD,324500000.0,2021-07-01,2022-03-31,274,3,2022-05-05,10-Q,Q3,2022,,0001609702-22-000036,2022-05-05T16:17:39.000Z,10-Q,2022-05-05,True
1609702,"CDK GLOBAL, INC.",CashProvidedByUsedInOperatingActivitiesDiscontinuedOperations,CFO_DISCONTINUED,USD,73000000.0,2016-07-01,2017-06-30,365,4,2019-08-14,10-K,FY,2019,CY2017,0001609702-19-000015,2019-08-13T18:56:38.000Z,10-K,2019-08-14,True
1609702,"CDK GLOBAL, INC.",CashProvidedByUsedInOperatingActivitiesDiscontinuedOperations,CFO_DISCONTINUED,USD,92500000.0,2017-07-01,2018-06-30,365,4,2019-08-14,10-K,FY,2019,,0001609702-19-000015,2019-08-13T18:56:38.000Z,10-K,2019-08-14,True
1609702,"CDK GLOBAL, INC.",CashProvidedByUsedInOperatingActivitiesDiscontinuedOperations,CFO_DISCONTINUED,USD,92500000.0,2017-07-01,2018-06-30,365,4,2020-08-06,10-K,FY,2020,CY2018,0001609702-20-000015,2020-08-06T16:50:25.000Z,10-K,2020-08-06,True
1609702,"CDK GLOBAL, INC.",CashProvidedByUsedInOperatingActivitiesDiscontinuedOperations,CFO_DISCONTINUED,USD,16400000.0,2018-07-01,2018-09-30,92,1,2019-11-06,10-Q,Q1,2020,CY2018Q3,0001609702-19-000020,2019-11-05T18:10:27.000Z,10-Q,2019-11-06,True
1609702,"CDK GLOBAL, INC.",CashProvidedByUsedInOperatingActivitiesDiscontinuedOperations,CFO_DISCONTINUED,USD,28200000.0,2018-07-01,2018-12-31,184,2,2020-02-05,10-Q,Q2,2020,,0001609702-20-000004,2020-02-04T18:29:33.000Z,10-Q,2020-02-05,True
1609702,"CDK GLOBAL, INC.",CashProvidedByUsedInOperatingActivitiesDiscontinuedOperations,CFO_DISCONTINUED,USD,25100000.0,2018-07-01,2019-03-31,274,3,2020-05-06,10-Q,Q3,2020,,0001609702-20-000010,2020-05-05T21:10:05.000Z,10-Q,2020-05-06,True
1609702,"CDK GLOBAL, INC.",CashProvidedByUsedInOperatingActivitiesDiscontinuedOperations,CFO_DISCONTINUED,USD,44600000.0,2018-07-01,2019-06-30,365,4,2019-08-14,10-K,FY,2019,,0001609702-19-000015,2019-08-13T18:56:38.000Z,10-K,2019-08-14,True
1609702,"CDK GLOBAL, INC.",CashProvidedByUsedInOperatingActivitiesDiscontinuedOperations,CFO_DISCONTINUED,USD,44600000.0,2018-07-01,2019-06-30,365,4,2020-08-06,10-K,FY,2020,,0001609702-20-000015,2020-08-06T16:50:25.000Z,10-K,2020-08-06,True
1609702,"CDK GLOBAL, INC.",CashProvidedByUsedInOperatingActivitiesDiscontinuedOperations,CFO_DISCONTINUED,USD,102100000.0,2018-07-01,2019-06-30,365,4,2021-08-18,10-K,FY,2021,CY2019,0001609702-21-000058,2021-08-17T21:42:48.000Z,10-K,2021-08-18,True
1609702,"CDK GLOBAL, INC.",CashProvidedByUsedInOperatingActivitiesDiscontinuedOperations,CFO_DISCONTINUED,USD,7800000.0,2019-07-01,2019-09-30,92,1,2019-11-06,10-Q,Q1,2020,,0001609702-19-000020,2019-11-05T18:10:27.000Z,10-Q,2019-11-06,True
1609702,"CDK GLOBAL, INC.",CashProvidedByUsedInOperatingActivitiesDiscontinuedOperations,CFO_DISCONTINUED,USD,7800000.0,2019-07-01,2019-09-30,92,1,2020-11-03,10-Q,Q1,2021,CY2019Q3,0001609702-20-000024,2020-11-02T20:11:11.000Z,10-Q,2020-11-03,True
1609702,"CDK GLOBAL, INC.",CashProvidedByUsedInOperatingActivitiesDiscontinuedOperations,CFO_DISCONTINUED,USD,26300000.0,2019-07-01,2019-12-31,184,2,2020-02-05,10-Q,Q2,2020,,0001609702-20-000004,2020-02-04T18:29:33.000Z,10-Q,2020-02-05,True
1609702,"CDK GLOBAL, INC.",CashProvidedByUsedInOperatingActivitiesDiscontinuedOperations,CFO_DISCONTINUED,USD,38500000.0,2019-07-01,2019-12-31,184,2,2021-02-09,10-Q,Q2,2021,,0001609702-21-000005,2021-02-08T20:20:13.000Z,10-Q,2021-02-09,True
1609702,"CDK GLOBAL, INC.",CashProvidedByUsedInOperatingActivitiesDiscontinuedOperations,CFO_DISCONTINUED,USD,37100000.0,2019-07-01,2020-03-31,275,3,2020-05-06,10-Q,Q3,2020,,0001609702-20-000010,2020-05-05T21:10:05.000Z,10-Q,2020-05-06,True
1609702,"CDK GLOBAL, INC.",CashProvidedByUsedInOperatingActivitiesDiscontinuedOperations,CFO_DISCONTINUED,USD,70900000.0,2019-07-01,2020-03-31,275,3,2021-05-07,10-Q,Q3,2021,,0001609702-21-000038,2021-05-06T21:38:57.000Z,10-Q,2021-05-07,True
1609702,"CDK GLOBAL, INC.",CashProvidedByUsedInOperatingActivitiesDiscontinuedOperations,CFO_DISCONTINUED,USD,4600000.0,2019-07-01,2020-06-30,366,4,2020-08-06,10-K,FY,2020,,0001609702-20-000015,2020-08-06T16:50:25.000Z,10-K,2020-08-06,True
1609702,"CDK GLOBAL, INC.",CashProvidedByUsedInOperatingActivitiesDiscontinuedOperations,CFO_DISCONTINUED,USD,47500000.0,2019-07-01,2020-06-30,366,4,2021-08-18,10-K,FY,2021,CY2020,0001609702-21-000058,2021-08-17T21:42:48.000Z,10-K,2021-08-18,True
1609702,"CDK GLOBAL, INC.",CashProvidedByUsedInOperatingActivitiesDiscontinuedOperations,CFO_DISCONTINUED,USD,0.0,2020-07-01,2020-09-30,92,1,2020-11-03,10-Q,Q1,2021,,0001609702-20-000024,2020-11-02T20:11:11.000Z,10-Q,2020-11-03,True
1609702,"CDK GLOBAL, INC.",CashProvidedByUsedInOperatingActivitiesDiscontinuedOperations,CFO_DISCONTINUED,USD,9900000.0,2020-07-01,2020-09-30,92,1,2021-11-03,10-Q,Q1,2022,CY2020Q3,0001609702-21-000078,2021-11-02T17:51:55.000Z,10-Q,2021-11-03,True
1609702,"CDK GLOBAL, INC.",CashProvidedByUsedInOperatingActivitiesDiscontinuedOperations,CFO_DISCONTINUED,USD,25900000.0,2020-07-01,2020-12-31,184,2,2021-02-09,10-Q,Q2,2021,,0001609702-21-000005,2021-02-08T20:20:13.000Z,10-Q,2021-02-09,True
1609702,"CDK GLOBAL, INC.",CashProvidedByUsedInOperatingActivitiesDiscontinuedOperations,CFO_DISCONTINUED,USD,25900000.0,2020-07-01,2020-12-31,184,2,2022-02-04,10-Q,Q2,2022,,0001609702-22-000011,2022-02-03T18:26:22.000Z,10-Q,2022-02-04,True
1609702,"CDK GLOBAL, INC.",CashProvidedByUsedInOperatingActivitiesDiscontinuedOperations,CFO_DISCONTINUED,USD,6900000.0,2020-07-01,2021-03-31,274,3,2021-05-07,10-Q,Q3,2021,,0001609702-21-000038,2021-05-06T21:38:57.000Z,10-Q,2021-05-07,True
1609702,"CDK GLOBAL, INC.",CashProvidedByUsedInOperatingActivitiesDiscontinuedOperations,CFO_DISCONTINUED,USD,6900000.0,2020-07-01,2021-03-31,274,3,2022-05-05,10-Q,Q3,2022,,0001609702-22-000036,2022-05-05T16:17:39.000Z,10-Q,2022-05-05,True
1609702,"CDK GLOBAL, INC.",CashProvidedByUsedInOperatingActivitiesDiscontinuedOperations,CFO_DISCONTINUED,USD,-124800000.0,2020-07-01,2021-06-30,365,4,2021-08-18,10-K,FY,2021,CY2021,0001609702-21-000058,2021-08-17T21:42:48.000Z,10-K,2021-08-18,True
1609702,"CDK GLOBAL, INC.",CashProvidedByUsedInOperatingActivitiesDiscontinuedOperations,CFO_DISCONTINUED,USD,500000.0,2021-07-01,2021-09-30,92,1,2021-11-03,10-Q,Q1,2022,CY2021Q3,0001609702-21-000078,2021-11-02T17:51:55.000Z,10-Q,2021-11-03,True
1609702,"CDK GLOBAL, INC.",CashProvidedByUsedInOperatingActivitiesDiscontinuedOperations,CFO_DISCONTINUED,USD,200000.0,2021-07-01,2021-12-31,184,2,2022-02-04,10-Q,Q2,2022,,0001609702-22-000011,2022-02-03T18:26:22.000Z,10-Q,2022-02-04,True
1609702,"CDK GLOBAL, INC.",CashProvidedByUsedInOperatingActivitiesDiscontinuedOperations,CFO_DISCONTINUED,USD,-2100000.0,2021-07-01,2022-03-31,274,3,2022-05-05,10-Q,Q3,2022,,0001609702-22-000036,2022-05-05T16:17:39.000Z,10-Q,2022-05-05,True
1644440,GCP Applied Technologies Inc.,NetCashProvidedByUsedInOperatingActivitiesContinuingOperations,CFO_CONTINUING,USD,-28000000.0,2017-01-01,2017-03-31,90,1,2017-05-09,10-Q,Q1,2017,,0001644440-17-000086,2017-05-09T17:24:42.000Z,10-Q,2017-05-09,True
1644440,GCP Applied Technologies Inc.,NetCashProvidedByUsedInOperatingActivitiesContinuingOperations,CFO_CONTINUING,USD,-28000000.0,2017-01-01,2017-03-31,90,1,2018-05-08,10-Q,Q1,2018,CY2017Q1,0001644440-18-000061,2018-05-08T16:24:10.000Z,10-Q,2018-05-08,True
1644440,GCP Applied Technologies Inc.,NetCashProvidedByUsedInOperatingActivitiesContinuingOperations,CFO_CONTINUING,USD,-24300000.0,2017-01-01,2017-06-30,181,2,2017-08-03,10-Q,Q2,2017,,0001644440-17-000110,2017-08-03T16:15:02.000Z,10-Q,2017-08-03,True
1644440,GCP Applied Technologies Inc.,NetCashProvidedByUsedInOperatingActivitiesContinuingOperations,CFO_CONTINUING,USD,-24300000.0,2017-01-01,2017-06-30,181,2,2018-08-08,10-Q,Q2,2018,,0001644440-18-000083,2018-08-08T16:19:00.000Z,10-Q,2018-08-08,True
1644440,GCP Applied Technologies Inc.,NetCashProvidedByUsedInOperatingActivitiesContinuingOperations,CFO_CONTINUING,USD,-11700000.0,2017-01-01,2017-09-30,273,3,2017-11-08,10-Q,Q3,2017,,0001644440-17-000127,2017-11-08T11:23:05.000Z,10-Q,2017-11-08,True
1644440,GCP Applied Technologies Inc.,NetCashProvidedByUsedInOperatingActivitiesContinuingOperations,CFO_CONTINUING,USD,-9100000.0,2017-01-01,2017-09-30,273,3,2018-11-06,10-Q,Q3,2018,,0001644440-18-000098,2018-11-06T16:26:08.000Z,10-Q,2018-11-06,True
1644440,GCP Applied Technologies Inc.,NetCashProvidedByUsedInOperatingActivitiesContinuingOperations,CFO_CONTINUING,USD,-5400000.0,2017-01-01,2017-12-31,365,4,2018-02-28,10-K,FY,2017,,0001644440-18-000030,2018-02-28T16:55:21.000Z,10-K,2018-02-28,True
1644440,GCP Applied Technologies Inc.,NetCashProvidedByUsedInOperatingActivitiesContinuingOperations,CFO_CONTINUING,USD,-1000000.0,2017-01-01,2017-12-31,365,4,2019-02-27,10-K,FY,2018,,0001644440-19-000051,2019-02-27T17:26:49.000Z,10-K,2019-02-27,True
1644440,GCP Applied Technologies Inc.,NetCashProvidedByUsedInOperatingActivitiesContinuingOperations,CFO_CONTINUING,USD,-1000000.0,2017-01-01,2017-12-31,365,4,2020-02-27,10-K,FY,2019,CY2017,0001644440-20-000019,2020-02-27T16:06:39.000Z,10-K,2020-02-27,True
1644440,GCP Applied Technologies Inc.,NetCashProvidedByUsedInOperatingActivitiesContinuingOperations,CFO_CONTINUING,USD,-8500000.0,2018-01-01,2018-03-31,90,1,2018-05-08,10-Q,Q1,2018,,0001644440-18-000061,2018-05-08T16:24:10.000Z,10-Q,2018-05-08,True
1644440,GCP Applied Technologies Inc.,NetCashProvidedByUsedInOperatingActivitiesContinuingOperations,CFO_CONTINUING,USD,-8500000.0,2018-01-01,2018-03-31,90,1,2019-05-08,10-Q,Q1,2019,CY2018Q1,0001644440-19-000106,2019-05-08T16:22:30.000Z,10-Q,2019-05-08,True
1644440,GCP Applied Technologies Inc.,NetCashProvidedByUsedInOperatingActivitiesContinuingOperations,CFO_CONTINUING,USD,-9600000.0,2018-01-01,2018-06-30,181,2,2018-08-08,10-Q,Q2,2018,,0001644440-18-000083,2018-08-08T16:19:00.000Z,10-Q,2018-08-08,True
1644440,GCP Applied Technologies Inc.,NetCashProvidedByUsedInOperatingActivitiesContinuingOperations,CFO_CONTINUING,USD,-9600000.0,2018-01-01,2018-06-30,181,2,2019-08-08,10-Q,Q2,2019,,0001644440-19-000115,2019-08-08T16:07:27.000Z,10-Q,2019-08-08,True
1644440,GCP Applied Technologies Inc.,NetCashProvidedByUsedInOperatingActivitiesContinuingOperations,CFO_CONTINUING,USD,29600000.0,2018-01-01,2018-09-30,273,3,2018-11-06,10-Q,Q3,2018,,0001644440-18-000098,2018-11-06T16:26:08.000Z,10-Q,2018-11-06,True
1644440,GCP Applied Technologies Inc.,NetCashProvidedByUsedInOperatingActivitiesContinuingOperations,CFO_CONTINUING,USD,29600000.0,2018-01-01,2018-09-30,273,3,2019-11-06,10-Q,Q3,2019,,0001644440-19-000121,2019-11-06T16:07:34.000Z,10-Q,2019-11-06,True
1644440,GCP Applied Technologies Inc.,NetCashProvidedByUsedInOperatingActivitiesContinuingOperations,CFO_CONTINUING,USD,75400000.0,2018-01-01,2018-12-31,365,4,2019-02-27,10-K,FY,2018,,0001644440-19-000051,2019-02-27T17:26:49.000Z,10-K,2019-02-27,True
1644440,GCP Applied Technologies Inc.,NetCashProvidedByUsedInOperatingActivitiesContinuingOperations,CFO_CONTINUING,USD,75400000.0,2018-01-01,2018-12-31,365,4,2020-02-27,10-K,FY,2019,,0001644440-20-000019,2020-02-27T16:06:39.000Z,10-K,2020-02-27,True
1644440,GCP Applied Technologies Inc.,NetCashProvidedByUsedInOperatingActivitiesContinuingOperations,CFO_CONTINUING,USD,75400000.0,2018-01-01,2018-12-31,365,4,2021-03-08,10-K,FY,2020,CY2018,0001644440-21-000023,2021-03-08T17:02:44.000Z,10-K,2021-03-08,True
1644440,GCP Applied Technologies Inc.,NetCashProvidedByUsedInOperatingActivitiesContinuingOperations,CFO_CONTINUING,USD,-5100000.0,2019-01-01,2019-03-31,90,1,2019-05-08,10-Q,Q1,2019,,0001644440-19-000106,2019-05-08T16:22:30.000Z,10-Q,2019-05-08,True
1644440,GCP Applied Technologies Inc.,NetCashProvidedByUsedInOperatingActivitiesContinuingOperations,CFO_CONTINUING,USD,-5100000.0,2019-01-01,2019-03-31,90,1,2020-05-07,10-Q,Q1,2020,CY2019Q1,0001644440-20-000042,2020-05-07T16:03:32.000Z,10-Q,2020-05-07,True
1644440,GCP Applied Technologies Inc.,NetCashProvidedByUsedInOperatingActivitiesContinuingOperations,CFO_CONTINUING,USD,-700000.0,2019-01-01,2019-06-30,181,2,2019-08-08,10-Q,Q2,2019,,0001644440-19-000115,2019-08-08T16:07:27.000Z,10-Q,2019-08-08,True
1644440,GCP Applied Technologies Inc.,NetCashProvidedByUsedInOperatingActivitiesContinuingOperations,CFO_CONTINUING,USD,-700000.0,2019-01-01,2019-06-30,181,2,2020-08-05,10-Q,Q2,2020,,0001644440-20-000086,2020-08-05T06:27:23.000Z,10-Q,2020-08-05,True
1644440,GCP Applied Technologies Inc.,NetCashProvidedByUsedInOperatingActivitiesContinuingOperations,CFO_CONTINUING,USD,46500000.0,2019-01-01,2019-09-30,273,3,2019-11-06,10-Q,Q3,2019,,0001644440-19-000121,2019-11-06T16:07:34.000Z,10-Q,2019-11-06,True
1644440,GCP Applied Technologies Inc.,NetCashProvidedByUsedInOperatingActivitiesContinuingOperations,CFO_CONTINUING,USD,46500000.0,2019-01-01,2019-09-30,273,3,2020-11-06,10-Q,Q3,2020,,0001644440-20-000103,2020-11-06T06:20:54.000Z,10-Q,2020-11-06,True
1644440,GCP Applied Technologies Inc.,NetCashProvidedByUsedInOperatingActivitiesContinuingOperations,CFO_CONTINUING,USD,78000000.0,2019-01-01,2019-12-31,365,4,2020-02-27,10-K,FY,2019,,0001644440-20-000019,2020-02-27T16:06:39.000Z,10-K,2020-02-27,True
1644440,GCP Applied Technologies Inc.,NetCashProvidedByUsedInOperatingActivitiesContinuingOperations,CFO_CONTINUING,USD,77700000.0,2019-01-01,2019-12-31,365,4,2021-03-08,10-K,FY,2020,,0001644440-21-000023,2021-03-08T17:02:44.000Z,10-K,2021-03-08,True
1644440,GCP Applied Technologies Inc.,NetCashProvidedByUsedInOperatingActivitiesContinuingOperations,CFO_CONTINUING,USD,77700000.0,2019-01-01,2019-12-31,365,4,2022-03-01,10-K,FY,2021,CY2019,0001644440-22-000004,2022-03-01T16:10:36.000Z,10-K,2022-03-01,True
1644440,GCP Applied Technologies Inc.,NetCashProvidedByUsedInOperatingActivitiesContinuingOperations,CFO_CONTINUING,USD,14000000.0,2020-01-01,2020-03-31,91,1,2020-05-07,10-Q,Q1,2020,,0001644440-20-000042,2020-05-07T16:03:32.000Z,10-Q,2020-05-07,True
1644440,GCP Applied Technologies Inc.,NetCashProvidedByUsedInOperatingActivitiesContinuingOperations,CFO_CONTINUING,USD,14300000.0,2020-01-01,2020-03-31,91,1,2021-05-06,10-Q,Q1,2021,CY2020Q1,0001644440-21-000046,2021-05-06T06:07:04.000Z,10-Q,2021-05-06,True
1644440,GCP Applied Technologies Inc.,NetCashProvidedByUsedInOperatingActivitiesContinuingOperations,CFO_CONTINUING,USD,19900000.0,2020-01-01,2020-06-30,182,2,2020-08-05,10-Q,Q2,2020,,0001644440-20-000086,2020-08-05T06:27:23.000Z,10-Q,2020-08-05,True
1644440,GCP Applied Technologies Inc.,NetCashProvidedByUsedInOperatingActivitiesContinuingOperations,CFO_CONTINUING,USD,19900000.0,2020-01-01,2020-06-30,182,2,2021-08-05,10-Q,Q2,2021,,0001644440-21-000072,2021-08-05T06:08:24.000Z,10-Q,2021-08-05,True
1644440,GCP Applied Technologies Inc.,NetCashProvidedByUsedInOperatingActivitiesContinuingOperations,CFO_CONTINUING,USD,59300000.0,2020-01-01,2020-09-30,274,3,2020-11-06,10-Q,Q3,2020,,0001644440-20-000103,2020-11-06T06:20:54.000Z,10-Q,2020-11-06,True
1644440,GCP Applied Technologies Inc.,NetCashProvidedByUsedInOperatingActivitiesContinuingOperations,CFO_CONTINUING,USD,59300000.0,2020-01-01,2020-09-30,274,3,2021-11-05,10-Q,Q3,2021,,0001644440-21-000086,2021-11-05T12:52:04.000Z,10-Q,2021-11-05,True
1644440,GCP Applied Technologies Inc.,NetCashProvidedByUsedInOperatingActivitiesContinuingOperations,CFO_CONTINUING,USD,73300000.0,2020-01-01,2020-12-31,366,4,2021-03-08,10-K,FY,2020,,0001644440-21-000023,2021-03-08T17:02:44.000Z,10-K,2021-03-08,True
1644440,GCP Applied Technologies Inc.,NetCashProvidedByUsedInOperatingActivitiesContinuingOperations,CFO_CONTINUING,USD,73300000.0,2020-01-01,2020-12-31,366,4,2022-03-01,10-K,FY,2021,CY2020,0001644440-22-000004,2022-03-01T16:10:36.000Z,10-K,2022-03-01,True
1644440,GCP Applied Technologies Inc.,NetCashProvidedByUsedInOperatingActivitiesContinuingOperations,CFO_CONTINUING,USD,700000.0,2021-01-01,2021-03-31,90,1,2021-05-06,10-Q,Q1,2021,CY2021Q1,0001644440-21-000046,2021-05-06T06:07:04.000Z,10-Q,2021-05-06,True
1644440,GCP Applied Technologies Inc.,NetCashProvidedByUsedInOperatingActivitiesContinuingOperations,CFO_CONTINUING,USD,21000000.0,2021-01-01,2021-06-30,181,2,2021-08-05,10-Q,Q2,2021,,0001644440-21-000072,2021-08-05T06:08:24.000Z,10-Q,2021-08-05,True
1644440,GCP Applied Technologies Inc.,NetCashProvidedByUsedInOperatingActivitiesContinuingOperations,CFO_CONTINUING,USD,21000000.0,2021-01-01,2021-06-30,181,2,2022-08-05,10-Q,Q2,2022,,0001644440-22-000026,2022-08-04T17:44:38.000Z,10-Q,2022-08-05,True
1644440,GCP Applied Technologies Inc.,NetCashProvidedByUsedInOperatingActivitiesContinuingOperations,CFO_CONTINUING,USD,25800000.0,2021-01-01,2021-09-30,273,3,2021-11-05,10-Q,Q3,2021,,0001644440-21-000086,2021-11-05T12:52:04.000Z,10-Q,2021-11-05,True
1644440,GCP Applied Technologies Inc.,NetCashProvidedByUsedInOperatingActivitiesContinuingOperations,CFO_CONTINUING,USD,49400000.0,2021-01-01,2021-12-31,365,4,2022-03-01,10-K,FY,2021,CY2021,0001644440-22-000004,2022-03-01T16:10:36.000Z,10-K,2022-03-01,True
1644440,GCP Applied Technologies Inc.,NetCashProvidedByUsedInOperatingActivitiesContinuingOperations,CFO_CONTINUING,USD,-9200000.0,2022-01-01,2022-06-30,181,2,2022-08-05,10-Q,Q2,2022,,0001644440-22-000026,2022-08-04T17:44:38.000Z,10-Q,2022-08-05,True
1644440,GCP Applied Technologies Inc.,CashProvidedByUsedInOperatingActivitiesDiscontinuedOperations,CFO_DISCONTINUED,USD,14300000.0,2017-01-01,2017-03-31,90,1,2017-05-09,10-Q,Q1,2017,,0001644440-17-000086,2017-05-09T17:24:42.000Z,10-Q,2017-05-09,True
1644440,GCP Applied Technologies Inc.,CashProvidedByUsedInOperatingActivitiesDiscontinuedOperations,CFO_DISCONTINUED,USD,14300000.0,2017-01-01,2017-03-31,90,1,2018-05-08,10-Q,Q1,2018,CY2017Q1,0001644440-18-000061,2018-05-08T16:24:10.000Z,10-Q,2018-05-08,True
1644440,GCP Applied Technologies Inc.,CashProvidedByUsedInOperatingActivitiesDiscontinuedOperations,CFO_DISCONTINUED,USD,8400000.0,2017-01-01,2017-06-30,181,2,2017-08-03,10-Q,Q2,2017,,0001644440-17-000110,2017-08-03T16:15:02.000Z,10-Q,2017-08-03,True
1644440,GCP Applied Technologies Inc.,CashProvidedByUsedInOperatingActivitiesDiscontinuedOperations,CFO_DISCONTINUED,USD,8400000.0,2017-01-01,2017-06-30,181,2,2018-08-08,10-Q,Q2,2018,,0001644440-18-000083,2018-08-08T16:19:00.000Z,10-Q,2018-08-08,True
1644440,GCP Applied Technologies Inc.,CashProvidedByUsedInOperatingActivitiesDiscontinuedOperations,CFO_DISCONTINUED,USD,-15300000.0,2017-01-01,2017-09-30,273,3,2017-11-08,10-Q,Q3,2017,,0001644440-17-000127,2017-11-08T11:23:05.000Z,10-Q,2017-11-08,True
1644440,GCP Applied Technologies Inc.,CashProvidedByUsedInOperatingActivitiesDiscontinuedOperations,CFO_DISCONTINUED,USD,-15300000.0,2017-01-01,2017-09-30,273,3,2018-11-06,10-Q,Q3,2018,,0001644440-18-000098,2018-11-06T16:26:08.000Z,10-Q,2018-11-06,True
1644440,GCP Applied Technologies Inc.,CashProvidedByUsedInOperatingActivitiesDiscontinuedOperations,CFO_DISCONTINUED,USD,-34100000.0,2017-01-01,2017-12-31,365,4,2018-02-28,10-K,FY,2017,,0001644440-18-000030,2018-02-28T16:55:21.000Z,10-K,2018-02-28,True
1644440,GCP Applied Technologies Inc.,CashProvidedByUsedInOperatingActivitiesDiscontinuedOperations,CFO_DISCONTINUED,USD,-34100000.0,2017-01-01,2017-12-31,365,4,2019-02-27,10-K,FY,2018,,0001644440-19-000051,2019-02-27T17:26:49.000Z,10-K,2019-02-27,True
1644440,GCP Applied Technologies Inc.,CashProvidedByUsedInOperatingActivitiesDiscontinuedOperations,CFO_DISCONTINUED,USD,-34100000.0,2017-01-01,2017-12-31,365,4,2020-02-27,10-K,FY,2019,CY2017,0001644440-20-000019,2020-02-27T16:06:39.000Z,10-K,2020-02-27,True
1644440,GCP Applied Technologies Inc.,CashProvidedByUsedInOperatingActivitiesDiscontinuedOperations,CFO_DISCONTINUED,USD,-109400000.0,2018-01-01,2018-03-31,90,1,2018-05-08,10-Q,Q1,2018,,0001644440-18-000061,2018-05-08T16:24:10.000Z,10-Q,2018-05-08,True
1644440,GCP Applied Technologies Inc.,CashProvidedByUsedInOperatingActivitiesDiscontinuedOperations,CFO_DISCONTINUED,USD,-109400000.0,2018-01-01,2018-03-31,90,1,2019-05-08,10-Q,Q1,2019,CY2018Q1,0001644440-19-000106,2019-05-08T16:22:30.000Z,10-Q,2019-05-08,True
1644440,GCP Applied Technologies Inc.,CashProvidedByUsedInOperatingActivitiesDiscontinuedOperations,CFO_DISCONTINUED,USD,-124900000.0,2018-01-01,2018-06-30,181,2,2018-08-08,10-Q,Q2,2018,,0001644440-18-000083,2018-08-08T16:19:00.000Z,10-Q,2018-08-08,True
1644440,GCP Applied Technologies Inc.,CashProvidedByUsedInOperatingActivitiesDiscontinuedOperations,CFO_DISCONTINUED,USD,-124900000.0,2018-01-01,2018-06-30,181,2,2019-08-08,10-Q,Q2,2019,,0001644440-19-000115,2019-08-08T16:07:27.000Z,10-Q,2019-08-08,True
1644440,GCP Applied Technologies Inc.,CashProvidedByUsedInOperatingActivitiesDiscontinuedOperations,CFO_DISCONTINUED,USD,-130400000.0,2018-01-01,2018-09-30,273,3,2018-11-06,10-Q,Q3,2018,,0001644440-18-000098,2018-11-06T16:26:08.000Z,10-Q,2018-11-06,True
1644440,GCP Applied Technologies Inc.,CashProvidedByUsedInOperatingActivitiesDiscontinuedOperations,CFO_DISCONTINUED,USD,-130400000.0,2018-01-01,2018-09-30,273,3,2019-11-06,10-Q,Q3,2019,,0001644440-19-000121,2019-11-06T16:07:34.000Z,10-Q,2019-11-06,True
1644440,GCP Applied Technologies Inc.,CashProvidedByUsedInOperatingActivitiesDiscontinuedOperations,CFO_DISCONTINUED,USD,-133000000.0,2018-01-01,2018-12-31,365,4,2019-02-27,10-K,FY,2018,,0001644440-19-000051,2019-02-27T17:26:49.000Z,10-K,2019-02-27,True
1644440,GCP Applied Technologies Inc.,CashProvidedByUsedInOperatingActivitiesDiscontinuedOperations,CFO_DISCONTINUED,USD,-133000000.0,2018-01-01,2018-12-31,365,4,2020-02-27,10-K,FY,2019,,0001644440-20-000019,2020-02-27T16:06:39.000Z,10-K,2020-02-27,True
1644440,GCP Applied Technologies Inc.,CashProvidedByUsedInOperatingActivitiesDiscontinuedOperations,CFO_DISCONTINUED,USD,-133000000.0,2018-01-01,2018-12-31,365,4,2021-03-08,10-K,FY,2020,CY2018,0001644440-21-000023,2021-03-08T17:02:44.000Z,10-K,2021-03-08,True
1644440,GCP Applied Technologies Inc.,CashProvidedByUsedInOperatingActivitiesDiscontinuedOperations,CFO_DISCONTINUED,USD,-9600000.0,2019-01-01,2019-03-31,90,1,2019-05-08,10-Q,Q1,2019,,0001644440-19-000106,2019-05-08T16:22:30.000Z,10-Q,2019-05-08,True
1644440,GCP Applied Technologies Inc.,CashProvidedByUsedInOperatingActivitiesDiscontinuedOperations,CFO_DISCONTINUED,USD,-9600000.0,2019-01-01,2019-03-31,90,1,2020-05-07,10-Q,Q1,2020,CY2019Q1,0001644440-20-000042,2020-05-07T16:03:32.000Z,10-Q,2020-05-07,True
1644440,GCP Applied Technologies Inc.,CashProvidedByUsedInOperatingActivitiesDiscontinuedOperations,CFO_DISCONTINUED,USD,-12400000.0,2019-01-01,2019-06-30,181,2,2019-08-08,10-Q,Q2,2019,,0001644440-19-000115,2019-08-08T16:07:27.000Z,10-Q,2019-08-08,True
1644440,GCP Applied Technologies Inc.,CashProvidedByUsedInOperatingActivitiesDiscontinuedOperations,CFO_DISCONTINUED,USD,-12400000.0,2019-01-01,2019-06-30,181,2,2020-08-05,10-Q,Q2,2020,,0001644440-20-000086,2020-08-05T06:27:23.000Z,10-Q,2020-08-05,True
1644440,GCP Applied Technologies Inc.,CashProvidedByUsedInOperatingActivitiesDiscontinuedOperations,CFO_DISCONTINUED,USD,-13000000.0,2019-01-01,2019-09-30,273,3,2019-11-06,10-Q,Q3,2019,,0001644440-19-000121,2019-11-06T16:07:34.000Z,10-Q,2019-11-06,True
1644440,GCP Applied Technologies Inc.,CashProvidedByUsedInOperatingActivitiesDiscontinuedOperations,CFO_DISCONTINUED,USD,-13000000.0,2019-01-01,2019-09-30,273,3,2020-11-06,10-Q,Q3,2020,,0001644440-20-000103,2020-11-06T06:20:54.000Z,10-Q,2020-11-06,True
1644440,GCP Applied Technologies Inc.,CashProvidedByUsedInOperatingActivitiesDiscontinuedOperations,CFO_DISCONTINUED,USD,-13700000.0,2019-01-01,2019-12-31,365,4,2020-02-27,10-K,FY,2019,,0001644440-20-000019,2020-02-27T16:06:39.000Z,10-K,2020-02-27,True
1644440,GCP Applied Technologies Inc.,CashProvidedByUsedInOperatingActivitiesDiscontinuedOperations,CFO_DISCONTINUED,USD,-13700000.0,2019-01-01,2019-12-31,365,4,2021-03-08,10-K,FY,2020,,0001644440-21-000023,2021-03-08T17:02:44.000Z,10-K,2021-03-08,True
1644440,GCP Applied Technologies Inc.,CashProvidedByUsedInOperatingActivitiesDiscontinuedOperations,CFO_DISCONTINUED,USD,-13700000.0,2019-01-01,2019-12-31,365,4,2022-03-01,10-K,FY,2021,CY2019,0001644440-22-000004,2022-03-01T16:10:36.000Z,10-K,2022-03-01,True
1644440,GCP Applied Technologies Inc.,CashProvidedByUsedInOperatingActivitiesDiscontinuedOperations,CFO_DISCONTINUED,USD,-900000.0,2020-01-01,2020-03-31,91,1,2020-05-07,10-Q,Q1,2020,,0001644440-20-000042,2020-05-07T16:03:32.000Z,10-Q,2020-05-07,True
1644440,GCP Applied Technologies Inc.,CashProvidedByUsedInOperatingActivitiesDiscontinuedOperations,CFO_DISCONTINUED,USD,-900000.0,2020-01-01,2020-03-31,91,1,2021-05-06,10-Q,Q1,2021,CY2020Q1,0001644440-21-000046,2021-05-06T06:07:04.000Z,10-Q,2021-05-06,True
1644440,GCP Applied Technologies Inc.,CashProvidedByUsedInOperatingActivitiesDiscontinuedOperations,CFO_DISCONTINUED,USD,-2300000.0,2020-01-01,2020-06-30,182,2,2020-08-05,10-Q,Q2,2020,,0001644440-20-000086,2020-08-05T06:27:23.000Z,10-Q,2020-08-05,True
1644440,GCP Applied Technologies Inc.,CashProvidedByUsedInOperatingActivitiesDiscontinuedOperations,CFO_DISCONTINUED,USD,-2300000.0,2020-01-01,2020-06-30,182,2,2021-08-05,10-Q,Q2,2021,,0001644440-21-000072,2021-08-05T06:08:24.000Z,10-Q,2021-08-05,True
1644440,GCP Applied Technologies Inc.,CashProvidedByUsedInOperatingActivitiesDiscontinuedOperations,CFO_DISCONTINUED,USD,-2500000.0,2020-01-01,2020-09-30,274,3,2020-11-06,10-Q,Q3,2020,,0001644440-20-000103,2020-11-06T06:20:54.000Z,10-Q,2020-11-06,True
1644440,GCP Applied Technologies Inc.,CashProvidedByUsedInOperatingActivitiesDiscontinuedOperations,CFO_DISCONTINUED,USD,-2500000.0,2020-01-01,2020-09-30,274,3,2021-11-05,10-Q,Q3,2021,,0001644440-21-000086,2021-11-05T12:52:04.000Z,10-Q,2021-11-05,True
1644440,GCP Applied Technologies Inc.,CashProvidedByUsedInOperatingActivitiesDiscontinuedOperations,CFO_DISCONTINUED,USD,-2700000.0,2020-01-01,2020-12-31,366,4,2021-03-08,10-K,FY,2020,,0001644440-21-000023,2021-03-08T17:02:44.000Z,10-K,2021-03-08,True
1644440,GCP Applied Technologies Inc.,CashProvidedByUsedInOperatingActivitiesDiscontinuedOperations,CFO_DISCONTINUED,USD,-2700000.0,2020-01-01,2020-12-31,366,4,2022-03-01,10-K,FY,2021,CY2020,0001644440-22-000004,2022-03-01T16:10:36.000Z,10-K,2022-03-01,True
1644440,GCP Applied Technologies Inc.,CashProvidedByUsedInOperatingActivitiesDiscontinuedOperations,CFO_DISCONTINUED,USD,0.0,2021-01-01,2021-03-31,90,1,2021-05-06,10-Q,Q1,2021,CY2021Q1,0001644440-21-000046,2021-05-06T06:07:04.000Z,10-Q,2021-05-06,True
1644440,GCP Applied Technologies Inc.,CashProvidedByUsedInOperatingActivitiesDiscontinuedOperations,CFO_DISCONTINUED,USD,-200000.0,2021-01-01,2021-06-30,181,2,2021-08-05,10-Q,Q2,2021,,0001644440-21-000072,2021-08-05T06:08:24.000Z,10-Q,2021-08-05,True
1644440,GCP Applied Technologies Inc.,CashProvidedByUsedInOperatingActivitiesDiscontinuedOperations,CFO_DISCONTINUED,USD,-200000.0,2021-01-01,2021-06-30,181,2,2022-08-05,10-Q,Q2,2022,,0001644440-22-000026,2022-08-04T17:44:38.000Z,10-Q,2022-08-05,True
1644440,GCP Applied Technologies Inc.,CashProvidedByUsedInOperatingActivitiesDiscontinuedOperations,CFO_DISCONTINUED,USD,-300000.0,2021-01-01,2021-09-30,273,3,2021-11-05,10-Q,Q3,2021,,0001644440-21-000086,2021-11-05T12:52:04.000Z,10-Q,2021-11-05,True
1644440,GCP Applied Technologies Inc.,CashProvidedByUsedInOperatingActivitiesDiscontinuedOperations,CFO_DISCONTINUED,USD,-300000.0,2021-01-01,2021-12-31,365,4,2022-03-01,10-K,FY,2021,CY2021,0001644440-22-000004,2022-03-01T16:10:36.000Z,10-K,2022-03-01,True
1644440,GCP Applied Technologies Inc.,CashProvidedByUsedInOperatingActivitiesDiscontinuedOperations,CFO_DISCONTINUED,USD,-2600000.0,2022-01-01,2022-06-30,181,2,2022-08-05,10-Q,Q2,2022,,0001644440-22-000026,2022-08-04T17:44:38.000Z,10-Q,2022-08-05,True
1645070,Sterling Check Corp.,WeightedAverageNumberDilutedSharesOutstandingAdjustment,DILUTED_SHARES_ADJUSTMENT,shares,0.0,2019-01-01,2019-12-31,365,4,2022-03-16,10-K,FY,2021,CY2019,0001645070-22-000016,2022-03-16T17:10:34.000Z,10-K,2022-03-16,True
1645070,Sterling Check Corp.,WeightedAverageNumberDilutedSharesOutstandingAdjustment,DILUTED_SHARES_ADJUSTMENT,shares,0.0,2020-01-01,2020-12-31,366,4,2022-03-16,10-K,FY,2021,,0001645070-22-000016,2022-03-16T17:10:34.000Z,10-K,2022-03-16,True
1645070,Sterling Check Corp.,WeightedAverageNumberDilutedSharesOutstandingAdjustment,DILUTED_SHARES_ADJUSTMENT,shares,3562996.0,2021-01-01,2021-03-31,90,1,2022-05-10,10-Q,Q1,2022,CY2021Q1,0001645070-22-000031,2022-05-10T16:09:18.000Z,10-Q,2022-05-10,True
1645070,Sterling Check Corp.,WeightedAverageNumberDilutedSharesOutstandingAdjustment,DILUTED_SHARES_ADJUSTMENT,shares,85058.0,2021-01-01,2021-06-30,181,2,2022-08-09,10-Q,Q2,2022,,0001645070-22-000046,2022-08-09T16:06:06.000Z,10-Q,2022-08-09,True
1645070,Sterling Check Corp.,WeightedAverageNumberDilutedSharesOutstandingAdjustment,DILUTED_SHARES_ADJUSTMENT,shares,86256.0,2021-04-01,2021-06-30,91,1,2022-08-09,10-Q,Q2,2022,CY2021Q2,0001645070-22-000046,2022-08-09T16:06:06.000Z,10-Q,2022-08-09,True
1645070,Sterling Check Corp.,WeightedAverageNumberDilutedSharesOutstandingAdjustment,DILUTED_SHARES_ADJUSTMENT,shares,0.0,2021-01-01,2021-09-30,273,3,2022-11-09,10-Q,Q3,2022,,0001645070-22-000054,2022-11-09T16:04:29.000Z,10-Q,2022-11-09,True
1645070,Sterling Check Corp.,WeightedAverageNumberDilutedSharesOutstandingAdjustment,DILUTED_SHARES_ADJUSTMENT,shares,0.0,2021-07-01,2021-09-30,92,1,2022-11-09,10-Q,Q3,2022,CY2021Q3,0001645070-22-000054,2022-11-09T16:04:29.000Z,10-Q,2022-11-09,True
1645070,Sterling Check Corp.,WeightedAverageNumberDilutedSharesOutstandingAdjustment,DILUTED_SHARES_ADJUSTMENT,shares,0.0,2021-01-01,2021-12-31,365,4,2022-03-16,10-K,FY,2021,,0001645070-22-000016,2022-03-16T17:10:34.000Z,10-K,2022-03-16,True
1645070,Sterling Check Corp.,WeightedAverageNumberDilutedSharesOutstandingAdjustment,DILUTED_SHARES_ADJUSTMENT,shares,5218637.0,2022-01-01,2022-03-31,90,1,2022-05-10,10-Q,Q1,2022,,0001645070-22-000031,2022-05-10T16:09:18.000Z,10-Q,2022-05-10,True
1645070,Sterling Check Corp.,WeightedAverageNumberDilutedSharesOutstandingAdjustment,DILUTED_SHARES_ADJUSTMENT,shares,5269115.0,2022-01-01,2022-06-30,181,2,2022-08-09,10-Q,Q2,2022,,0001645070-22-000046,2022-08-09T16:06:06.000Z,10-Q,2022-08-09,True
1645070,Sterling Check Corp.,WeightedAverageNumberDilutedSharesOutstandingAdjustment,DILUTED_SHARES_ADJUSTMENT,shares,5319593.0,2022-04-01,2022-06-30,91,1,2022-08-09,10-Q,Q2,2022,,0001645070-22-000046,2022-08-09T16:06:06.000Z,10-Q,2022-08-09,True
1645070,Sterling Check Corp.,WeightedAverageNumberDilutedSharesOutstandingAdjustment,DILUTED_SHARES_ADJUSTMENT,shares,5174020.0,2022-01-01,2022-09-30,273,3,2022-11-09,10-Q,Q3,2022,,0001645070-22-000054,2022-11-09T16:04:29.000Z,10-Q,2022-11-09,True
1645070,Sterling Check Corp.,WeightedAverageNumberDilutedSharesOutstandingAdjustment,DILUTED_SHARES_ADJUSTMENT,shares,4983831.0,2022-07-01,2022-09-30,92,1,2022-11-09,10-Q,Q3,2022,,0001645070-22-000054,2022-11-09T16:04:29.000Z,10-Q,2022-11-09,True
1645666,"Kezar Life Sciences, Inc.",WeightedAverageNumberOfShareOutstandingBasicAndDiluted,SHARES_BASIC_DILUTED_COMBINED,shares,539419.0,2017-01-01,2017-06-30,181,2,2018-08-09,10-Q,Q2,2018,,0001564590-18-021052,2018-08-09T20:11:57.000Z,10-Q,2018-08-09,True
1645666,"Kezar Life Sciences, Inc.",WeightedAverageNumberOfShareOutstandingBasicAndDiluted,SHARES_BASIC_DILUTED_COMBINED,shares,569364.0,2017-04-01,2017-06-30,91,1,2018-08-09,10-Q,Q2,2018,CY2017Q2,0001564590-18-021052,2018-08-09T20:11:57.000Z,10-Q,2018-08-09,True
1645666,"Kezar Life Sciences, Inc.",WeightedAverageNumberOfShareOutstandingBasicAndDiluted,SHARES_BASIC_DILUTED_COMBINED,shares,569417.0,2017-01-01,2017-09-30,273,3,2018-11-08,10-Q,Q3,2018,,0001564590-18-028296,2018-11-08T13:07:39.000Z,10-Q,2018-11-08,True
1645666,"Kezar Life Sciences, Inc.",WeightedAverageNumberOfShareOutstandingBasicAndDiluted,SHARES_BASIC_DILUTED_COMBINED,shares,628435.0,2017-07-01,2017-09-30,92,1,2018-11-08,10-Q,Q3,2018,CY2017Q3,0001564590-18-028296,2018-11-08T13:07:39.000Z,10-Q,2018-11-08,True
1645666,"Kezar Life Sciences, Inc.",WeightedAverageNumberOfShareOutstandingBasicAndDiluted,SHARES_BASIC_DILUTED_COMBINED,shares,599291.0,2017-01-01,2017-12-31,365,4,2019-03-26,10-K,FY,2018,,0001564590-19-009369,2019-03-26T21:01:30.000Z,10-K,2019-03-26,True
1645666,"Kezar Life Sciences, Inc.",WeightedAverageNumberOfShareOutstandingBasicAndDiluted,SHARES_BASIC_DILUTED_COMBINED,shares,599291.0,2017-01-01,2017-12-31,365,4,2020-03-12,10-K,FY,2019,CY2017,0001564590-20-010498,2020-03-12T20:34:49.000Z,10-K,2020-03-12,True
1645666,"Kezar Life Sciences, Inc.",WeightedAverageNumberOfShareOutstandingBasicAndDiluted,SHARES_BASIC_DILUTED_COMBINED,shares,757399.0,2018-01-01,2018-03-31,90,1,2019-05-07,10-Q,Q1,2019,CY2018Q1,0001564590-19-016498,2019-05-07T20:09:55.000Z,10-Q,2019-05-07,True
1645666,"Kezar Life Sciences, Inc.",WeightedAverageNumberOfShareOutstandingBasicAndDiluted,SHARES_BASIC_DILUTED_COMBINED,shares,1404392.0,2018-01-01,2018-06-30,181,2,2018-08-09,10-Q,Q2,2018,,0001564590-18-021052,2018-08-09T20:11:57.000Z,10-Q,2018-08-09,True
1645666,"Kezar Life Sciences, Inc.",WeightedAverageNumberOfShareOutstandingBasicAndDiluted,SHARES_BASIC_DILUTED_COMBINED,shares,2044027.0,2018-04-01,2018-06-30,91,1,2018-08-09,10-Q,Q2,2018,,0001564590-18-021052,2018-08-09T20:11:57.000Z,10-Q,2018-08-09,True
1645666,"Kezar Life Sciences, Inc.",WeightedAverageNumberOfShareOutstandingBasicAndDiluted,SHARES_BASIC_DILUTED_COMBINED,shares,1404392.0,2018-01-01,2018-06-30,181,2,2019-08-07,10-Q,Q2,2019,,0001564590-19-030063,2019-08-07T20:11:20.000Z,10-Q,2019-08-07,True
1645666,"Kezar Life Sciences, Inc.",WeightedAverageNumberOfShareOutstandingBasicAndDiluted,SHARES_BASIC_DILUTED_COMBINED,shares,2044027.0,2018-04-01,2018-06-30,91,1,2019-08-07,10-Q,Q2,2019,CY2018Q2,0001564590-19-030063,2019-08-07T20:11:20.000Z,10-Q,2019-08-07,True
1645666,"Kezar Life Sciences, Inc.",WeightedAverageNumberOfShareOutstandingBasicAndDiluted,SHARES_BASIC_DILUTED_COMBINED,shares,7319012.0,2018-01-01,2018-09-30,273,3,2018-11-08,10-Q,Q3,2018,,0001564590-18-028296,2018-11-08T13:07:39.000Z,10-Q,2018-11-08,True
1645666,"Kezar Life Sciences, Inc.",WeightedAverageNumberOfShareOutstandingBasicAndDiluted,SHARES_BASIC_DILUTED_COMBINED,shares,18955384.0,2018-07-01,2018-09-30,92,1,2018-11-08,10-Q,Q3,2018,,0001564590-18-028296,2018-11-08T13:07:39.000Z,10-Q,2018-11-08,True
1645666,"Kezar Life Sciences, Inc.",WeightedAverageNumberOfShareOutstandingBasicAndDiluted,SHARES_BASIC_DILUTED_COMBINED,shares,7319012.0,2018-01-01,2018-09-30,273,3,2019-11-07,10-Q,Q3,2019,,0001564590-19-041391,2019-11-07T14:01:26.000Z,10-Q,2019-11-07,True
1645666,"Kezar Life Sciences, Inc.",WeightedAverageNumberOfShareOutstandingBasicAndDiluted,SHARES_BASIC_DILUTED_COMBINED,shares,18955384.0,2018-07-01,2018-09-30,92,1,2019-11-07,10-Q,Q3,2019,CY2018Q3,0001564590-19-041391,2019-11-07T14:01:26.000Z,10-Q,2019-11-07,True
1645666,"Kezar Life Sciences, Inc.",WeightedAverageNumberOfShareOutstandingBasicAndDiluted,SHARES_BASIC_DILUTED_COMBINED,shares,10264584.0,2018-01-01,2018-12-31,365,4,2019-03-26,10-K,FY,2018,,0001564590-19-009369,2019-03-26T21:01:30.000Z,10-K,2019-03-26,True
1645666,"Kezar Life Sciences, Inc.",WeightedAverageNumberOfShareOutstandingBasicAndDiluted,SHARES_BASIC_DILUTED_COMBINED,shares,10264584.0,2018-01-01,2018-12-31,365,4,2020-03-12,10-K,FY,2019,,0001564590-20-010498,2020-03-12T20:34:49.000Z,10-K,2020-03-12,True
1645666,"Kezar Life Sciences, Inc.",WeightedAverageNumberOfShareOutstandingBasicAndDiluted,SHARES_BASIC_DILUTED_COMBINED,shares,10264584.0,2018-01-01,2018-12-31,365,4,2021-03-11,10-K,FY,2020,CY2018,0001564590-21-012525,2021-03-11T21:18:16.000Z,10-K,2021-03-11,True
1645666,"Kezar Life Sciences, Inc.",WeightedAverageNumberOfShareOutstandingBasicAndDiluted,SHARES_BASIC_DILUTED_COMBINED,shares,19042524.0,2019-01-01,2019-03-31,90,1,2019-05-07,10-Q,Q1,2019,,0001564590-19-016498,2019-05-07T20:09:55.000Z,10-Q,2019-05-07,True
1645666,"Kezar Life Sciences, Inc.",WeightedAverageNumberOfShareOutstandingBasicAndDiluted,SHARES_BASIC_DILUTED_COMBINED,shares,19042524.0,2019-01-01,2019-03-31,90,1,2020-05-07,10-Q,Q1,2020,CY2019Q1,0001564590-20-022864,2020-05-07T20:14:32.000Z,10-Q,2020-05-07,True
1645666,"Kezar Life Sciences, Inc.",WeightedAverageNumberOfShareOutstandingBasicAndDiluted,SHARES_BASIC_DILUTED_COMBINED,shares,19058263.0,2019-01-01,2019-06-30,181,2,2019-08-07,10-Q,Q2,2019,,0001564590-19-030063,2019-08-07T20:11:20.000Z,10-Q,2019-08-07,True
1645666,"Kezar Life Sciences, Inc.",WeightedAverageNumberOfShareOutstandingBasicAndDiluted,SHARES_BASIC_DILUTED_COMBINED,shares,19073830.0,2019-04-01,2019-06-30,91,1,2019-08-07,10-Q,Q2,2019,,0001564590-19-030063,2019-08-07T20:11:20.000Z,10-Q,2019-08-07,True
1645666,"Kezar Life Sciences, Inc.",WeightedAverageNumberOfShareOutstandingBasicAndDiluted,SHARES_BASIC_DILUTED_COMBINED,shares,19058263.0,2019-01-01,2019-06-30,181,2,2020-08-06,10-Q,Q2,2020,,0001564590-20-037297,2020-08-06T12:32:14.000Z,10-Q,2020-08-06,True
1645666,"Kezar Life Sciences, Inc.",WeightedAverageNumberOfShareOutstandingBasicAndDiluted,SHARES_BASIC_DILUTED_COMBINED,shares,19073830.0,2019-04-01,2019-06-30,91,1,2020-08-06,10-Q,Q2,2020,CY2019Q2,0001564590-20-037297,2020-08-06T12:32:14.000Z,10-Q,2020-08-06,True
1645666,"Kezar Life Sciences, Inc.",WeightedAverageNumberOfShareOutstandingBasicAndDiluted,SHARES_BASIC_DILUTED_COMBINED,shares,19070937.0,2019-01-01,2019-09-30,273,3,2019-11-07,10-Q,Q3,2019,,0001564590-19-041391,2019-11-07T14:01:26.000Z,10-Q,2019-11-07,True
1645666,"Kezar Life Sciences, Inc.",WeightedAverageNumberOfShareOutstandingBasicAndDiluted,SHARES_BASIC_DILUTED_COMBINED,shares,19095870.0,2019-07-01,2019-09-30,92,1,2019-11-07,10-Q,Q3,2019,,0001564590-19-041391,2019-11-07T14:01:26.000Z,10-Q,2019-11-07,True
1645666,"Kezar Life Sciences, Inc.",WeightedAverageNumberOfShareOutstandingBasicAndDiluted,SHARES_BASIC_DILUTED_COMBINED,shares,19070937.0,2019-01-01,2019-09-30,273,3,2020-11-05,10-Q,Q3,2020,,0001564590-20-051314,2020-11-05T21:13:03.000Z,10-Q,2020-11-05,True
1645666,"Kezar Life Sciences, Inc.",WeightedAverageNumberOfShareOutstandingBasicAndDiluted,SHARES_BASIC_DILUTED_COMBINED,shares,19095870.0,2019-07-01,2019-09-30,92,1,2020-11-05,10-Q,Q3,2020,CY2019Q3,0001564590-20-051314,2020-11-05T21:13:03.000Z,10-Q,2020-11-05,True
1645666,"Kezar Life Sciences, Inc.",WeightedAverageNumberOfShareOutstandingBasicAndDiluted,SHARES_BASIC_DILUTED_COMBINED,shares,19083826.0,2019-01-01,2019-12-31,365,4,2020-03-12,10-K,FY,2019,,0001564590-20-010498,2020-03-12T20:34:49.000Z,10-K,2020-03-12,True
1645666,"Kezar Life Sciences, Inc.",WeightedAverageNumberOfShareOutstandingBasicAndDiluted,SHARES_BASIC_DILUTED_COMBINED,shares,19083826.0,2019-01-01,2019-12-31,365,4,2021-03-11,10-K,FY,2020,,0001564590-21-012525,2021-03-11T21:18:16.000Z,10-K,2021-03-11,True
1645666,"Kezar Life Sciences, Inc.",WeightedAverageNumberOfShareOutstandingBasicAndDiluted,SHARES_BASIC_DILUTED_COMBINED,shares,19083826.0,2019-01-01,2019-12-31,365,4,2022-03-17,10-K,FY,2021,CY2019,0000950170-22-004085,2022-03-17T20:11:16.000Z,10-K,2022-03-17,True
1645666,"Kezar Life Sciences, Inc.",WeightedAverageNumberOfShareOutstandingBasicAndDiluted,SHARES_BASIC_DILUTED_COMBINED,shares,32867597.0,2020-01-01,2020-03-31,91,1,2020-05-07,10-Q,Q1,2020,,0001564590-20-022864,2020-05-07T20:14:32.000Z,10-Q,2020-05-07,True
1645666,"Kezar Life Sciences, Inc.",WeightedAverageNumberOfShareOutstandingBasicAndDiluted,SHARES_BASIC_DILUTED_COMBINED,shares,32867597.0,2020-01-01,2020-03-31,91,1,2021-05-12,10-Q,Q1,2021,CY2020Q1,0001564590-21-026995,2021-05-12T20:11:16.000Z,10-Q,2021-05-12,True
1645666,"Kezar Life Sciences, Inc.",WeightedAverageNumberOfShareOutstandingBasicAndDiluted,SHARES_BASIC_DILUTED_COMBINED,shares,37902294.0,2020-01-01,2020-06-30,182,2,2020-08-06,10-Q,Q2,2020,,0001564590-20-037297,2020-08-06T12:32:14.000Z,10-Q,2020-08-06,True
1645666,"Kezar Life Sciences, Inc.",WeightedAverageNumberOfShareOutstandingBasicAndDiluted,SHARES_BASIC_DILUTED_COMBINED,shares,42936991.0,2020-04-01,2020-06-30,91,1,2020-08-06,10-Q,Q2,2020,,0001564590-20-037297,2020-08-06T12:32:14.000Z,10-Q,2020-08-06,True
1645666,"Kezar Life Sciences, Inc.",WeightedAverageNumberOfShareOutstandingBasicAndDiluted,SHARES_BASIC_DILUTED_COMBINED,shares,37902294.0,2020-01-01,2020-06-30,182,2,2021-08-12,10-Q,Q2,2021,,0001564590-21-043979,2021-08-12T20:13:42.000Z,10-Q,2021-08-12,True
1645666,"Kezar Life Sciences, Inc.",WeightedAverageNumberOfShareOutstandingBasicAndDiluted,SHARES_BASIC_DILUTED_COMBINED,shares,42936991.0,2020-04-01,2020-06-30,91,1,2021-08-12,10-Q,Q2,2021,CY2020Q2,0001564590-21-043979,2021-08-12T20:13:42.000Z,10-Q,2021-08-12,True
1645666,"Kezar Life Sciences, Inc.",WeightedAverageNumberOfShareOutstandingBasicAndDiluted,SHARES_BASIC_DILUTED_COMBINED,shares,41964042.0,2020-01-01,2020-09-30,274,3,2020-11-05,10-Q,Q3,2020,,0001564590-20-051314,2020-11-05T21:13:03.000Z,10-Q,2020-11-05,True
1645666,"Kezar Life Sciences, Inc.",WeightedAverageNumberOfShareOutstandingBasicAndDiluted,SHARES_BASIC_DILUTED_COMBINED,shares,49999239.0,2020-07-01,2020-09-30,92,1,2020-11-05,10-Q,Q3,2020,,0001564590-20-051314,2020-11-05T21:13:03.000Z,10-Q,2020-11-05,True
1645666,"Kezar Life Sciences, Inc.",WeightedAverageNumberOfShareOutstandingBasicAndDiluted,SHARES_BASIC_DILUTED_COMBINED,shares,41964042.0,2020-01-01,2020-09-30,274,3,2021-11-09,10-Q,Q3,2021,,0001564590-21-055799,2021-11-09T21:54:38.000Z,10-Q,2021-11-09,True
1645666,"Kezar Life Sciences, Inc.",WeightedAverageNumberOfShareOutstandingBasicAndDiluted,SHARES_BASIC_DILUTED_COMBINED,shares,49999239.0,2020-07-01,2020-09-30,92,1,2021-11-09,10-Q,Q3,2021,CY2020Q3,0001564590-21-055799,2021-11-09T21:54:38.000Z,10-Q,2021-11-09,True
1645666,"Kezar Life Sciences, Inc.",WeightedAverageNumberOfShareOutstandingBasicAndDiluted,SHARES_BASIC_DILUTED_COMBINED,shares,44004190.0,2020-01-01,2020-12-31,366,4,2021-03-11,10-K,FY,2020,,0001564590-21-012525,2021-03-11T21:18:16.000Z,10-K,2021-03-11,True
1645666,"Kezar Life Sciences, Inc.",WeightedAverageNumberOfShareOutstandingBasicAndDiluted,SHARES_BASIC_DILUTED_COMBINED,shares,44004190.0,2020-01-01,2020-12-31,366,4,2022-03-17,10-K,FY,2021,CY2020,0000950170-22-004085,2022-03-17T20:11:16.000Z,10-K,2022-03-17,True
1645666,"Kezar Life Sciences, Inc.",WeightedAverageNumberOfShareOutstandingBasicAndDiluted,SHARES_BASIC_DILUTED_COMBINED,shares,51058039.0,2021-01-01,2021-03-31,90,1,2021-05-12,10-Q,Q1,2021,,0001564590-21-026995,2021-05-12T20:11:16.000Z,10-Q,2021-05-12,True
1645666,"Kezar Life Sciences, Inc.",WeightedAverageNumberOfShareOutstandingBasicAndDiluted,SHARES_BASIC_DILUTED_COMBINED,shares,51058039.0,2021-01-01,2021-03-31,90,1,2022-05-12,10-Q,Q1,2022,CY2021Q1,0000950170-22-009686,2022-05-12T20:20:55.000Z,10-Q,2022-05-12,True
1645666,"Kezar Life Sciences, Inc.",WeightedAverageNumberOfShareOutstandingBasicAndDiluted,SHARES_BASIC_DILUTED_COMBINED,shares,51483709.0,2021-01-01,2021-06-30,181,2,2021-08-12,10-Q,Q2,2021,,0001564590-21-043979,2021-08-12T20:13:42.000Z,10-Q,2021-08-12,True
1645666,"Kezar Life Sciences, Inc.",WeightedAverageNumberOfShareOutstandingBasicAndDiluted,SHARES_BASIC_DILUTED_COMBINED,shares,51904701.0,2021-04-01,2021-06-30,91,1,2021-08-12,10-Q,Q2,2021,CY2021Q2,0001564590-21-043979,2021-08-12T20:13:42.000Z,10-Q,2021-08-12,True
1645666,"Kezar Life Sciences, Inc.",WeightedAverageNumberOfShareOutstandingBasicAndDiluted,SHARES_BASIC_DILUTED_COMBINED,shares,51674063.0,2021-01-01,2021-09-30,273,3,2021-11-09,10-Q,Q3,2021,,0001564590-21-055799,2021-11-09T21:54:38.000Z,10-Q,2021-11-09,True
1645666,"Kezar Life Sciences, Inc.",WeightedAverageNumberOfShareOutstandingBasicAndDiluted,SHARES_BASIC_DILUTED_COMBINED,shares,52048563.0,2021-07-01,2021-09-30,92,1,2021-11-09,10-Q,Q3,2021,CY2021Q3,0001564590-21-055799,2021-11-09T21:54:38.000Z,10-Q,2021-11-09,True
1645666,"Kezar Life Sciences, Inc.",WeightedAverageNumberOfShareOutstandingBasicAndDiluted,SHARES_BASIC_DILUTED_COMBINED,shares,52759335.0,2021-01-01,2021-12-31,365,4,2022-03-17,10-K,FY,2021,CY2021,0000950170-22-004085,2022-03-17T20:11:16.000Z,10-K,2022-03-17,True
1645666,"Kezar Life Sciences, Inc.",WeightedAverageNumberOfShareOutstandingBasicAndDiluted,SHARES_BASIC_DILUTED_COMBINED,shares,60630389.0,2022-01-01,2022-03-31,90,1,2022-05-12,10-Q,Q1,2022,CY2022Q1,0000950170-22-009686,2022-05-12T20:20:55.000Z,10-Q,2022-05-12,True
1658247,"Crinetics Pharmaceuticals, Inc.",WeightedAverageNumberOfShareOutstandingBasicAndDiluted,SHARES_BASIC_DILUTED_COMBINED,shares,1273000.0,2017-01-01,2017-06-30,181,2,2018-08-30,10-Q,Q2,2018,,0001564590-18-022504,2018-08-30T20:11:17.000Z,10-Q,2018-08-30,True
1658247,"Crinetics Pharmaceuticals, Inc.",WeightedAverageNumberOfShareOutstandingBasicAndDiluted,SHARES_BASIC_DILUTED_COMBINED,shares,1348000.0,2017-04-01,2017-06-30,91,1,2018-08-30,10-Q,Q2,2018,CY2017Q2,0001564590-18-022504,2018-08-30T20:11:17.000Z,10-Q,2018-08-30,True
1658247,"Crinetics Pharmaceuticals, Inc.",WeightedAverageNumberOfShareOutstandingBasicAndDiluted,SHARES_BASIC_DILUTED_COMBINED,shares,1326000.0,2017-01-01,2017-09-30,273,3,2018-11-13,10-Q,Q3,2018,,0001564590-18-029304,2018-11-13T21:06:54.000Z,10-Q,2018-11-13,True
1658247,"Crinetics Pharmaceuticals, Inc.",WeightedAverageNumberOfShareOutstandingBasicAndDiluted,SHARES_BASIC_DILUTED_COMBINED,shares,1430000.0,2017-07-01,2017-09-30,92,1,2018-11-13,10-Q,Q3,2018,CY2017Q3,0001564590-18-029304,2018-11-13T21:06:54.000Z,10-Q,2018-11-13,True
1658247,"Crinetics Pharmaceuticals, Inc.",WeightedAverageNumberOfShareOutstandingBasicAndDiluted,SHARES_BASIC_DILUTED_COMBINED,shares,1371000.0,2017-01-01,2017-12-31,365,4,2019-03-13,10-K,FY,2018,,0001564590-19-007561,2019-03-13T20:06:43.000Z,10-K,2019-03-13,True
1658247,"Crinetics Pharmaceuticals, Inc.",WeightedAverageNumberOfShareOutstandingBasicAndDiluted,SHARES_BASIC_DILUTED_COMBINED,shares,1371000.0,2017-01-01,2017-12-31,365,4,2020-03-09,10-K,FY,2019,CY2017,0001564590-20-009365,2020-03-09T20:11:48.000Z,10-K,2020-03-09,True
1658247,"Crinetics Pharmaceuticals, Inc.",WeightedAverageNumberOfShareOutstandingBasicAndDiluted,SHARES_BASIC_DILUTED_COMBINED,shares,1870000.0,2018-01-01,2018-03-31,90,1,2019-05-13,10-Q,Q1,2019,CY2018Q1,0001564590-19-018831,2019-05-13T20:13:17.000Z,10-Q,2019-05-13,True
1658247,"Crinetics Pharmaceuticals, Inc.",WeightedAverageNumberOfShareOutstandingBasicAndDiluted,SHARES_BASIC_DILUTED_COMBINED,shares,2089000.0,2018-01-01,2018-06-30,181,2,2018-08-30,10-Q,Q2,2018,,0001564590-18-022504,2018-08-30T20:11:17.000Z,10-Q,2018-08-30,True
1658247,"Crinetics Pharmaceuticals, Inc.",WeightedAverageNumberOfShareOutstandingBasicAndDiluted,SHARES_BASIC_DILUTED_COMBINED,shares,2307000.0,2018-04-01,2018-06-30,91,1,2018-08-30,10-Q,Q2,2018,,0001564590-18-022504,2018-08-30T20:11:17.000Z,10-Q,2018-08-30,True
1658247,"Crinetics Pharmaceuticals, Inc.",WeightedAverageNumberOfShareOutstandingBasicAndDiluted,SHARES_BASIC_DILUTED_COMBINED,shares,2089000.0,2018-01-01,2018-06-30,181,2,2019-08-13,10-Q,Q2,2019,,0001564590-19-031801,2019-08-13T20:14:23.000Z,10-Q,2019-08-13,True
1658247,"Crinetics Pharmaceuticals, Inc.",WeightedAverageNumberOfShareOutstandingBasicAndDiluted,SHARES_BASIC_DILUTED_COMBINED,shares,2307000.0,2018-04-01,2018-06-30,91,1,2019-08-13,10-Q,Q2,2019,CY2018Q2,0001564590-19-031801,2019-08-13T20:14:23.000Z,10-Q,2019-08-13,True
1658247,"Crinetics Pharmaceuticals, Inc.",WeightedAverageNumberOfShareOutstandingBasicAndDiluted,SHARES_BASIC_DILUTED_COMBINED,shares,8131000.0,2018-01-01,2018-09-30,273,3,2018-11-13,10-Q,Q3,2018,,0001564590-18-029304,2018-11-13T21:06:54.000Z,10-Q,2018-11-13,True
1658247,"Crinetics Pharmaceuticals, Inc.",WeightedAverageNumberOfShareOutstandingBasicAndDiluted,SHARES_BASIC_DILUTED_COMBINED,shares,20016000.0,2018-07-01,2018-09-30,92,1,2018-11-13,10-Q,Q3,2018,,0001564590-18-029304,2018-11-13T21:06:54.000Z,10-Q,2018-11-13,True
1658247,"Crinetics Pharmaceuticals, Inc.",WeightedAverageNumberOfShareOutstandingBasicAndDiluted,SHARES_BASIC_DILUTED_COMBINED,shares,8131000.0,2018-01-01,2018-09-30,273,3,2019-11-12,10-Q,Q3,2019,,0001564590-19-042900,2019-11-12T21:06:33.000Z,10-Q,2019-11-12,True
1658247,"Crinetics Pharmaceuticals, Inc.",WeightedAverageNumberOfShareOutstandingBasicAndDiluted,SHARES_BASIC_DILUTED_COMBINED,shares,20016000.0,2018-07-01,2018-09-30,92,1,2019-11-12,10-Q,Q3,2019,CY2018Q3,0001564590-19-042900,2019-11-12T21:06:33.000Z,10-Q,2019-11-12,True
1658247,"Crinetics Pharmaceuticals, Inc.",WeightedAverageNumberOfShareOutstandingBasicAndDiluted,SHARES_BASIC_DILUTED_COMBINED,shares,12142000.0,2018-01-01,2018-12-31,365,4,2019-03-13,10-K,FY,2018,,0001564590-19-007561,2019-03-13T20:06:43.000Z,10-K,2019-03-13,True
1658247,"Crinetics Pharmaceuticals, Inc.",WeightedAverageNumberOfShareOutstandingBasicAndDiluted,SHARES_BASIC_DILUTED_COMBINED,shares,12142000.0,2018-01-01,2018-12-31,365,4,2020-03-09,10-K,FY,2019,,0001564590-20-009365,2020-03-09T20:11:48.000Z,10-K,2020-03-09,True
1658247,"Crinetics Pharmaceuticals, Inc.",WeightedAverageNumberOfShareOutstandingBasicAndDiluted,SHARES_BASIC_DILUTED_COMBINED,shares,12142000.0,2018-01-01,2018-12-31,365,4,2021-03-30,10-K,FY,2020,CY2018,0001564590-21-016719,2021-03-30T21:12:59.000Z,10-K,2021-03-30,True
1658247,"Crinetics Pharmaceuticals, Inc.",WeightedAverageNumberOfShareOutstandingBasicAndDiluted,SHARES_BASIC_DILUTED_COMBINED,shares,24095000.0,2019-01-01,2019-03-31,90,1,2019-05-13,10-Q,Q1,2019,,0001564590-19-018831,2019-05-13T20:13:17.000Z,10-Q,2019-05-13,True
1658247,"Crinetics Pharmaceuticals, Inc.",WeightedAverageNumberOfShareOutstandingBasicAndDiluted,SHARES_BASIC_DILUTED_COMBINED,shares,24095000.0,2019-01-01,2019-03-31,90,1,2020-05-08,10-Q,Q1,2020,CY2019Q1,0001564590-20-023265,2020-05-08T13:06:21.000Z,10-Q,2020-05-08,True
1658247,"Crinetics Pharmaceuticals, Inc.",WeightedAverageNumberOfShareOutstandingBasicAndDiluted,SHARES_BASIC_DILUTED_COMBINED,shares,24128000.0,2019-01-01,2019-06-30,181,2,2019-08-13,10-Q,Q2,2019,,0001564590-19-031801,2019-08-13T20:14:23.000Z,10-Q,2019-08-13,True
1658247,"Crinetics Pharmaceuticals, Inc.",WeightedAverageNumberOfShareOutstandingBasicAndDiluted,SHARES_BASIC_DILUTED_COMBINED,shares,24161000.0,2019-04-01,2019-06-30,91,1,2019-08-13,10-Q,Q2,2019,,0001564590-19-031801,2019-08-13T20:14:23.000Z,10-Q,2019-08-13,True
1658247,"Crinetics Pharmaceuticals, Inc.",WeightedAverageNumberOfShareOutstandingBasicAndDiluted,SHARES_BASIC_DILUTED_COMBINED,shares,24128000.0,2019-01-01,2019-06-30,181,2,2020-08-07,10-Q,Q2,2020,,0001564590-20-038069,2020-08-07T11:35:36.000Z,10-Q,2020-08-07,True
1658247,"Crinetics Pharmaceuticals, Inc.",WeightedAverageNumberOfShareOutstandingBasicAndDiluted,SHARES_BASIC_DILUTED_COMBINED,shares,24161000.0,2019-04-01,2019-06-30,91,1,2020-08-07,10-Q,Q2,2020,CY2019Q2,0001564590-20-038069,2020-08-07T11:35:36.000Z,10-Q,2020-08-07,True
1658247,"Crinetics Pharmaceuticals, Inc.",WeightedAverageNumberOfShareOutstandingBasicAndDiluted,SHARES_BASIC_DILUTED_COMBINED,shares,24155000.0,2019-01-01,2019-09-30,273,3,2019-11-12,10-Q,Q3,2019,,0001564590-19-042900,2019-11-12T21:06:33.000Z,10-Q,2019-11-12,True
1658247,"Crinetics Pharmaceuticals, Inc.",WeightedAverageNumberOfShareOutstandingBasicAndDiluted,SHARES_BASIC_DILUTED_COMBINED,shares,24208000.0,2019-07-01,2019-09-30,92,1,2019-11-12,10-Q,Q3,2019,,0001564590-19-042900,2019-11-12T21:06:33.000Z,10-Q,2019-11-12,True
1658247,"Crinetics Pharmaceuticals, Inc.",WeightedAverageNumberOfShareOutstandingBasicAndDiluted,SHARES_BASIC_DILUTED_COMBINED,shares,24155000.0,2019-01-01,2019-09-30,273,3,2020-11-06,10-Q,Q3,2020,,0001564590-20-051686,2020-11-06T13:33:54.000Z,10-Q,2020-11-06,True
1658247,"Crinetics Pharmaceuticals, Inc.",WeightedAverageNumberOfShareOutstandingBasicAndDiluted,SHARES_BASIC_DILUTED_COMBINED,shares,24208000.0,2019-07-01,2019-09-30,92,1,2020-11-06,10-Q,Q3,2020,CY2019Q3,0001564590-20-051686,2020-11-06T13:33:54.000Z,10-Q,2020-11-06,True
1658247,"Crinetics Pharmaceuticals, Inc.",WeightedAverageNumberOfShareOutstandingBasicAndDiluted,SHARES_BASIC_DILUTED_COMBINED,shares,24175000.0,2019-01-01,2019-12-31,365,4,2020-03-09,10-K,FY,2019,,0001564590-20-009365,2020-03-09T20:11:48.000Z,10-K,2020-03-09,True
1658247,"Crinetics Pharmaceuticals, Inc.",WeightedAverageNumberOfShareOutstandingBasicAndDiluted,SHARES_BASIC_DILUTED_COMBINED,shares,24175000.0,2019-01-01,2019-12-31,365,4,2021-03-30,10-K,FY,2020,,0001564590-21-016719,2021-03-30T21:12:59.000Z,10-K,2021-03-30,True
1658247,"Crinetics Pharmaceuticals, Inc.",WeightedAverageNumberOfShareOutstandingBasicAndDiluted,SHARES_BASIC_DILUTED_COMBINED,shares,24175000.0,2019-01-01,2019-12-31,365,4,2022-03-30,10-K,FY,2021,CY2019,0000950170-22-005050,2022-03-30T20:12:51.000Z,10-K,2022-03-30,True
1658247,"Crinetics Pharmaceuticals, Inc.",WeightedAverageNumberOfShareOutstandingBasicAndDiluted,SHARES_BASIC_DILUTED_COMBINED,shares,24488000.0,2020-01-01,2020-03-31,91,1,2020-05-08,10-Q,Q1,2020,,0001564590-20-023265,2020-05-08T13:06:21.000Z,10-Q,2020-05-08,True
1658247,"Crinetics Pharmaceuticals, Inc.",WeightedAverageNumberOfShareOutstandingBasicAndDiluted,SHARES_BASIC_DILUTED_COMBINED,shares,24488000.0,2020-01-01,2020-03-31,91,1,2021-05-06,10-Q,Q1,2021,CY2020Q1,0001564590-21-024927,2021-05-06T20:01:24.000Z,10-Q,2021-05-06,True
1658247,"Crinetics Pharmaceuticals, Inc.",WeightedAverageNumberOfShareOutstandingBasicAndDiluted,SHARES_BASIC_DILUTED_COMBINED,shares,27948000.0,2020-01-01,2020-06-30,182,2,2020-08-07,10-Q,Q2,2020,,0001564590-20-038069,2020-08-07T11:35:36.000Z,10-Q,2020-08-07,True
1658247,"Crinetics Pharmaceuticals, Inc.",WeightedAverageNumberOfShareOutstandingBasicAndDiluted,SHARES_BASIC_DILUTED_COMBINED,shares,31409000.0,2020-04-01,2020-06-30,91,1,2020-08-07,10-Q,Q2,2020,,0001564590-20-038069,2020-08-07T11:35:36.000Z,10-Q,2020-08-07,True
1658247,"Crinetics Pharmaceuticals, Inc.",WeightedAverageNumberOfShareOutstandingBasicAndDiluted,SHARES_BASIC_DILUTED_COMBINED,shares,27948000.0,2020-01-01,2020-06-30,182,2,2021-08-10,10-Q,Q2,2021,,0001564590-21-043078,2021-08-10T20:09:49.000Z,10-Q,2021-08-10,True
1658247,"Crinetics Pharmaceuticals, Inc.",WeightedAverageNumberOfShareOutstandingBasicAndDiluted,SHARES_BASIC_DILUTED_COMBINED,shares,31409000.0,2020-04-01,2020-06-30,91,1,2021-08-10,10-Q,Q2,2021,CY2020Q2,0001564590-21-043078,2021-08-10T20:09:49.000Z,10-Q,2021-08-10,True
1658247,"Crinetics Pharmaceuticals, Inc.",WeightedAverageNumberOfShareOutstandingBasicAndDiluted,SHARES_BASIC_DILUTED_COMBINED,shares,29608000.0,2020-01-01,2020-09-30,274,3,2020-11-06,10-Q,Q3,2020,,0001564590-20-051686,2020-11-06T13:33:54.000Z,10-Q,2020-11-06,True
1658247,"Crinetics Pharmaceuticals, Inc.",WeightedAverageNumberOfShareOutstandingBasicAndDiluted,SHARES_BASIC_DILUTED_COMBINED,shares,32890000.0,2020-07-01,2020-09-30,92,1,2020-11-06,10-Q,Q3,2020,,0001564590-20-051686,2020-11-06T13:33:54.000Z,10-Q,2020-11-06,True
1658247,"Crinetics Pharmaceuticals, Inc.",WeightedAverageNumberOfShareOutstandingBasicAndDiluted,SHARES_BASIC_DILUTED_COMBINED,shares,29608000.0,2020-01-01,2020-09-30,274,3,2021-11-05,10-Q,Q3,2021,,0001564590-21-054747,2021-11-05T12:02:56.000Z,10-Q,2021-11-05,True
1658247,"Crinetics Pharmaceuticals, Inc.",WeightedAverageNumberOfShareOutstandingBasicAndDiluted,SHARES_BASIC_DILUTED_COMBINED,shares,32890000.0,2020-07-01,2020-09-30,92,1,2021-11-05,10-Q,Q3,2021,CY2020Q3,0001564590-21-054747,2021-11-05T12:02:56.000Z,10-Q,2021-11-05,True
1658247,"Crinetics Pharmaceuticals, Inc.",WeightedAverageNumberOfShareOutstandingBasicAndDiluted,SHARES_BASIC_DILUTED_COMBINED,shares,30448000.0,2020-01-01,2020-12-31,366,4,2021-03-30,10-K,FY,2020,,0001564590-21-016719,2021-03-30T21:12:59.000Z,10-K,2021-03-30,True
1658247,"Crinetics Pharmaceuticals, Inc.",WeightedAverageNumberOfShareOutstandingBasicAndDiluted,SHARES_BASIC_DILUTED_COMBINED,shares,30448000.0,2020-01-01,2020-12-31,366,4,2022-03-30,10-K,FY,2021,CY2020,0000950170-22-005050,2022-03-30T20:12:51.000Z,10-K,2022-03-30,True
1658247,"Crinetics Pharmaceuticals, Inc.",WeightedAverageNumberOfShareOutstandingBasicAndDiluted,SHARES_BASIC_DILUTED_COMBINED,shares,33012000.0,2021-01-01,2021-03-31,90,1,2021-05-06,10-Q,Q1,2021,,0001564590-21-024927,2021-05-06T20:01:24.000Z,10-Q,2021-05-06,True
1658247,"Crinetics Pharmaceuticals, Inc.",WeightedAverageNumberOfShareOutstandingBasicAndDiluted,SHARES_BASIC_DILUTED_COMBINED,shares,33012000.0,2021-01-01,2021-03-31,90,1,2022-05-12,10-Q,Q1,2022,CY2021Q1,0000950170-22-009740,2022-05-12T20:49:26.000Z,10-Q,2022-05-12,True
1658247,"Crinetics Pharmaceuticals, Inc.",WeightedAverageNumberOfShareOutstandingBasicAndDiluted,SHARES_BASIC_DILUTED_COMBINED,shares,35048000.0,2021-01-01,2021-06-30,181,2,2021-08-10,10-Q,Q2,2021,,0001564590-21-043078,2021-08-10T20:09:49.000Z,10-Q,2021-08-10,True
1658247,"Crinetics Pharmaceuticals, Inc.",WeightedAverageNumberOfShareOutstandingBasicAndDiluted,SHARES_BASIC_DILUTED_COMBINED,shares,37061000.0,2021-04-01,2021-06-30,91,1,2021-08-10,10-Q,Q2,2021,CY2021Q2,0001564590-21-043078,2021-08-10T20:09:49.000Z,10-Q,2021-08-10,True
1658247,"Crinetics Pharmaceuticals, Inc.",WeightedAverageNumberOfShareOutstandingBasicAndDiluted,SHARES_BASIC_DILUTED_COMBINED,shares,36147000.0,2021-01-01,2021-09-30,273,3,2021-11-05,10-Q,Q3,2021,,0001564590-21-054747,2021-11-05T12:02:56.000Z,10-Q,2021-11-05,True
1658247,"Crinetics Pharmaceuticals, Inc.",WeightedAverageNumberOfShareOutstandingBasicAndDiluted,SHARES_BASIC_DILUTED_COMBINED,shares,38309000.0,2021-07-01,2021-09-30,92,1,2021-11-05,10-Q,Q3,2021,CY2021Q3,0001564590-21-054747,2021-11-05T12:02:56.000Z,10-Q,2021-11-05,True
1658247,"Crinetics Pharmaceuticals, Inc.",WeightedAverageNumberOfShareOutstandingBasicAndDiluted,SHARES_BASIC_DILUTED_COMBINED,shares,38436000.0,2021-01-01,2021-12-31,365,4,2022-03-30,10-K,FY,2021,CY2021,0000950170-22-005050,2022-03-30T20:12:51.000Z,10-K,2022-03-30,True
1658247,"Crinetics Pharmaceuticals, Inc.",WeightedAverageNumberOfShareOutstandingBasicAndDiluted,SHARES_BASIC_DILUTED_COMBINED,shares,47712000.0,2022-01-01,2022-03-31,90,1,2022-05-12,10-Q,Q1,2022,CY2022Q1,0000950170-22-009740,2022-05-12T20:49:26.000Z,10-Q,2022-05-12,True
1660734,TRITON INTERNATIONAL LIMITED,NetCashProvidedByUsedInOperatingActivitiesContinuingOperations,CFO_CONTINUING,USD,162941000.0,2017-01-01,2017-03-31,90,1,2017-05-15,10-Q,Q1,2017,,0001660734-17-000029,2017-05-15T16:38:00.000Z,10-Q,2017-05-15,True
1660734,TRITON INTERNATIONAL LIMITED,NetCashProvidedByUsedInOperatingActivitiesContinuingOperations,CFO_CONTINUING,USD,162941000.0,2017-01-01,2017-03-31,90,1,2018-05-08,10-Q,Q1,2018,CY2017Q1,0001660734-18-000020,2018-05-08T20:34:56.000Z,10-Q,2018-05-08,True
1660734,TRITON INTERNATIONAL LIMITED,NetCashProvidedByUsedInOperatingActivitiesContinuingOperations,CFO_CONTINUING,USD,357453000.0,2017-01-01,2017-06-30,181,2,2017-08-11,10-Q,Q2,2017,,0001660734-17-000047,2017-08-11T10:54:17.000Z,10-Q,2017-08-11,True
1660734,TRITON INTERNATIONAL LIMITED,NetCashProvidedByUsedInOperatingActivitiesContinuingOperations,CFO_CONTINUING,USD,357453000.0,2017-01-01,2017-06-30,181,2,2018-08-07,10-Q,Q2,2018,,0001660734-18-000027,2018-08-07T21:02:42.000Z,10-Q,2018-08-07,True
1660734,TRITON INTERNATIONAL LIMITED,NetCashProvidedByUsedInOperatingActivitiesContinuingOperations,CFO_CONTINUING,USD,574790000.0,2017-01-01,2017-09-30,273,3,2017-11-13,10-Q,Q3,2017,,0001660734-17-000052,2017-11-13T15:42:01.000Z,10-Q,2017-11-13,True
1660734,TRITON INTERNATIONAL LIMITED,NetCashProvidedByUsedInOperatingActivitiesContinuingOperations,CFO_CONTINUING,USD,574790000.0,2017-01-01,2017-09-30,273,3,2018-11-06,10-Q,Q3,2018,,0001660734-18-000032,2018-11-06T21:27:40.000Z,10-Q,2018-11-06,True
1660734,TRITON INTERNATIONAL LIMITED,NetCashProvidedByUsedInOperatingActivitiesContinuingOperations,CFO_CONTINUING,USD,806795000.0,2017-01-01,2017-12-31,365,4,2018-02-27,10-K,FY,2017,,0001660734-18-000013,2018-02-27T21:13:28.000Z,10-K,2018-02-27,True
1660734,TRITON INTERNATIONAL LIMITED,NetCashProvidedByUsedInOperatingActivitiesContinuingOperations,CFO_CONTINUING,USD,806795000.0,2017-01-01,2017-12-31,365,4,2019-02-19,10-K,FY,2018,CY2017,0001660734-19-000006,2019-02-19T22:29:17.000Z,10-K,2019-02-19,True
1660734,TRITON INTERNATIONAL LIMITED,NetCashProvidedByUsedInOperatingActivitiesContinuingOperations,CFO_CONTINUING,USD,231464000.0,2018-01-01,2018-03-31,90,1,2018-05-08,10-Q,Q1,2018,,0001660734-18-000020,2018-05-08T20:34:56.000Z,10-Q,2018-05-08,True
1660734,TRITON INTERNATIONAL LIMITED,NetCashProvidedByUsedInOperatingActivitiesContinuingOperations,CFO_CONTINUING,USD,246235000.0,2018-01-01,2018-03-31,90,1,2019-04-30,10-Q,Q1,2019,CY2018Q1,0001660734-19-000017,2019-04-30T20:24:41.000Z,10-Q,2019-04-30,True
1660734,TRITON INTERNATIONAL LIMITED,NetCashProvidedByUsedInOperatingActivitiesContinuingOperations,CFO_CONTINUING,USD,425588000.0,2018-01-01,2018-06-30,181,2,2018-08-07,10-Q,Q2,2018,,0001660734-18-000027,2018-08-07T21:02:42.000Z,10-Q,2018-08-07,True
1660734,TRITON INTERNATIONAL LIMITED,NetCashProvidedByUsedInOperatingActivitiesContinuingOperations,CFO_CONTINUING,USD,455186000.0,2018-01-01,2018-06-30,181,2,2019-07-25,10-Q,Q2,2019,,0001660734-19-000033,2019-07-25T16:23:02.000Z,10-Q,2019-07-25,True
1660734,TRITON INTERNATIONAL LIMITED,NetCashProvidedByUsedInOperatingActivitiesContinuingOperations,CFO_CONTINUING,USD,719021000.0,2018-01-01,2018-09-30,273,3,2018-11-06,10-Q,Q3,2018,,0001660734-18-000032,2018-11-06T21:27:40.000Z,10-Q,2018-11-06,True
1660734,TRITON INTERNATIONAL LIMITED,NetCashProvidedByUsedInOperatingActivitiesContinuingOperations,CFO_CONTINUING,USD,929850000.0,2018-01-01,2018-12-31,365,4,2019-02-19,10-K,FY,2018,CY2018,0001660734-19-000006,2019-02-19T22:29:17.000Z,10-K,2019-02-19,True
1660734,TRITON INTERNATIONAL LIMITED,NetCashProvidedByUsedInOperatingActivitiesContinuingOperations,CFO_CONTINUING,USD,295731000.0,2019-01-01,2019-03-31,90,1,2019-04-30,10-Q,Q1,2019,CY2019Q1,0001660734-19-000017,2019-04-30T20:24:41.000Z,10-Q,2019-04-30,True
1660734,TRITON INTERNATIONAL LIMITED,NetCashProvidedByUsedInOperatingActivitiesContinuingOperations,CFO_CONTINUING,USD,501814000.0,2019-01-01,2019-06-30,181,2,2019-07-25,10-Q,Q2,2019,,0001660734-19-000033,2019-07-25T16:23:02.000Z,10-Q,2019-07-25,True
1668105,Talend S.A.,WeightedAverageNumberOfShareOutstandingBasicAndDiluted,SHARES_BASIC_DILUTED_COMBINED,shares,28966000.0,2017-01-01,2017-12-31,365,4,2019-02-28,10-K,FY,2018,,0001668105-19-000005,2019-02-28T16:26:58.000Z,10-K,2019-02-28,True
1668105,Talend S.A.,WeightedAverageNumberOfShareOutstandingBasicAndDiluted,SHARES_BASIC_DILUTED_COMBINED,shares,28966000.0,2017-01-01,2017-12-31,365,4,2020-03-17,10-K,FY,2019,CY2017,0001668105-20-000035,2020-03-17T08:35:36.000Z,10-K,2020-03-17,True
1668105,Talend S.A.,WeightedAverageNumberOfShareOutstandingBasicAndDiluted,SHARES_BASIC_DILUTED_COMBINED,shares,29539000.0,2018-01-01,2018-03-31,90,1,2019-05-10,10-Q,Q1,2019,CY2018Q1,0001668105-19-000010,2019-05-10T16:13:22.000Z,10-Q,2019-05-10,True
1668105,Talend S.A.,WeightedAverageNumberOfShareOutstandingBasicAndDiluted,SHARES_BASIC_DILUTED_COMBINED,shares,29641000.0,2018-01-01,2018-06-30,181,2,2019-08-09,10-Q,Q2,2019,,0001668105-19-000025,2019-08-09T16:21:56.000Z,10-Q,2019-08-09,True
1668105,Talend S.A.,WeightedAverageNumberOfShareOutstandingBasicAndDiluted,SHARES_BASIC_DILUTED_COMBINED,shares,29741000.0,2018-04-01,2018-06-30,91,1,2019-08-09,10-Q,Q2,2019,CY2018Q2,0001668105-19-000025,2019-08-09T16:21:56.000Z,10-Q,2019-08-09,True
1668105,Talend S.A.,WeightedAverageNumberOfShareOutstandingBasicAndDiluted,SHARES_BASIC_DILUTED_COMBINED,shares,29750000.0,2018-01-01,2018-09-30,273,3,2019-11-08,10-Q,Q3,2019,,0001668105-19-000051,2019-11-08T16:13:53.000Z,10-Q,2019-11-08,True
1668105,Talend S.A.,WeightedAverageNumberOfShareOutstandingBasicAndDiluted,SHARES_BASIC_DILUTED_COMBINED,shares,29964000.0,2018-07-01,2018-09-30,92,1,2019-11-08,10-Q,Q3,2019,CY2018Q3,0001668105-19-000051,2019-11-08T16:13:53.000Z,10-Q,2019-11-08,True
1668105,Talend S.A.,WeightedAverageNumberOfShareOutstandingBasicAndDiluted,SHARES_BASIC_DILUTED_COMBINED,shares,29841000.0,2018-01-01,2018-12-31,365,4,2019-02-28,10-K,FY,2018,,0001668105-19-000005,2019-02-28T16:26:58.000Z,10-K,2019-02-28,True
1668105,Talend S.A.,WeightedAverageNumberOfShareOutstandingBasicAndDiluted,SHARES_BASIC_DILUTED_COMBINED,shares,29841000.0,2018-01-01,2018-12-31,365,4,2020-03-17,10-K,FY,2019,,0001668105-20-000035,2020-03-17T08:35:36.000Z,10-K,2020-03-17,True
1668105,Talend S.A.,WeightedAverageNumberOfShareOutstandingBasicAndDiluted,SHARES_BASIC_DILUTED_COMBINED,shares,29841000.0,2018-01-01,2018-12-31,365,4,2021-03-01,10-K,FY,2020,CY2018,0001668105-21-000016,2021-03-01T08:31:11.000Z,10-K,2021-03-01,True
1668105,Talend S.A.,WeightedAverageNumberOfShareOutstandingBasicAndDiluted,SHARES_BASIC_DILUTED_COMBINED,shares,30243000.0,2019-01-01,2019-03-31,90,1,2019-05-10,10-Q,Q1,2019,,0001668105-19-000010,2019-05-10T16:13:22.000Z,10-Q,2019-05-10,True
1668105,Talend S.A.,WeightedAverageNumberOfShareOutstandingBasicAndDiluted,SHARES_BASIC_DILUTED_COMBINED,shares,30243000.0,2019-01-01,2019-03-31,90,1,2020-05-08,10-Q,Q1,2020,CY2019Q1,0001668105-20-000052,2020-05-08T16:30:56.000Z,10-Q,2020-05-08,True
1668105,Talend S.A.,WeightedAverageNumberOfShareOutstandingBasicAndDiluted,SHARES_BASIC_DILUTED_COMBINED,shares,30352000.0,2019-01-01,2019-06-30,181,2,2019-08-09,10-Q,Q2,2019,,0001668105-19-000025,2019-08-09T16:21:56.000Z,10-Q,2019-08-09,True
1668105,Talend S.A.,WeightedAverageNumberOfShareOutstandingBasicAndDiluted,SHARES_BASIC_DILUTED_COMBINED,shares,30455000.0,2019-04-01,2019-06-30,91,1,2019-08-09,10-Q,Q2,2019,,0001668105-19-000025,2019-08-09T16:21:56.000Z,10-Q,2019-08-09,True
1668105,Talend S.A.,WeightedAverageNumberOfShareOutstandingBasicAndDiluted,SHARES_BASIC_DILUTED_COMBINED,shares,30352000.0,2019-01-01,2019-06-30,181,2,2020-08-07,10-Q,Q2,2020,,0001668105-20-000072,2020-08-07T18:25:06.000Z,10-Q,2020-08-07,True
1668105,Talend S.A.,WeightedAverageNumberOfShareOutstandingBasicAndDiluted,SHARES_BASIC_DILUTED_COMBINED,shares,30455000.0,2019-04-01,2019-06-30,91,1,2020-08-07,10-Q,Q2,2020,CY2019Q2,0001668105-20-000072,2020-08-07T18:25:06.000Z,10-Q,2020-08-07,True
1668105,Talend S.A.,WeightedAverageNumberOfShareOutstandingBasicAndDiluted,SHARES_BASIC_DILUTED_COMBINED,shares,30453000.0,2019-01-01,2019-09-30,273,3,2019-11-08,10-Q,Q3,2019,,0001668105-19-000051,2019-11-08T16:13:53.000Z,10-Q,2019-11-08,True
1668105,Talend S.A.,WeightedAverageNumberOfShareOutstandingBasicAndDiluted,SHARES_BASIC_DILUTED_COMBINED,shares,30648000.0,2019-07-01,2019-09-30,92,1,2019-11-08,10-Q,Q3,2019,,0001668105-19-000051,2019-11-08T16:13:53.000Z,10-Q,2019-11-08,True
1668105,Talend S.A.,WeightedAverageNumberOfShareOutstandingBasicAndDiluted,SHARES_BASIC_DILUTED_COMBINED,shares,30453000.0,2019-01-01,2019-09-30,273,3,2020-11-09,10-Q,Q3,2020,,0001668105-20-000083,2020-11-09T16:33:55.000Z,10-Q,2020-11-09,True
1668105,Talend S.A.,WeightedAverageNumberOfShareOutstandingBasicAndDiluted,SHARES_BASIC_DILUTED_COMBINED,shares,30648000.0,2019-07-01,2019-09-30,92,1,2020-11-09,10-Q,Q3,2020,CY2019Q3,0001668105-20-000083,2020-11-09T16:33:55.000Z,10-Q,2020-11-09,True
1668105,Talend S.A.,WeightedAverageNumberOfShareOutstandingBasicAndDiluted,SHARES_BASIC_DILUTED_COMBINED,shares,30563000.0,2019-01-01,2019-12-31,365,4,2020-03-17,10-K,FY,2019,,0001668105-20-000035,2020-03-17T08:35:36.000Z,10-K,2020-03-17,True
1668105,Talend S.A.,WeightedAverageNumberOfShareOutstandingBasicAndDiluted,SHARES_BASIC_DILUTED_COMBINED,shares,30563000.0,2019-01-01,2019-12-31,365,4,2021-03-01,10-K,FY,2020,CY2019,0001668105-21-000016,2021-03-01T08:31:11.000Z,10-K,2021-03-01,True
1668105,Talend S.A.,WeightedAverageNumberOfShareOutstandingBasicAndDiluted,SHARES_BASIC_DILUTED_COMBINED,shares,31180000.0,2020-01-01,2020-03-31,91,1,2020-05-08,10-Q,Q1,2020,CY2020Q1,0001668105-20-000052,2020-05-08T16:30:56.000Z,10-Q,2020-05-08,True
1668105,Talend S.A.,WeightedAverageNumberOfShareOutstandingBasicAndDiluted,SHARES_BASIC_DILUTED_COMBINED,shares,31308000.0,2020-01-01,2020-06-30,182,2,2020-08-07,10-Q,Q2,2020,,0001668105-20-000072,2020-08-07T18:25:06.000Z,10-Q,2020-08-07,True
1668105,Talend S.A.,WeightedAverageNumberOfShareOutstandingBasicAndDiluted,SHARES_BASIC_DILUTED_COMBINED,shares,31428000.0,2020-04-01,2020-06-30,91,1,2020-08-07,10-Q,Q2,2020,CY2020Q2,0001668105-20-000072,2020-08-07T18:25:06.000Z,10-Q,2020-08-07,True
1668105,Talend S.A.,WeightedAverageNumberOfShareOutstandingBasicAndDiluted,SHARES_BASIC_DILUTED_COMBINED,shares,31419000.0,2020-01-01,2020-09-30,274,3,2020-11-09,10-Q,Q3,2020,,0001668105-20-000083,2020-11-09T16:33:55.000Z,10-Q,2020-11-09,True
1668105,Talend S.A.,WeightedAverageNumberOfShareOutstandingBasicAndDiluted,SHARES_BASIC_DILUTED_COMBINED,shares,31635000.0,2020-07-01,2020-09-30,92,1,2020-11-09,10-Q,Q3,2020,CY2020Q3,0001668105-20-000083,2020-11-09T16:33:55.000Z,10-Q,2020-11-09,True
1668105,Talend S.A.,WeightedAverageNumberOfShareOutstandingBasicAndDiluted,SHARES_BASIC_DILUTED_COMBINED,shares,31535000.0,2020-01-01,2020-12-31,366,4,2021-03-01,10-K,FY,2020,CY2020,0001668105-21-000016,2021-03-01T08:31:11.000Z,10-K,2021-03-01,True
1741830,"Kronos Bio, Inc.",WeightedAverageNumberOfShareOutstandingBasicAndDiluted,SHARES_BASIC_DILUTED_COMBINED,shares,4856774.0,2018-01-01,2018-12-31,365,4,2021-03-23,10-K,FY,2020,CY2018,0001741830-21-000018,2021-03-23T16:10:34.000Z,10-K,2021-03-23,True
1741830,"Kronos Bio, Inc.",WeightedAverageNumberOfShareOutstandingBasicAndDiluted,SHARES_BASIC_DILUTED_COMBINED,shares,5196681.0,2019-01-01,2019-09-30,273,3,2020-11-18,10-Q,Q3,2020,,0001741830-20-000018,2020-11-18T08:05:00.000Z,10-Q,2020-11-18,True
1741830,"Kronos Bio, Inc.",WeightedAverageNumberOfShareOutstandingBasicAndDiluted,SHARES_BASIC_DILUTED_COMBINED,shares,5409433.0,2019-07-01,2019-09-30,92,1,2020-11-18,10-Q,Q3,2020,CY2019Q3,0001741830-20-000018,2020-11-18T08:05:00.000Z,10-Q,2020-11-18,True
1741830,"Kronos Bio, Inc.",WeightedAverageNumberOfShareOutstandingBasicAndDiluted,SHARES_BASIC_DILUTED_COMBINED,shares,5278748.0,2019-01-01,2019-12-31,365,4,2021-03-23,10-K,FY,2020,,0001741830-21-000018,2021-03-23T16:10:34.000Z,10-K,2021-03-23,True
1741830,"Kronos Bio, Inc.",WeightedAverageNumberOfShareOutstandingBasicAndDiluted,SHARES_BASIC_DILUTED_COMBINED,shares,5278748.0,2019-10-01,2019-12-31,92,1,2021-03-23,10-K,FY,2020,CY2019Q4,0001741830-21-000018,2021-03-23T16:10:34.000Z,10-K,2021-03-23,True
1741830,"Kronos Bio, Inc.",WeightedAverageNumberOfShareOutstandingBasicAndDiluted,SHARES_BASIC_DILUTED_COMBINED,shares,5278748.0,2019-01-01,2019-12-31,365,4,2022-02-24,10-K,FY,2021,CY2019,0001741830-22-000006,2022-02-24T16:19:36.000Z,10-K,2022-02-24,True
1741830,"Kronos Bio, Inc.",WeightedAverageNumberOfShareOutstandingBasicAndDiluted,SHARES_BASIC_DILUTED_COMBINED,shares,5694832.0,2020-01-01,2020-03-31,91,1,2021-05-11,10-Q,Q1,2021,CY2020Q1,0001741830-21-000028,2021-05-11T16:08:38.000Z,10-Q,2021-05-11,True
1741830,"Kronos Bio, Inc.",WeightedAverageNumberOfShareOutstandingBasicAndDiluted,SHARES_BASIC_DILUTED_COMBINED,shares,5764389.0,2020-01-01,2020-06-30,182,2,2021-08-12,10-Q,Q2,2021,,0001741830-21-000041,2021-08-12T16:31:54.000Z,10-Q,2021-08-12,True
1741830,"Kronos Bio, Inc.",WeightedAverageNumberOfShareOutstandingBasicAndDiluted,SHARES_BASIC_DILUTED_COMBINED,shares,5833946.0,2020-04-01,2020-06-30,91,1,2021-08-12,10-Q,Q2,2021,CY2020Q2,0001741830-21-000041,2021-08-12T16:31:54.000Z,10-Q,2021-08-12,True
1741830,"Kronos Bio, Inc.",WeightedAverageNumberOfShareOutstandingBasicAndDiluted,SHARES_BASIC_DILUTED_COMBINED,shares,5886191.0,2020-01-01,2020-09-30,274,3,2020-11-18,10-Q,Q3,2020,,0001741830-20-000018,2020-11-18T08:05:00.000Z,10-Q,2020-11-18,True
1741830,"Kronos Bio, Inc.",WeightedAverageNumberOfShareOutstandingBasicAndDiluted,SHARES_BASIC_DILUTED_COMBINED,shares,6127146.0,2020-07-01,2020-09-30,92,1,2020-11-18,10-Q,Q3,2020,,0001741830-20-000018,2020-11-18T08:05:00.000Z,10-Q,2020-11-18,True
1741830,"Kronos Bio, Inc.",WeightedAverageNumberOfShareOutstandingBasicAndDiluted,SHARES_BASIC_DILUTED_COMBINED,shares,5886191.0,2020-01-01,2020-09-30,274,3,2021-11-09,10-Q,Q3,2021,,0001741830-21-000045,2021-11-09T16:06:35.000Z,10-Q,2021-11-09,True
1741830,"Kronos Bio, Inc.",WeightedAverageNumberOfShareOutstandingBasicAndDiluted,SHARES_BASIC_DILUTED_COMBINED,shares,6127146.0,2020-07-01,2020-09-30,92,1,2021-11-09,10-Q,Q3,2021,CY2020Q3,0001741830-21-000045,2021-11-09T16:06:35.000Z,10-Q,2021-11-09,True
1741830,"Kronos Bio, Inc.",WeightedAverageNumberOfShareOutstandingBasicAndDiluted,SHARES_BASIC_DILUTED_COMBINED,shares,16277247.0,2020-01-01,2020-12-31,366,4,2021-03-23,10-K,FY,2020,,0001741830-21-000018,2021-03-23T16:10:34.000Z,10-K,2021-03-23,True
1741830,"Kronos Bio, Inc.",WeightedAverageNumberOfShareOutstandingBasicAndDiluted,SHARES_BASIC_DILUTED_COMBINED,shares,16277247.0,2020-10-01,2020-12-31,92,1,2021-03-23,10-K,FY,2020,CY2020Q4,0001741830-21-000018,2021-03-23T16:10:34.000Z,10-K,2021-03-23,True
1741830,"Kronos Bio, Inc.",WeightedAverageNumberOfShareOutstandingBasicAndDiluted,SHARES_BASIC_DILUTED_COMBINED,shares,16277247.0,2020-01-01,2020-12-31,366,4,2022-02-24,10-K,FY,2021,CY2020,0001741830-22-000006,2022-02-24T16:19:36.000Z,10-K,2022-02-24,True
1741830,"Kronos Bio, Inc.",WeightedAverageNumberOfShareOutstandingBasicAndDiluted,SHARES_BASIC_DILUTED_COMBINED,shares,54152656.0,2021-01-01,2021-03-31,90,1,2021-05-11,10-Q,Q1,2021,CY2021Q1,0001741830-21-000028,2021-05-11T16:08:38.000Z,10-Q,2021-05-11,True
1741830,"Kronos Bio, Inc.",WeightedAverageNumberOfShareOutstandingBasicAndDiluted,SHARES_BASIC_DILUTED_COMBINED,shares,54330402.0,2021-01-01,2021-06-30,181,2,2021-08-12,10-Q,Q2,2021,,0001741830-21-000041,2021-08-12T16:31:54.000Z,10-Q,2021-08-12,True
1741830,"Kronos Bio, Inc.",WeightedAverageNumberOfShareOutstandingBasicAndDiluted,SHARES_BASIC_DILUTED_COMBINED,shares,54506195.0,2021-04-01,2021-06-30,91,1,2021-08-12,10-Q,Q2,2021,CY2021Q2,0001741830-21-000041,2021-08-12T16:31:54.000Z,10-Q,2021-08-12,True
1741830,"Kronos Bio, Inc.",WeightedAverageNumberOfShareOutstandingBasicAndDiluted,SHARES_BASIC_DILUTED_COMBINED,shares,54549747.0,2021-01-01,2021-09-30,273,3,2021-11-09,10-Q,Q3,2021,,0001741830-21-000045,2021-11-09T16:06:35.000Z,10-Q,2021-11-09,True
1741830,"Kronos Bio, Inc.",WeightedAverageNumberOfShareOutstandingBasicAndDiluted,SHARES_BASIC_DILUTED_COMBINED,shares,54977085.0,2021-07-01,2021-09-30,92,1,2021-11-09,10-Q,Q3,2021,CY2021Q3,0001741830-21-000045,2021-11-09T16:06:35.000Z,10-Q,2021-11-09,True
1741830,"Kronos Bio, Inc.",WeightedAverageNumberOfShareOutstandingBasicAndDiluted,SHARES_BASIC_DILUTED_COMBINED,shares,54753599.0,2021-01-01,2021-12-31,365,4,2022-02-24,10-K,FY,2021,CY2021,0001741830-22-000006,2022-02-24T16:19:36.000Z,10-K,2022-02-24,True
1743907,"Sun Country Airlines Holdings, Inc.",WeightedAverageNumberDilutedSharesOutstandingAdjustment,DILUTED_SHARES_ADJUSTMENT,shares,4553552.0,2021-01-01,2021-06-30,181,2,2022-08-10,10-Q,Q2,2022,,0001743907-22-000010,2022-08-10T20:17:54.000Z,10-Q,2022-08-10,True
1743907,"Sun Country Airlines Holdings, Inc.",WeightedAverageNumberDilutedSharesOutstandingAdjustment,DILUTED_SHARES_ADJUSTMENT,shares,4826282.0,2021-04-01,2021-06-30,91,1,2022-08-10,10-Q,Q2,2022,CY2021Q2,0001743907-22-000010,2022-08-10T20:17:54.000Z,10-Q,2022-08-10,True
1743907,"Sun Country Airlines Holdings, Inc.",WeightedAverageNumberDilutedSharesOutstandingAdjustment,DILUTED_SHARES_ADJUSTMENT,shares,4331760.0,2021-01-01,2021-09-30,273,3,2022-11-02,10-Q,Q3,2022,,0001743907-22-000018,2022-11-02T15:05:38.000Z,10-Q,2022-11-02,True
1743907,"Sun Country Airlines Holdings, Inc.",WeightedAverageNumberDilutedSharesOutstandingAdjustment,DILUTED_SHARES_ADJUSTMENT,shares,4357274.0,2021-07-01,2021-09-30,92,1,2022-11-02,10-Q,Q3,2022,CY2021Q3,0001743907-22-000018,2022-11-02T15:05:38.000Z,10-Q,2022-11-02,True
1743907,"Sun Country Airlines Holdings, Inc.",WeightedAverageNumberDilutedSharesOutstandingAdjustment,DILUTED_SHARES_ADJUSTMENT,shares,0.0,2022-01-01,2022-06-30,181,2,2022-08-10,10-Q,Q2,2022,,0001743907-22-000010,2022-08-10T20:17:54.000Z,10-Q,2022-08-10,True
1743907,"Sun Country Airlines Holdings, Inc.",WeightedAverageNumberDilutedSharesOutstandingAdjustment,DILUTED_SHARES_ADJUSTMENT,shares,0.0,2022-04-01,2022-06-30,91,1,2022-08-10,10-Q,Q2,2022,,0001743907-22-000010,2022-08-10T20:17:54.000Z,10-Q,2022-08-10,True
1743907,"Sun Country Airlines Holdings, Inc.",WeightedAverageNumberDilutedSharesOutstandingAdjustment,DILUTED_SHARES_ADJUSTMENT,shares,3333534.0,2022-01-01,2022-09-30,273,3,2022-11-02,10-Q,Q3,2022,,0001743907-22-000018,2022-11-02T15:05:38.000Z,10-Q,2022-11-02,True
1743907,"Sun Country Airlines Holdings, Inc.",WeightedAverageNumberDilutedSharesOutstandingAdjustment,DILUTED_SHARES_ADJUSTMENT,shares,2646910.0,2022-07-01,2022-09-30,92,1,2022-11-02,10-Q,Q3,2022,,0001743907-22-000018,2022-11-02T15:05:38.000Z,10-Q,2022-11-02,True
1756497,Change Healthcare Inc.,WeightedAverageNumberOfShareOutstandingBasicAndDiluted,SHARES_BASIC_DILUTED_COMBINED,shares,75513130.0,2018-04-01,2019-03-31,365,4,2021-05-27,10-K,FY,2021,CY2018,0001193125-21-175345,2021-05-27T16:27:24.000Z,10-K,2021-05-27,True
1756497,Change Healthcare Inc.,WeightedAverageNumberOfShareOutstandingBasicAndDiluted,SHARES_BASIC_DILUTED_COMBINED,shares,75474654.0,2019-04-01,2019-06-30,91,1,2020-08-06,10-Q,Q1,2021,CY2019Q2,0001193125-20-211978,2020-08-06T16:40:17.000Z,10-Q,2020-08-06,True
1756497,Change Healthcare Inc.,WeightedAverageNumberOfShareOutstandingBasicAndDiluted,SHARES_BASIC_DILUTED_COMBINED,shares,109111853.0,2019-04-01,2019-09-30,183,2,2020-11-05,10-Q,Q2,2021,,0001193125-20-286867,2020-11-05T16:31:18.000Z,10-Q,2020-11-05,True
1756497,Change Healthcare Inc.,WeightedAverageNumberOfShareOutstandingBasicAndDiluted,SHARES_BASIC_DILUTED_COMBINED,shares,142223836.0,2019-07-01,2019-09-30,92,1,2020-11-05,10-Q,Q2,2021,CY2019Q3,0001193125-20-286867,2020-11-05T16:31:18.000Z,10-Q,2020-11-05,True
1756497,Change Healthcare Inc.,WeightedAverageNumberOfShareOutstandingBasicAndDiluted,SHARES_BASIC_DILUTED_COMBINED,shares,136996624.0,2019-04-01,2020-03-31,366,4,2021-05-27,10-K,FY,2021,,0001193125-21-175345,2021-05-27T16:27:24.000Z,10-K,2021-05-27,True
1756497,Change Healthcare Inc.,WeightedAverageNumberOfShareOutstandingBasicAndDiluted,SHARES_BASIC_DILUTED_COMBINED,shares,136996624.0,2019-04-01,2020-03-31,366,4,2022-05-26,10-K,FY,2022,CY2019,0001756497-22-000007,2022-05-26T16:21:45.000Z,10-K,2022-05-26,True
1756497,Change Healthcare Inc.,WeightedAverageNumberOfShareOutstandingBasicAndDiluted,SHARES_BASIC_DILUTED_COMBINED,shares,320052943.0,2020-04-01,2020-06-30,91,1,2020-08-06,10-Q,Q1,2021,,0001193125-20-211978,2020-08-06T16:40:17.000Z,10-Q,2020-08-06,True
1756497,Change Healthcare Inc.,WeightedAverageNumberOfShareOutstandingBasicAndDiluted,SHARES_BASIC_DILUTED_COMBINED,shares,320052943.0,2020-04-01,2020-06-30,91,1,2021-08-05,10-Q,Q1,2022,CY2020Q2,0001562762-21-000311,2021-08-05T16:19:49.000Z,10-Q,2021-08-05,True
1756497,Change Healthcare Inc.,WeightedAverageNumberOfShareOutstandingBasicAndDiluted,SHARES_BASIC_DILUTED_COMBINED,shares,320347128.0,2020-04-01,2020-09-30,183,2,2020-11-05,10-Q,Q2,2021,,0001193125-20-286867,2020-11-05T16:31:18.000Z,10-Q,2020-11-05,True
1756497,Change Healthcare Inc.,WeightedAverageNumberOfShareOutstandingBasicAndDiluted,SHARES_BASIC_DILUTED_COMBINED,shares,320638116.0,2020-07-01,2020-09-30,92,1,2020-11-05,10-Q,Q2,2021,,0001193125-20-286867,2020-11-05T16:31:18.000Z,10-Q,2020-11-05,True
1756497,Change Healthcare Inc.,WeightedAverageNumberOfShareOutstandingBasicAndDiluted,SHARES_BASIC_DILUTED_COMBINED,shares,320347128.0,2020-04-01,2020-09-30,183,2,2021-11-04,10-Q,Q2,2022,,0001756497-21-000003,2021-11-04T16:16:55.000Z,10-Q,2021-11-04,True
1756497,Change Healthcare Inc.,WeightedAverageNumberOfShareOutstandingBasicAndDiluted,SHARES_BASIC_DILUTED_COMBINED,shares,320638116.0,2020-07-01,2020-09-30,92,1,2021-11-04,10-Q,Q2,2022,CY2020Q3,0001756497-21-000003,2021-11-04T16:16:55.000Z,10-Q,2021-11-04,True
1756497,Change Healthcare Inc.,WeightedAverageNumberOfShareOutstandingBasicAndDiluted,SHARES_BASIC_DILUTED_COMBINED,shares,320771789.0,2020-04-01,2021-03-31,365,4,2021-05-27,10-K,FY,2021,,0001193125-21-175345,2021-05-27T16:27:24.000Z,10-K,2021-05-27,True
1756497,Change Healthcare Inc.,WeightedAverageNumberOfShareOutstandingBasicAndDiluted,SHARES_BASIC_DILUTED_COMBINED,shares,320771789.0,2020-04-01,2021-03-31,365,4,2022-05-26,10-K,FY,2022,CY2020,0001756497-22-000007,2022-05-26T16:21:45.000Z,10-K,2022-05-26,True
1756497,Change Healthcare Inc.,WeightedAverageNumberOfShareOutstandingBasicAndDiluted,SHARES_BASIC_DILUTED_COMBINED,shares,322546171.0,2021-04-01,2021-06-30,91,1,2021-08-05,10-Q,Q1,2022,CY2021Q2,0001562762-21-000311,2021-08-05T16:19:49.000Z,10-Q,2021-08-05,True
1756497,Change Healthcare Inc.,WeightedAverageNumberOfShareOutstandingBasicAndDiluted,SHARES_BASIC_DILUTED_COMBINED,shares,323309280.0,2021-04-01,2021-09-30,183,2,2021-11-04,10-Q,Q2,2022,,0001756497-21-000003,2021-11-04T16:16:55.000Z,10-Q,2021-11-04,True
1756497,Change Healthcare Inc.,WeightedAverageNumberOfShareOutstandingBasicAndDiluted,SHARES_BASIC_DILUTED_COMBINED,shares,324060460.0,2021-07-01,2021-09-30,92,1,2021-11-04,10-Q,Q2,2022,CY2021Q3,0001756497-21-000003,2021-11-04T16:16:55.000Z,10-Q,2021-11-04,True
1756497,Change Healthcare Inc.,WeightedAverageNumberOfShareOutstandingBasicAndDiluted,SHARES_BASIC_DILUTED_COMBINED,shares,323996600.0,2021-04-01,2022-03-31,365,4,2022-05-26,10-K,FY,2022,CY2021,0001756497-22-000007,2022-05-26T16:21:45.000Z,10-K,2022-05-26,True
1761940,Diamond S Shipping Inc.,WeightedAverageNumberDilutedSharesOutstandingAdjustment,DILUTED_SHARES_ADJUSTMENT,shares,0.0,2018-01-01,2018-09-30,273,3,2019-11-14,10-Q,Q3,2019,,0001104659-19-063801,2019-11-14T09:24:29.000Z,10-Q,2019-11-14,True
1761940,Diamond S Shipping Inc.,WeightedAverageNumberDilutedSharesOutstandingAdjustment,DILUTED_SHARES_ADJUSTMENT,shares,0.0,2018-07-01,2018-09-30,92,1,2019-11-14,10-Q,Q3,2019,CY2018Q3,0001104659-19-063801,2019-11-14T09:24:29.000Z,10-Q,2019-11-14,True
1761940,Diamond S Shipping Inc.,WeightedAverageNumberDilutedSharesOutstandingAdjustment,DILUTED_SHARES_ADJUSTMENT,shares,0.0,2019-01-01,2019-03-31,90,1,2020-05-13,10-Q,Q1,2020,CY2019Q1,0001104659-20-060833,2020-05-13T16:03:38.000Z,10-Q,2020-05-13,True
1761940,Diamond S Shipping Inc.,WeightedAverageNumberDilutedSharesOutstandingAdjustment,DILUTED_SHARES_ADJUSTMENT,shares,0.0,2019-01-01,2019-09-30,273,3,2019-11-14,10-Q,Q3,2019,,0001104659-19-063801,2019-11-14T09:24:29.000Z,10-Q,2019-11-14,True
1761940,Diamond S Shipping Inc.,WeightedAverageNumberDilutedSharesOutstandingAdjustment,DILUTED_SHARES_ADJUSTMENT,shares,0.0,2019-07-01,2019-09-30,92,1,2019-11-14,10-Q,Q3,2019,CY2019Q3,0001104659-19-063801,2019-11-14T09:24:29.000Z,10-Q,2019-11-14,True
1761940,Diamond S Shipping Inc.,WeightedAverageNumberDilutedSharesOutstandingAdjustment,DILUTED_SHARES_ADJUSTMENT,shares,268620.0,2020-01-01,2020-03-31,91,1,2020-05-13,10-Q,Q1,2020,,0001104659-20-060833,2020-05-13T16:03:38.000Z,10-Q,2020-05-13,True
1761940,Diamond S Shipping Inc.,WeightedAverageNumberDilutedSharesOutstandingAdjustment,DILUTED_SHARES_ADJUSTMENT,shares,268620.0,2020-01-01,2020-03-31,91,1,2021-05-10,10-Q,Q1,2021,CY2020Q1,0001104659-21-064046,2021-05-10T17:29:41.000Z,10-Q,2021-05-10,True
1761940,Diamond S Shipping Inc.,WeightedAverageNumberDilutedSharesOutstandingAdjustment,DILUTED_SHARES_ADJUSTMENT,shares,229704.0,2020-01-01,2020-06-30,182,2,2020-08-14,10-Q,Q2,2020,,0001104659-20-095549,2020-08-14T16:16:32.000Z,10-Q,2020-08-14,True
1761940,Diamond S Shipping Inc.,WeightedAverageNumberDilutedSharesOutstandingAdjustment,DILUTED_SHARES_ADJUSTMENT,shares,190789.0,2020-04-01,2020-06-30,91,1,2020-08-14,10-Q,Q2,2020,CY2020Q2,0001104659-20-095549,2020-08-14T16:16:32.000Z,10-Q,2020-08-14,True
1761940,Diamond S Shipping Inc.,WeightedAverageNumberDilutedSharesOutstandingAdjustment,DILUTED_SHARES_ADJUSTMENT,shares,226181.0,2020-01-01,2020-09-30,274,3,2020-11-16,10-Q,Q3,2020,,0001104659-20-125886,2020-11-16T16:54:16.000Z,10-Q,2020-11-16,True
1761940,Diamond S Shipping Inc.,WeightedAverageNumberOfShareOutstandingBasicAndDiluted,SHARES_BASIC_DILUTED_COMBINED,shares,27165696.0,2018-01-01,2018-03-31,90,1,2019-06-14,10-Q,Q1,2019,CY2018Q1,0001144204-19-031020,2019-06-14T16:48:44.000Z,10-Q/A,2019-06-14,True
1761940,Diamond S Shipping Inc.,WeightedAverageNumberOfShareOutstandingBasicAndDiluted,SHARES_BASIC_DILUTED_COMBINED,shares,27165696.0,2018-04-01,2018-06-30,91,1,2020-03-27,10-K,FY,2019,,0001104659-20-039594,2020-03-27T16:08:25.000Z,10-K,2020-03-27,True
1761940,Diamond S Shipping Inc.,WeightedAverageNumberOfShareOutstandingBasicAndDiluted,SHARES_BASIC_DILUTED_COMBINED,shares,27165696.0,2018-04-01,2018-06-30,91,1,2021-03-16,10-K,FY,2020,CY2018Q2,0001104659-21-037188,2021-03-16T16:55:04.000Z,10-K,2021-03-16,True
1761940,Diamond S Shipping Inc.,WeightedAverageNumberOfShareOutstandingBasicAndDiluted,SHARES_BASIC_DILUTED_COMBINED,shares,27165696.0,2018-07-01,2018-09-30,92,1,2020-03-27,10-K,FY,2019,,0001104659-20-039594,2020-03-27T16:08:25.000Z,10-K,2020-03-27,True
1761940,Diamond S Shipping Inc.,WeightedAverageNumberOfShareOutstandingBasicAndDiluted,SHARES_BASIC_DILUTED_COMBINED,shares,27165696.0,2018-07-01,2018-09-30,92,1,2021-03-16,10-K,FY,2020,CY2018Q3,0001104659-21-037188,2021-03-16T16:55:04.000Z,10-K,2021-03-16,True
1761940,Diamond S Shipping Inc.,WeightedAverageNumberOfShareOutstandingBasicAndDiluted,SHARES_BASIC_DILUTED_COMBINED,shares,27165696.0,2018-10-01,2018-12-31,92,1,2020-03-27,10-K,FY,2019,,0001104659-20-039594,2020-03-27T16:08:25.000Z,10-K,2020-03-27,True
1761940,Diamond S Shipping Inc.,WeightedAverageNumberOfShareOutstandingBasicAndDiluted,SHARES_BASIC_DILUTED_COMBINED,shares,27165696.0,2018-10-01,2018-12-31,92,1,2021-03-16,10-K,FY,2020,CY2018Q4,0001104659-21-037188,2021-03-16T16:55:04.000Z,10-K,2021-03-16,True
1761940,Diamond S Shipping Inc.,WeightedAverageNumberOfShareOutstandingBasicAndDiluted,SHARES_BASIC_DILUTED_COMBINED,shares,27731252.0,2019-01-01,2019-03-31,90,1,2019-06-14,10-Q,Q1,2019,CY2019Q1,0001144204-19-031020,2019-06-14T16:48:44.000Z,10-Q/A,2019-06-14,True
1786205,"ARCELLX, INC.",WeightedAverageNumberOfShareOutstandingBasicAndDiluted,SHARES_BASIC_DILUTED_COMBINED,shares,337302.0,2021-01-01,2021-03-31,90,1,2022-05-12,10-Q,Q1,2022,CY2021Q1,0000950170-22-009732,2022-05-12T20:37:48.000Z,10-Q,2022-05-12,True
1786205,"ARCELLX, INC.",WeightedAverageNumberOfShareOutstandingBasicAndDiluted,SHARES_BASIC_DILUTED_COMBINED,shares,20760722.0,2022-01-01,2022-03-31,90,1,2022-05-12,10-Q,Q1,2022,CY2022Q1,0000950170-22-009732,2022-05-12T20:37:48.000Z,10-Q,2022-05-12,True
1799332,GAN Limited,WeightedAverageNumberOfShareOutstandingBasicAndDiluted,SHARES_BASIC_DILUTED_COMBINED,shares,23870084.0,2020-01-01,2020-06-30,182,2,2022-04-15,10-Q/A,Q2,2021,,0001493152-22-010087,2022-04-15T16:18:24.000Z,10-Q/A,2022-04-15,True
1799332,GAN Limited,WeightedAverageNumberOfShareOutstandingBasicAndDiluted,SHARES_BASIC_DILUTED_COMBINED,shares,26227944.0,2020-04-01,2020-06-30,91,1,2022-04-15,10-Q/A,Q2,2021,CY2020Q2,0001493152-22-010087,2022-04-15T16:18:24.000Z,10-Q/A,2022-04-15,True
1799332,GAN Limited,WeightedAverageNumberOfShareOutstandingBasicAndDiluted,SHARES_BASIC_DILUTED_COMBINED,shares,25782776.0,2020-01-01,2020-09-30,274,3,2021-11-12,10-Q,Q3,2021,,0001493152-21-028228,2021-11-12T17:02:59.000Z,10-Q,2021-11-12,True
1799332,GAN Limited,WeightedAverageNumberOfShareOutstandingBasicAndDiluted,SHARES_BASIC_DILUTED_COMBINED,shares,29571905.0,2020-07-01,2020-09-30,92,1,2021-11-12,10-Q,Q3,2021,,0001493152-21-028228,2021-11-12T17:02:59.000Z,10-Q,2021-11-12,True
1799332,GAN Limited,WeightedAverageNumberOfShareOutstandingBasicAndDiluted,SHARES_BASIC_DILUTED_COMBINED,shares,25782776.0,2020-01-01,2020-09-30,274,3,2022-04-15,10-Q/A,Q3,2021,,0001493152-22-010090,2022-04-15T16:21:24.000Z,10-Q/A,2022-04-15,True
1799332,GAN Limited,WeightedAverageNumberOfShareOutstandingBasicAndDiluted,SHARES_BASIC_DILUTED_COMBINED,shares,29571905.0,2020-07-01,2020-09-30,92,1,2022-04-15,10-Q/A,Q3,2021,CY2020Q3,0001493152-22-010090,2022-04-15T16:21:24.000Z,10-Q/A,2022-04-15,True
1799332,GAN Limited,WeightedAverageNumberOfShareOutstandingBasicAndDiluted,SHARES_BASIC_DILUTED_COMBINED,shares,27006058.0,2020-01-01,2020-12-31,366,4,2022-04-15,10-K,FY,2021,CY2020,0001493152-22-010132,2022-04-15T17:12:27.000Z,10-K,2022-04-15,True
1799332,GAN Limited,WeightedAverageNumberOfShareOutstandingBasicAndDiluted,SHARES_BASIC_DILUTED_COMBINED,shares,41912285.0,2021-01-01,2021-06-30,181,2,2022-04-15,10-Q/A,Q2,2021,,0001493152-22-010087,2022-04-15T16:18:24.000Z,10-Q/A,2022-04-15,True
1799332,GAN Limited,WeightedAverageNumberOfShareOutstandingBasicAndDiluted,SHARES_BASIC_DILUTED_COMBINED,shares,41931948.0,2021-04-01,2021-06-30,91,1,2022-04-15,10-Q/A,Q2,2021,CY2021Q2,0001493152-22-010087,2022-04-15T16:18:24.000Z,10-Q/A,2022-04-15,True
1799332,GAN Limited,WeightedAverageNumberOfShareOutstandingBasicAndDiluted,SHARES_BASIC_DILUTED_COMBINED,shares,41962535.0,2021-01-01,2021-09-30,273,3,2021-11-12,10-Q,Q3,2021,,0001493152-21-028228,2021-11-12T17:02:59.000Z,10-Q,2021-11-12,True
1799332,GAN Limited,WeightedAverageNumberOfShareOutstandingBasicAndDiluted,SHARES_BASIC_DILUTED_COMBINED,shares,42061396.0,2021-07-01,2021-09-30,92,1,2021-11-12,10-Q,Q3,2021,,0001493152-21-028228,2021-11-12T17:02:59.000Z,10-Q,2021-11-12,True
1799332,GAN Limited,WeightedAverageNumberOfShareOutstandingBasicAndDiluted,SHARES_BASIC_DILUTED_COMBINED,shares,41962535.0,2021-01-01,2021-09-30,273,3,2022-04-15,10-Q/A,Q3,2021,,0001493152-22-010090,2022-04-15T16:21:24.000Z,10-Q/A,2022-04-15,True
1799332,GAN Limited,WeightedAverageNumberOfShareOutstandingBasicAndDiluted,SHARES_BASIC_DILUTED_COMBINED,shares,42061396.0,2021-07-01,2021-09-30,92,1,2022-04-15,10-Q/A,Q3,2021,CY2021Q3,0001493152-22-010090,2022-04-15T16:21:24.000Z,10-Q/A,2022-04-15,True
1799332,GAN Limited,WeightedAverageNumberOfShareOutstandingBasicAndDiluted,SHARES_BASIC_DILUTED_COMBINED,shares,42023327.0,2021-01-01,2021-12-31,365,4,2022-04-15,10-K,FY,2021,CY2021,0001493152-22-010132,2022-04-15T17:12:27.000Z,10-K,2022-04-15,True
1802457,"Origin Materials, Inc.",WeightedAverageNumberOfShareOutstandingBasicAndDiluted,SHARES_BASIC_DILUTED_COMBINED,shares,15750000.0,2020-01-24,2020-06-30,159,2,2020-08-19,10-Q,Q2,2020,,0001193125-20-223782,2020-08-18T22:26:44.000Z,10-Q,2020-08-19,True
1802457,"Origin Materials, Inc.",WeightedAverageNumberOfShareOutstandingBasicAndDiluted,SHARES_BASIC_DILUTED_COMBINED,shares,15750000.0,2020-04-01,2020-06-30,91,1,2020-08-19,10-Q,Q2,2020,CY2020Q2,0001193125-20-223782,2020-08-18T22:26:44.000Z,10-Q,2020-08-19,True
1802457,"Origin Materials, Inc.",WeightedAverageNumberOfShareOutstandingBasicAndDiluted,SHARES_BASIC_DILUTED_COMBINED,shares,17406749.0,2020-01-24,2020-09-30,251,3,2020-10-28,10-Q,Q3,2020,,0001193125-20-279941,2020-10-28T20:56:06.000Z,10-Q,2020-10-28,True
1802457,"Origin Materials, Inc.",WeightedAverageNumberOfShareOutstandingBasicAndDiluted,SHARES_BASIC_DILUTED_COMBINED,shares,20071954.0,2020-07-01,2020-09-30,92,1,2020-10-28,10-Q,Q3,2020,CY2020Q3,0001193125-20-279941,2020-10-28T20:56:06.000Z,10-Q,2020-10-28,True
1802457,"Origin Materials, Inc.",WeightedAverageNumberOfShareOutstandingBasicAndDiluted,SHARES_BASIC_DILUTED_COMBINED,shares,19148062.0,2020-01-24,2020-09-30,251,3,2021-05-03,10-K/A,FY,2020,,0001193125-21-146230,2021-05-01T01:51:52.000Z,10-K/A,2021-05-03,True
1802457,"Origin Materials, Inc.",WeightedAverageNumberOfShareOutstandingBasicAndDiluted,SHARES_BASIC_DILUTED_COMBINED,shares,18400891.0,2020-01-24,2020-12-31,343,4,2021-03-05,10-K,FY,2020,,0001193125-21-069950,2021-03-05T01:42:45.000Z,10-K,2021-03-05,True
1802457,"Origin Materials, Inc.",WeightedAverageNumberOfShareOutstandingBasicAndDiluted,SHARES_BASIC_DILUTED_COMBINED,shares,21242273.0,2020-01-24,2020-12-31,343,4,2021-05-03,10-K/A,FY,2020,CY2020,0001193125-21-146230,2021-05-01T01:51:52.000Z,10-K/A,2021-05-03,True
1840904,Atai Beckley N.V.,WeightedAverageNumberOfShareOutstandingBasicAndDiluted,SHARES_BASIC_DILUTED_COMBINED,shares,90709312.0,2020-01-01,2020-06-30,182,2,2021-08-20,10-Q/A,Q2,2021,,0001193125-21-252855,2021-08-20T21:02:41.000Z,10-Q/A,2021-08-20,True
1840904,Atai Beckley N.V.,WeightedAverageNumberOfShareOutstandingBasicAndDiluted,SHARES_BASIC_DILUTED_COMBINED,shares,90709312.0,2020-04-01,2020-06-30,91,1,2021-08-20,10-Q/A,Q2,2021,CY2020Q2,0001193125-21-252855,2021-08-20T21:02:41.000Z,10-Q/A,2021-08-20,True
1840904,Atai Beckley N.V.,WeightedAverageNumberOfShareOutstandingBasicAndDiluted,SHARES_BASIC_DILUTED_COMBINED,shares,90709312.0,2020-01-01,2020-09-30,274,3,2021-11-15,10-Q,Q3,2021,,0000950170-21-004541,2021-11-15T18:48:21.000Z,10-Q,2021-11-15,True
1840904,Atai Beckley N.V.,WeightedAverageNumberOfShareOutstandingBasicAndDiluted,SHARES_BASIC_DILUTED_COMBINED,shares,90709312.0,2020-07-01,2020-09-30,92,1,2021-11-15,10-Q,Q3,2021,CY2020Q3,0000950170-21-004541,2021-11-15T18:48:21.000Z,10-Q,2021-11-15,True
1840904,Atai Beckley N.V.,WeightedAverageNumberOfShareOutstandingBasicAndDiluted,SHARES_BASIC_DILUTED_COMBINED,shares,93019072.0,2020-01-01,2020-12-31,366,4,2022-03-30,10-K,FY,2021,CY2020,0000950170-22-005013,2022-03-30T17:48:23.000Z,10-K,2022-03-30,True
1840904,Atai Beckley N.V.,WeightedAverageNumberOfShareOutstandingBasicAndDiluted,SHARES_BASIC_DILUTED_COMBINED,shares,119258529.0,2021-01-01,2021-03-31,90,1,2022-05-16,10-Q,Q1,2022,CY2021Q1,0000950170-22-009966,2022-05-16T13:10:01.000Z,10-Q,2022-05-16,True
1840904,Atai Beckley N.V.,WeightedAverageNumberOfShareOutstandingBasicAndDiluted,SHARES_BASIC_DILUTED_COMBINED,shares,125797732.0,2021-01-01,2021-06-30,181,2,2021-08-20,10-Q/A,Q2,2021,,0001193125-21-252855,2021-08-20T21:02:41.000Z,10-Q/A,2021-08-20,True
1840904,Atai Beckley N.V.,WeightedAverageNumberOfShareOutstandingBasicAndDiluted,SHARES_BASIC_DILUTED_COMBINED,shares,132265075.0,2021-04-01,2021-06-30,91,1,2021-08-20,10-Q/A,Q2,2021,CY2021Q2,0001193125-21-252855,2021-08-20T21:02:41.000Z,10-Q/A,2021-08-20,True
1840904,Atai Beckley N.V.,WeightedAverageNumberOfShareOutstandingBasicAndDiluted,SHARES_BASIC_DILUTED_COMBINED,shares,134334685.0,2021-01-01,2021-09-30,273,3,2021-11-15,10-Q,Q3,2021,,0000950170-21-004541,2021-11-15T18:48:21.000Z,10-Q,2021-11-15,True
1840904,Atai Beckley N.V.,WeightedAverageNumberOfShareOutstandingBasicAndDiluted,SHARES_BASIC_DILUTED_COMBINED,shares,151130212.0,2021-07-01,2021-09-30,92,1,2021-11-15,10-Q,Q3,2021,CY2021Q3,0000950170-21-004541,2021-11-15T18:48:21.000Z,10-Q,2021-11-15,True
1840904,Atai Beckley N.V.,WeightedAverageNumberOfShareOutstandingBasicAndDiluted,SHARES_BASIC_DILUTED_COMBINED,shares,138265859.0,2021-01-01,2021-12-31,365,4,2022-03-30,10-K,FY,2021,CY2021,0000950170-22-005013,2022-03-30T17:48:23.000Z,10-K,2022-03-30,True
1840904,Atai Beckley N.V.,WeightedAverageNumberOfShareOutstandingBasicAndDiluted,SHARES_BASIC_DILUTED_COMBINED,shares,153529268.0,2022-01-01,2022-03-31,90,1,2022-05-16,10-Q,Q1,2022,CY2022Q1,0000950170-22-009966,2022-05-16T13:10:01.000Z,10-Q,2022-05-16,True
1845337,"DAY ONE BIOPHARMACEUTICALS, INC.",WeightedAverageNumberOfShareOutstandingBasicAndDiluted,SHARES_BASIC_DILUTED_COMBINED,shares,5924640.0,2019-01-01,2019-12-31,365,4,2022-03-07,10-K,FY,2021,CY2019,0000950170-22-002959,2022-03-07T12:36:14.000Z,10-K,2022-03-07,True
1845337,"DAY ONE BIOPHARMACEUTICALS, INC.",WeightedAverageNumberOfShareOutstandingBasicAndDiluted,SHARES_BASIC_DILUTED_COMBINED,shares,5383549.0,2020-01-01,2020-06-30,182,2,2021-08-10,10-Q,Q2,2021,,0001193125-21-242039,2021-08-10T21:26:08.000Z,10-Q,2021-08-10,True
1845337,"DAY ONE BIOPHARMACEUTICALS, INC.",WeightedAverageNumberOfShareOutstandingBasicAndDiluted,SHARES_BASIC_DILUTED_COMBINED,shares,5456203.0,2020-04-01,2020-06-30,91,1,2021-08-10,10-Q,Q2,2021,CY2020Q2,0001193125-21-242039,2021-08-10T21:26:08.000Z,10-Q,2021-08-10,True
1845337,"DAY ONE BIOPHARMACEUTICALS, INC.",WeightedAverageNumberOfShareOutstandingBasicAndDiluted,SHARES_BASIC_DILUTED_COMBINED,shares,5456733.0,2020-01-01,2020-09-30,274,3,2021-11-08,10-Q,Q3,2021,,0000950170-21-003496,2021-11-08T21:53:19.000Z,10-Q,2021-11-08,True
1845337,"DAY ONE BIOPHARMACEUTICALS, INC.",WeightedAverageNumberOfShareOutstandingBasicAndDiluted,SHARES_BASIC_DILUTED_COMBINED,shares,5601511.0,2020-07-01,2020-09-30,92,1,2021-11-08,10-Q,Q3,2021,CY2020Q3,0000950170-21-003496,2021-11-08T21:53:19.000Z,10-Q,2021-11-08,True
1845337,"DAY ONE BIOPHARMACEUTICALS, INC.",WeightedAverageNumberOfShareOutstandingBasicAndDiluted,SHARES_BASIC_DILUTED_COMBINED,shares,5529519.0,2020-01-01,2020-12-31,366,4,2022-03-07,10-K,FY,2021,CY2020,0000950170-22-002959,2022-03-07T12:36:14.000Z,10-K,2022-03-07,True
1845337,"DAY ONE BIOPHARMACEUTICALS, INC.",WeightedAverageNumberOfShareOutstandingBasicAndDiluted,SHARES_BASIC_DILUTED_COMBINED,shares,5892145.0,2021-01-01,2021-03-31,90,1,2022-05-12,10-Q,Q1,2022,CY2021Q1,0000950170-22-009734,2022-05-12T20:39:41.000Z,10-Q,2022-05-12,True
1845337,"DAY ONE BIOPHARMACEUTICALS, INC.",WeightedAverageNumberOfShareOutstandingBasicAndDiluted,SHARES_BASIC_DILUTED_COMBINED,shares,11976577.0,2021-01-01,2021-06-30,181,2,2021-08-10,10-Q,Q2,2021,,0001193125-21-242039,2021-08-10T21:26:08.000Z,10-Q,2021-08-10,True
1845337,"DAY ONE BIOPHARMACEUTICALS, INC.",WeightedAverageNumberOfShareOutstandingBasicAndDiluted,SHARES_BASIC_DILUTED_COMBINED,shares,22661889.0,2021-04-01,2021-06-30,91,1,2021-08-10,10-Q,Q2,2021,CY2021Q2,0001193125-21-242039,2021-08-10T21:26:08.000Z,10-Q,2021-08-10,True
1845337,"DAY ONE BIOPHARMACEUTICALS, INC.",WeightedAverageNumberOfShareOutstandingBasicAndDiluted,SHARES_BASIC_DILUTED_COMBINED,shares,29859883.0,2021-01-01,2021-09-30,273,3,2021-11-08,10-Q,Q3,2021,,0000950170-21-003496,2021-11-08T21:53:19.000Z,10-Q,2021-11-08,True
1845337,"DAY ONE BIOPHARMACEUTICALS, INC.",WeightedAverageNumberOfShareOutstandingBasicAndDiluted,SHARES_BASIC_DILUTED_COMBINED,shares,57514218.0,2021-07-01,2021-09-30,92,1,2021-11-08,10-Q,Q3,2021,CY2021Q3,0000950170-21-003496,2021-11-08T21:53:19.000Z,10-Q,2021-11-08,True
1845337,"DAY ONE BIOPHARMACEUTICALS, INC.",WeightedAverageNumberOfShareOutstandingBasicAndDiluted,SHARES_BASIC_DILUTED_COMBINED,shares,36960569.0,2021-01-01,2021-12-31,365,4,2022-03-07,10-K,FY,2021,CY2021,0000950170-22-002959,2022-03-07T12:36:14.000Z,10-K,2022-03-07,True
1845337,"DAY ONE BIOPHARMACEUTICALS, INC.",WeightedAverageNumberOfShareOutstandingBasicAndDiluted,SHARES_BASIC_DILUTED_COMBINED,shares,58382444.0,2022-01-01,2022-03-31,90,1,2022-05-12,10-Q,Q1,2022,CY2022Q1,0000950170-22-009734,2022-05-12T20:39:41.000Z,10-Q,2022-05-12,True
1853513,"Mister Car Wash, Inc.",WeightedAverageNumberDilutedSharesOutstandingAdjustment,DILUTED_SHARES_ADJUSTMENT,shares,275920367.0,2020-01-01,2020-12-31,366,4,2022-03-25,10-K,FY,2021,,0000950170-22-004616,2022-03-25T12:14:34.000Z,10-K,2022-03-25,True
1853513,"Mister Car Wash, Inc.",WeightedAverageNumberDilutedSharesOutstandingAdjustment,DILUTED_SHARES_ADJUSTMENT,shares,278354463.0,2021-01-01,2021-03-31,90,1,2022-05-13,10-Q,Q1,2022,CY2021Q1,0000950170-22-009801,2022-05-13T12:08:31.000Z,10-Q,2022-05-13,True
1853513,"Mister Car Wash, Inc.",WeightedAverageNumberDilutedSharesOutstandingAdjustment,DILUTED_SHARES_ADJUSTMENT,shares,263218870000.0,2021-01-01,2021-06-30,181,2,2022-08-12,10-Q,Q2,2022,,0000950170-22-017006,2022-08-12T11:40:38.000Z,10-Q,2022-08-12,True
1853513,"Mister Car Wash, Inc.",WeightedAverageNumberDilutedSharesOutstandingAdjustment,DILUTED_SHARES_ADJUSTMENT,shares,264274968000.0,2021-04-01,2021-06-30,91,1,2022-08-12,10-Q,Q2,2022,CY2021Q2,0000950170-22-017006,2022-08-12T11:40:38.000Z,10-Q,2022-08-12,True
1853513,"Mister Car Wash, Inc.",WeightedAverageNumberDilutedSharesOutstandingAdjustment,DILUTED_SHARES_ADJUSTMENT,shares,274387532000.0,2021-01-01,2021-09-30,273,3,2022-11-14,10-Q,Q3,2022,,0000950170-22-024586,2022-11-10T23:03:22.000Z,10-Q,2022-11-14,True
1853513,"Mister Car Wash, Inc.",WeightedAverageNumberDilutedSharesOutstandingAdjustment,DILUTED_SHARES_ADJUSTMENT,shares,327320169000.0,2021-07-01,2021-09-30,92,1,2022-11-14,10-Q,Q3,2022,CY2021Q3,0000950170-22-024586,2022-11-10T23:03:22.000Z,10-Q,2022-11-14,True
1853513,"Mister Car Wash, Inc.",WeightedAverageNumberDilutedSharesOutstandingAdjustment,DILUTED_SHARES_ADJUSTMENT,shares,329172437.0,2022-01-01,2022-03-31,90,1,2022-05-13,10-Q,Q1,2022,,0000950170-22-009801,2022-05-13T12:08:31.000Z,10-Q,2022-05-13,True
1853513,"Mister Car Wash, Inc.",WeightedAverageNumberDilutedSharesOutstandingAdjustment,DILUTED_SHARES_ADJUSTMENT,shares,328205776000.0,2022-01-01,2022-06-30,181,2,2022-08-12,10-Q,Q2,2022,,0000950170-22-017006,2022-08-12T11:40:38.000Z,10-Q,2022-08-12,True
1853513,"Mister Car Wash, Inc.",WeightedAverageNumberDilutedSharesOutstandingAdjustment,DILUTED_SHARES_ADJUSTMENT,shares,327229531000.0,2022-04-01,2022-06-30,91,1,2022-08-12,10-Q,Q2,2022,,0000950170-22-017006,2022-08-12T11:40:38.000Z,10-Q,2022-08-12,True
1853513,"Mister Car Wash, Inc.",WeightedAverageNumberDilutedSharesOutstandingAdjustment,DILUTED_SHARES_ADJUSTMENT,shares,327773344000.0,2022-01-01,2022-09-30,273,3,2022-11-14,10-Q,Q3,2022,,0000950170-22-024586,2022-11-10T23:03:22.000Z,10-Q,2022-11-14,True
1853513,"Mister Car Wash, Inc.",WeightedAverageNumberDilutedSharesOutstandingAdjustment,DILUTED_SHARES_ADJUSTMENT,shares,326881152000.0,2022-07-01,2022-09-30,92,1,2022-11-14,10-Q,Q3,2022,,0000950170-22-024586,2022-11-10T23:03:22.000Z,10-Q,2022-11-14,True
1858257,"AvidXchange Holdings, Inc.",WeightedAverageNumberOfShareOutstandingBasicAndDiluted,SHARES_BASIC_DILUTED_COMBINED,shares,42526716.0,2019-01-01,2019-12-31,365,4,2022-03-14,10-K,FY,2021,CY2019,0000950170-22-003480,2022-03-12T00:15:03.000Z,10-K,2022-03-14,True
1858257,"AvidXchange Holdings, Inc.",WeightedAverageNumberOfShareOutstandingBasicAndDiluted,SHARES_BASIC_DILUTED_COMBINED,shares,48855189.0,2020-01-01,2020-09-30,274,3,2021-11-18,10-Q,Q3,2021,,0000950170-21-004742,2021-11-18T00:30:25.000Z,10-Q,2021-11-18,True
1858257,"AvidXchange Holdings, Inc.",WeightedAverageNumberOfShareOutstandingBasicAndDiluted,SHARES_BASIC_DILUTED_COMBINED,shares,55721646.0,2020-07-01,2020-09-30,92,1,2021-11-18,10-Q,Q3,2021,CY2020Q3,0000950170-21-004742,2021-11-18T00:30:25.000Z,10-Q,2021-11-18,True
1858257,"AvidXchange Holdings, Inc.",WeightedAverageNumberOfShareOutstandingBasicAndDiluted,SHARES_BASIC_DILUTED_COMBINED,shares,49738252.0,2020-01-01,2020-12-31,366,4,2022-03-14,10-K,FY,2021,CY2020,0000950170-22-003480,2022-03-12T00:15:03.000Z,10-K,2022-03-14,True
1858257,"AvidXchange Holdings, Inc.",WeightedAverageNumberOfShareOutstandingBasicAndDiluted,SHARES_BASIC_DILUTED_COMBINED,shares,52057532.0,2021-01-01,2021-03-31,90,1,2022-05-06,10-Q,Q1,2022,CY2021Q1,0000950170-22-008149,2022-05-06T20:53:17.000Z,10-Q,2022-05-06,True
1858257,"AvidXchange Holdings, Inc.",WeightedAverageNumberOfShareOutstandingBasicAndDiluted,SHARES_BASIC_DILUTED_COMBINED,shares,54617200.0,2021-01-01,2021-09-30,273,3,2021-11-18,10-Q,Q3,2021,,0000950170-21-004742,2021-11-18T00:30:25.000Z,10-Q,2021-11-18,True
1858257,"AvidXchange Holdings, Inc.",WeightedAverageNumberOfShareOutstandingBasicAndDiluted,SHARES_BASIC_DILUTED_COMBINED,shares,57174627.0,2021-07-01,2021-09-30,92,1,2021-11-18,10-Q,Q3,2021,CY2021Q3,0000950170-21-004742,2021-11-18T00:30:25.000Z,10-Q,2021-11-18,True
1858257,"AvidXchange Holdings, Inc.",WeightedAverageNumberOfShareOutstandingBasicAndDiluted,SHARES_BASIC_DILUTED_COMBINED,shares,85061417.0,2021-01-01,2021-12-31,365,4,2022-03-14,10-K,FY,2021,CY2021,0000950170-22-003480,2022-03-12T00:15:03.000Z,10-K,2022-03-14,True
1858257,"AvidXchange Holdings, Inc.",WeightedAverageNumberOfShareOutstandingBasicAndDiluted,SHARES_BASIC_DILUTED_COMBINED,shares,197017555.0,2022-01-01,2022-03-31,90,1,2022-05-06,10-Q,Q1,2022,CY2022Q1,0000950170-22-008149,2022-05-06T20:53:17.000Z,10-Q,2022-05-06,True
1863105,"EngageSmart, Inc.",WeightedAverageNumberDilutedSharesOutstandingAdjustment,DILUTED_SHARES_ADJUSTMENT,shares,1933508.0,2021-01-01,2021-03-31,90,1,2022-05-05,10-Q,Q1,2022,CY2021Q1,0000950170-22-007556,2022-05-05T07:13:45.000Z,10-Q,2022-05-05,True
1863105,"EngageSmart, Inc.",WeightedAverageNumberDilutedSharesOutstandingAdjustment,DILUTED_SHARES_ADJUSTMENT,shares,2545615.0,2021-01-01,2021-06-30,181,2,2022-08-04,10-Q,Q2,2022,,0000950170-22-014470,2022-08-04T07:15:21.000Z,10-Q,2022-08-04,True
1863105,"EngageSmart, Inc.",WeightedAverageNumberDilutedSharesOutstandingAdjustment,DILUTED_SHARES_ADJUSTMENT,shares,6872941.0,2022-01-01,2022-03-31,90,1,2022-05-05,10-Q,Q1,2022,,0000950170-22-007556,2022-05-05T07:13:45.000Z,10-Q,2022-05-05,True
1863105,"EngageSmart, Inc.",WeightedAverageNumberDilutedSharesOutstandingAdjustment,DILUTED_SHARES_ADJUSTMENT,shares,6413439.0,2022-01-01,2022-06-30,181,2,2022-08-04,10-Q,Q2,2022,,0000950170-22-014470,2022-08-04T07:15:21.000Z,10-Q,2022-08-04,True
1863105,"EngageSmart, Inc.",WeightedAverageNumberDilutedSharesOutstandingAdjustment,DILUTED_SHARES_ADJUSTMENT,shares,5958987.0,2022-04-01,2022-06-30,91,1,2022-08-04,10-Q,Q2,2022,,0000950170-22-014470,2022-08-04T07:15:21.000Z,10-Q,2022-08-04,True
1863105,"EngageSmart, Inc.",WeightedAverageNumberDilutedSharesOutstandingAdjustment,DILUTED_SHARES_ADJUSTMENT,shares,5868039.0,2022-01-01,2022-09-30,273,3,2022-11-03,10-Q,Q3,2022,,0000950170-22-021535,2022-11-03T07:10:19.000Z,10-Q,2022-11-03,True
1863105,"EngageSmart, Inc.",WeightedAverageNumberDilutedSharesOutstandingAdjustment,DILUTED_SHARES_ADJUSTMENT,shares,4795024.0,2022-07-01,2022-09-30,92,1,2022-11-03,10-Q,Q3,2022,,0000950170-22-021535,2022-11-03T07:10:19.000Z,10-Q,2022-11-03,True
